2025-12-15 15:19:53,546 p=19194 u=maharavo n=ansible INFO| localhost | SUCCESS => {
    "changed": false,
    "ping": "pong"
}
2025-12-15 15:20:22,874 p=19431 u=maharavo n=ansible INFO| PLAY [Test Ansible sur localhost] **********************************************
2025-12-15 15:20:22,897 p=19431 u=maharavo n=ansible INFO| TASK [Gathering Facts] *********************************************************
2025-12-15 15:20:26,630 p=19431 u=maharavo n=ansible INFO| ok: [localhost]
2025-12-15 15:20:26,635 p=19431 u=maharavo n=ansible INFO| TASK [Test de connexion (ping)] ************************************************
2025-12-15 15:20:27,288 p=19431 u=maharavo n=ansible INFO| ok: [localhost]
2025-12-15 15:20:27,344 p=19431 u=maharavo n=ansible INFO| TASK [Afficher le résultat du ping] ********************************************
2025-12-15 15:20:27,363 p=19431 u=maharavo n=ansible INFO| ok: [localhost] => {
    "msg": "✅ Connexion réussie!"
}
2025-12-15 15:20:27,368 p=19431 u=maharavo n=ansible INFO| TASK [Récupérer les informations système] **************************************
2025-12-15 15:20:27,403 p=19431 u=maharavo n=ansible WARNING| [WARNING]: Deprecation warnings can be disabled by setting `deprecation_warnings=False` in ansible.cfg.

2025-12-15 15:20:27,404 p=19431 u=maharavo n=ansible INFO| [DEPRECATION WARNING]: INJECT_FACTS_AS_VARS default to `True` is deprecated, top-level facts will not be auto injected after the change. This feature will be removed from ansible-core version 2.24.
Origin: /home/maharavo/L2/projet_ansible/test_local.yml:25:14

23     - name: Récupérer les informations système
24       debug:
25         msg: |
                ^ column 14

Use `ansible_facts["fact_name"]` (no `ansible_` prefix) instead.


2025-12-15 15:20:27,405 p=19431 u=maharavo n=ansible INFO| ok: [localhost] => {
    "msg": "📊 Informations système:\n- Hostname: customer\n- OS: Archlinux NA\n- Kernel: 6.17.9-arch1-1\n- Architecture: x86_64\n- CPU: 1 cores\n- RAM: 5812 MB\n"
}
2025-12-15 15:20:27,409 p=19431 u=maharavo n=ansible INFO| TASK [Mise à jour du cache APT (test)] *****************************************
2025-12-15 15:20:27,427 p=19431 u=maharavo n=ansible INFO| [DEPRECATION WARNING]: INJECT_FACTS_AS_VARS default to `True` is deprecated, top-level facts will not be auto injected after the change. This feature will be removed from ansible-core version 2.24.
Origin: /home/maharavo/L2/projet_ansible/test_local.yml:39:13

37         update_cache: yes
38         cache_valid_time: 3600
39       when: ansible_os_family == "Debian"
               ^ column 13

Use `ansible_facts["fact_name"]` (no `ansible_` prefix) instead.


2025-12-15 15:20:27,427 p=19431 u=maharavo n=ansible INFO| skipping: [localhost]
2025-12-15 15:20:27,456 p=19431 u=maharavo n=ansible INFO| TASK [Créer un fichier de test] ************************************************
2025-12-15 15:20:28,904 p=19431 u=maharavo n=ansible INFO| [DEPRECATION WARNING]: INJECT_FACTS_AS_VARS default to `True` is deprecated, top-level facts will not be auto injected after the change. This feature will be removed from ansible-core version 2.24.
Origin: /home/maharavo/L2/projet_ansible/test_local.yml:44:18

42     - name: Créer un fichier de test
43       copy:
44         content: |
                    ^ column 18

Use `ansible_facts["fact_name"]` (no `ansible_` prefix) instead.


2025-12-15 15:20:28,904 p=19431 u=maharavo n=ansible INFO| changed: [localhost]
2025-12-15 15:20:28,910 p=19431 u=maharavo n=ansible INFO| TASK [Vérifier que le fichier a été créé] **************************************
2025-12-15 15:20:29,494 p=19431 u=maharavo n=ansible INFO| ok: [localhost]
2025-12-15 15:20:29,498 p=19431 u=maharavo n=ansible INFO| TASK [Confirmer la création du fichier] ****************************************
2025-12-15 15:20:29,527 p=19431 u=maharavo n=ansible INFO| ok: [localhost] => {
    "msg": "✅ Fichier /tmp/ansible_test.txt créé avec succès!"
}
2025-12-15 15:20:29,532 p=19431 u=maharavo n=ansible INFO| TASK [Compter les paquets installés] *******************************************
2025-12-15 15:20:29,553 p=19431 u=maharavo n=ansible INFO| [DEPRECATION WARNING]: INJECT_FACTS_AS_VARS default to `True` is deprecated, top-level facts will not be auto injected after the change. This feature will be removed from ansible-core version 2.24.
Origin: /home/maharavo/L2/projet_ansible/test_local.yml:67:13

65       register: pkg_count
66       changed_when: false
67       when: ansible_os_family == "Debian"
               ^ column 13

Use `ansible_facts["fact_name"]` (no `ansible_` prefix) instead.


2025-12-15 15:20:29,554 p=19431 u=maharavo n=ansible INFO| skipping: [localhost]
2025-12-15 15:20:29,561 p=19431 u=maharavo n=ansible INFO| TASK [Afficher le nombre de paquets] *******************************************
2025-12-15 15:20:29,588 p=19431 u=maharavo n=ansible INFO| [DEPRECATION WARNING]: INJECT_FACTS_AS_VARS default to `True` is deprecated, top-level facts will not be auto injected after the change. This feature will be removed from ansible-core version 2.24.
Origin: /home/maharavo/L2/projet_ansible/test_local.yml:72:13

70       debug:
71         msg: '📦 Nombre de paquets installés: {{ pkg_count.stdout }}'
72       when: ansible_os_family == "Debian"
               ^ column 13

Use `ansible_facts["fact_name"]` (no `ansible_` prefix) instead.


2025-12-15 15:20:29,589 p=19431 u=maharavo n=ansible INFO| skipping: [localhost]
2025-12-15 15:20:29,596 p=19431 u=maharavo n=ansible INFO| TASK [Résumé du test] **********************************************************
2025-12-15 15:20:29,624 p=19431 u=maharavo n=ansible INFO| ok: [localhost] => {
    "msg": "\n========================================\n✅ TOUS LES TESTS ONT RÉUSSI!\n========================================\n\nVous pouvez maintenant:\n1. Ajouter des VMs ou serveurs distants dans le fichier 'hosts'\n2. Exécuter: ansible-playbook site.yml\n3. Ou lancer l'interface web: cd webapp && python3 app.py\n\n========================================\n"
}
2025-12-15 15:20:29,625 p=19431 u=maharavo n=ansible INFO| PLAY RECAP *********************************************************************
2025-12-15 15:20:29,626 p=19431 u=maharavo n=ansible INFO| localhost                  : ok=8    changed=1    unreachable=0    failed=0    skipped=3    rescued=0    ignored=0   
2025-12-15 15:26:55,085 p=22133 u=maharavo n=ansible ERROR| [ERROR]: Task failed: Failed to connect to the host via ssh: Warning: Permanently added '192.168.1.1' (ECDSA) to the list of known hosts.
** WARNING: connection is not using a post-quantum key exchange algorithm.
** This session may be vulnerable to "store now, decrypt later" attacks.
** The server may need to be upgraded. See https://openssh.com/pq.html

-----BEGIN CERTIFICATE-----
MIIB6jCCAXCgAwIBAgIMAQAAAAAAAAABGh1XMAoGCCqGSM49BAMDMBsxGTAXBgNV
BAMTEFNwYWNlWCBSb3V0ZXIgQ0EwHhcNMjQwNjA3MDAwMDAwWhcNNDQwNjA3MDAw
MDAwWjBIMQswCQYDVQQGEwJVUzEPMA0GA1UEChMGU3BhY2VYMSgwJgYDVQQDEx9S
b3V0ZXItMDEwMDAwMDAwMDAwMDAwMDAxMUExRDU3MHYwEAYHKoZIzj0CAQYFK4EE
ACIDYgAEXRZTFP0rn8/yKtjO0RZjfvbfzxKzbYvDxpgbWCVzwYZMcGrvtSPOSPYn
4VPzyWZd3ygyxEfBInLFhun7d85AhTBBX55ZXS/A/yn2884QaePBEsLbRvUp/Z43
jD9aO9UQo1AwTjAdBgNVHQ4EFgQU+6o4qZYeCTJbgsYiefKD1phzePUwHwYDVR0j
BBgwFoAUXK1XuFQFitF8QKLiv/LDgeiTQiAwDAYDVR0TBAUwAwEBADAKBggqhkjO
PQQDAwNoADBlAjEAt0CNN6rRrEe1ZRfBgLtYP1Bg7D93tuT2eF+OBfcczKfD4rly
a+pB00hcjDxDUydyAjA5pu823zm3ybto9sTCCvmDMj+gxRv0YDb4gjVOTvlDrus2
KqSBAfJHtaFU40/lnxA=
-----END CERTIFICATE-----

                                                                   +
                                                    +
                                          +    +
                                   +     +
                              +      +
   + + + + +              +     +
     +        +       +     +
        +       + +      +
           +   +      +
             +      + +                      +-------------------------+
         +      +        +                   |                         |
      +       +    +        +                |           ._.           |
    +       +         +        +             |                         |
   + + + + +             + + + + +           +-------------------------+
--------------------------------------------------------------------------------
 That day, for no particular reason, I decided to go for a little route. So I
 routed to the end of the ethernet cable. And when I got there, I thought maybe
 I'd route to the end of the dishy. And when I got there, I thought maybe I'd
 just route across the satellites. And I figured, since I route this far, maybe
 I'd just route across the space lasers. And that's what I did. I routed clear
 across the Internet. For no particular reason I just kept on going. I routed
 clear to the old Club Penguin servers. And when I got there, I figured, since
 I'd gone this far, I might as well turn around, just keep on routing. When I
 got to a firewall, I figured, since I'd gone this far, I might as well just
 turn back, keep right on routing.

  2025.12.01.mr65826                        Router-0100000000000000011A1D57
--------------------------------------------------------------------------------
admin@192.168.1.1: Permission denied (publickey,keyboard-interactive).

Task failed.
Origin: <adhoc 'ping' task>

{'action': 'ping', 'args': {}, 'timeout': 0, 'async_val': 0, 'poll': 15}

<<< caused by >>>

Failed to connect to the host via ssh: Warning: Permanently added '192.168.1.1' (ECDSA) to the list of known hosts.
** WARNING: connection is not using a post-quantum key exchange algorithm.
** This session may be vulnerable to "store now, decrypt later" attacks.
** The server may need to be upgraded. See https://openssh.com/pq.html

-----BEGIN CERTIFICATE-----
MIIB6jCCAXCgAwIBAgIMAQAAAAAAAAABGh1XMAoGCCqGSM49BAMDMBsxGTAXBgNV
BAMTEFNwYWNlWCBSb3V0ZXIgQ0EwHhcNMjQwNjA3MDAwMDAwWhcNNDQwNjA3MDAw
MDAwWjBIMQswCQYDVQQGEwJVUzEPMA0GA1UEChMGU3BhY2VYMSgwJgYDVQQDEx9S
b3V0ZXItMDEwMDAwMDAwMDAwMDAwMDAxMUExRDU3MHYwEAYHKoZIzj0CAQYFK4EE
ACIDYgAEXRZTFP0rn8/yKtjO0RZjfvbfzxKzbYvDxpgbWCVzwYZMcGrvtSPOSPYn
4VPzyWZd3ygyxEfBInLFhun7d85AhTBBX55ZXS/A/yn2884QaePBEsLbRvUp/Z43
jD9aO9UQo1AwTjAdBgNVHQ4EFgQU+6o4qZYeCTJbgsYiefKD1phzePUwHwYDVR0j
BBgwFoAUXK1XuFQFitF8QKLiv/LDgeiTQiAwDAYDVR0TBAUwAwEBADAKBggqhkjO
PQQDAwNoADBlAjEAt0CNN6rRrEe1ZRfBgLtYP1Bg7D93tuT2eF+OBfcczKfD4rly
a+pB00hcjDxDUydyAjA5pu823zm3ybto9sTCCvmDMj+gxRv0YDb4gjVOTvlDrus2
KqSBAfJHtaFU40/lnxA=
-----END CERTIFICATE-----

                                                                   +
                                                    +
                                          +    +
                                   +     +
                              +      +
   + + + + +              +     +
     +        +       +     +
        +       + +      +
           +   +      +
             +      + +                      +-------------------------+
         +      +        +                   |                         |
      +       +    +        +                |           ._.           |
    +       +         +        +             |                         |
   + + + + +             + + + + +           +-------------------------+
--------------------------------------------------------------------------------
 That day, for no particular reason, I decided to go for a little route. So I
 routed to the end of the ethernet cable. And when I got there, I thought maybe
 I'd route to the end of the dishy. And when I got there, I thought maybe I'd
 just route across the satellites. And I figured, since I route this far, maybe
 I'd just route across the space lasers. And that's what I did. I routed clear
 across the Internet. For no particular reason I just kept on going. I routed
 clear to the old Club Penguin servers. And when I got there, I figured, since
 I'd gone this far, I might as well turn around, just keep on routing. When I
 got to a firewall, I figured, since I'd gone this far, I might as well just
 turn back, keep right on routing.

  2025.12.01.mr65826                        Router-0100000000000000011A1D57
--------------------------------------------------------------------------------
admin@192.168.1.1: Permission denied (publickey,keyboard-interactive).


2025-12-15 15:26:55,087 p=22133 u=maharavo n=ansible INFO| router1 | UNREACHABLE! => {
    "changed": false,
    "msg": "Task failed: Failed to connect to the host via ssh: Warning: Permanently added '192.168.1.1' (ECDSA) to the list of known hosts.\r\n** WARNING: connection is not using a post-quantum key exchange algorithm.\r\n** This session may be vulnerable to \"store now, decrypt later\" attacks.\r\n** The server may need to be upgraded. See https://openssh.com/pq.html\r\n\n-----BEGIN CERTIFICATE-----\nMIIB6jCCAXCgAwIBAgIMAQAAAAAAAAABGh1XMAoGCCqGSM49BAMDMBsxGTAXBgNV\nBAMTEFNwYWNlWCBSb3V0ZXIgQ0EwHhcNMjQwNjA3MDAwMDAwWhcNNDQwNjA3MDAw\nMDAwWjBIMQswCQYDVQQGEwJVUzEPMA0GA1UEChMGU3BhY2VYMSgwJgYDVQQDEx9S\nb3V0ZXItMDEwMDAwMDAwMDAwMDAwMDAxMUExRDU3MHYwEAYHKoZIzj0CAQYFK4EE\nACIDYgAEXRZTFP0rn8/yKtjO0RZjfvbfzxKzbYvDxpgbWCVzwYZMcGrvtSPOSPYn\n4VPzyWZd3ygyxEfBInLFhun7d85AhTBBX55ZXS/A/yn2884QaePBEsLbRvUp/Z43\njD9aO9UQo1AwTjAdBgNVHQ4EFgQU+6o4qZYeCTJbgsYiefKD1phzePUwHwYDVR0j\nBBgwFoAUXK1XuFQFitF8QKLiv/LDgeiTQiAwDAYDVR0TBAUwAwEBADAKBggqhkjO\nPQQDAwNoADBlAjEAt0CNN6rRrEe1ZRfBgLtYP1Bg7D93tuT2eF+OBfcczKfD4rly\na+pB00hcjDxDUydyAjA5pu823zm3ybto9sTCCvmDMj+gxRv0YDb4gjVOTvlDrus2\nKqSBAfJHtaFU40/lnxA=\n-----END CERTIFICATE-----\n\n                                                                   +\n                                                    +\n                                          +    +\n                                   +     +\n                              +      +\n   + + + + +              +     +\n     +        +       +     +\n        +       + +      +\n           +   +      +\n             +      + +                      +-------------------------+\n         +      +        +                   |                         |\n      +       +    +        +                |           ._.           |\n    +       +         +        +             |                         |\n   + + + + +             + + + + +           +-------------------------+\n--------------------------------------------------------------------------------\n That day, for no particular reason, I decided to go for a little route. So I\n routed to the end of the ethernet cable. And when I got there, I thought maybe\n I'd route to the end of the dishy. And when I got there, I thought maybe I'd\n just route across the satellites. And I figured, since I route this far, maybe\n I'd just route across the space lasers. And that's what I did. I routed clear\n across the Internet. For no particular reason I just kept on going. I routed\n clear to the old Club Penguin servers. And when I got there, I figured, since\n I'd gone this far, I might as well turn around, just keep on routing. When I\n got to a firewall, I figured, since I'd gone this far, I might as well just\n turn back, keep right on routing.\n\n  2025.12.01.mr65826                        Router-0100000000000000011A1D57\n--------------------------------------------------------------------------------\nadmin@192.168.1.1: Permission denied (publickey,keyboard-interactive).",
    "unreachable": true
}
2025-12-15 15:26:57,214 p=22133 u=maharavo n=ansible ERROR| [ERROR]: Task failed: Failed to connect to the host via ssh: ssh: connect to host 192.168.1.21 port 22: No route to host

Task failed.
Origin: <adhoc 'ping' task>

{'action': 'ping', 'args': {}, 'timeout': 0, 'async_val': 0, 'poll': 15}

<<< caused by >>>

Failed to connect to the host via ssh: ssh: connect to host 192.168.1.21 port 22: No route to host


2025-12-15 15:26:57,215 p=22133 u=maharavo n=ansible INFO| pc1 | UNREACHABLE! => {
    "changed": false,
    "msg": "Task failed: Failed to connect to the host via ssh: ssh: connect to host 192.168.1.21 port 22: No route to host",
    "unreachable": true
}
2025-12-15 15:26:57,215 p=22133 u=maharavo n=ansible ERROR| [ERROR]: Task failed: Failed to connect to the host via ssh: ssh: connect to host 192.168.1.22 port 22: No route to host

Task failed.
Origin: <adhoc 'ping' task>

{'action': 'ping', 'args': {}, 'timeout': 0, 'async_val': 0, 'poll': 15}

<<< caused by >>>

Failed to connect to the host via ssh: ssh: connect to host 192.168.1.22 port 22: No route to host


2025-12-15 15:26:57,215 p=22133 u=maharavo n=ansible INFO| pc2 | UNREACHABLE! => {
    "changed": false,
    "msg": "Task failed: Failed to connect to the host via ssh: ssh: connect to host 192.168.1.22 port 22: No route to host",
    "unreachable": true
}
2025-12-15 15:28:11,979 p=22711 u=maharavo n=ansible INFO| PLAY [Maintenance complète du système] *****************************************
2025-12-15 15:28:12,002 p=22711 u=maharavo n=ansible INFO| TASK [Gathering Facts] *********************************************************
2025-12-15 15:28:12,982 p=22711 u=maharavo n=ansible ERROR| [ERROR]: Task failed: Failed to connect to the host via ssh: ** WARNING: connection is not using a post-quantum key exchange algorithm.
** This session may be vulnerable to "store now, decrypt later" attacks.
** The server may need to be upgraded. See https://openssh.com/pq.html

-----BEGIN CERTIFICATE-----
MIIB6jCCAXCgAwIBAgIMAQAAAAAAAAABGh1XMAoGCCqGSM49BAMDMBsxGTAXBgNV
BAMTEFNwYWNlWCBSb3V0ZXIgQ0EwHhcNMjQwNjA3MDAwMDAwWhcNNDQwNjA3MDAw
MDAwWjBIMQswCQYDVQQGEwJVUzEPMA0GA1UEChMGU3BhY2VYMSgwJgYDVQQDEx9S
b3V0ZXItMDEwMDAwMDAwMDAwMDAwMDAxMUExRDU3MHYwEAYHKoZIzj0CAQYFK4EE
ACIDYgAEXRZTFP0rn8/yKtjO0RZjfvbfzxKzbYvDxpgbWCVzwYZMcGrvtSPOSPYn
4VPzyWZd3ygyxEfBInLFhun7d85AhTBBX55ZXS/A/yn2884QaePBEsLbRvUp/Z43
jD9aO9UQo1AwTjAdBgNVHQ4EFgQU+6o4qZYeCTJbgsYiefKD1phzePUwHwYDVR0j
BBgwFoAUXK1XuFQFitF8QKLiv/LDgeiTQiAwDAYDVR0TBAUwAwEBADAKBggqhkjO
PQQDAwNoADBlAjEAt0CNN6rRrEe1ZRfBgLtYP1Bg7D93tuT2eF+OBfcczKfD4rly
a+pB00hcjDxDUydyAjA5pu823zm3ybto9sTCCvmDMj+gxRv0YDb4gjVOTvlDrus2
KqSBAfJHtaFU40/lnxA=
-----END CERTIFICATE-----

                                                                   +
                                                    +
                                          +    +
                                   +     +
                              +      +
   + + + + +              +     +
     +        +       +     +
        +       + +      +
           +   +      +
             +      + +                      +-------------------------+
         +      +        +                   |                         |
      +       +    +        +                |           ._.           |
    +       +         +        +             |                         |
   + + + + +             + + + + +           +-------------------------+
--------------------------------------------------------------------------------
 That day, for no particular reason, I decided to go for a little route. So I
 routed to the end of the ethernet cable. And when I got there, I thought maybe
 I'd route to the end of the dishy. And when I got there, I thought maybe I'd
 just route across the satellites. And I figured, since I route this far, maybe
 I'd just route across the space lasers. And that's what I did. I routed clear
 across the Internet. For no particular reason I just kept on going. I routed
 clear to the old Club Penguin servers. And when I got there, I figured, since
 I'd gone this far, I might as well turn around, just keep on routing. When I
 got to a firewall, I figured, since I'd gone this far, I might as well just
 turn back, keep right on routing.

  2025.12.01.mr65826                        Router-0100000000000000011A1D57
--------------------------------------------------------------------------------
admin@192.168.1.1: Permission denied (publickey,keyboard-interactive).

Task failed.

<<< caused by >>>

Failed to connect to the host via ssh: ** WARNING: connection is not using a post-quantum key exchange algorithm.
** This session may be vulnerable to "store now, decrypt later" attacks.
** The server may need to be upgraded. See https://openssh.com/pq.html

-----BEGIN CERTIFICATE-----
MIIB6jCCAXCgAwIBAgIMAQAAAAAAAAABGh1XMAoGCCqGSM49BAMDMBsxGTAXBgNV
BAMTEFNwYWNlWCBSb3V0ZXIgQ0EwHhcNMjQwNjA3MDAwMDAwWhcNNDQwNjA3MDAw
MDAwWjBIMQswCQYDVQQGEwJVUzEPMA0GA1UEChMGU3BhY2VYMSgwJgYDVQQDEx9S
b3V0ZXItMDEwMDAwMDAwMDAwMDAwMDAxMUExRDU3MHYwEAYHKoZIzj0CAQYFK4EE
ACIDYgAEXRZTFP0rn8/yKtjO0RZjfvbfzxKzbYvDxpgbWCVzwYZMcGrvtSPOSPYn
4VPzyWZd3ygyxEfBInLFhun7d85AhTBBX55ZXS/A/yn2884QaePBEsLbRvUp/Z43
jD9aO9UQo1AwTjAdBgNVHQ4EFgQU+6o4qZYeCTJbgsYiefKD1phzePUwHwYDVR0j
BBgwFoAUXK1XuFQFitF8QKLiv/LDgeiTQiAwDAYDVR0TBAUwAwEBADAKBggqhkjO
PQQDAwNoADBlAjEAt0CNN6rRrEe1ZRfBgLtYP1Bg7D93tuT2eF+OBfcczKfD4rly
a+pB00hcjDxDUydyAjA5pu823zm3ybto9sTCCvmDMj+gxRv0YDb4gjVOTvlDrus2
KqSBAfJHtaFU40/lnxA=
-----END CERTIFICATE-----

                                                                   +
                                                    +
                                          +    +
                                   +     +
                              +      +
   + + + + +              +     +
     +        +       +     +
        +       + +      +
           +   +      +
             +      + +                      +-------------------------+
         +      +        +                   |                         |
      +       +    +        +                |           ._.           |
    +       +         +        +             |                         |
   + + + + +             + + + + +           +-------------------------+
--------------------------------------------------------------------------------
 That day, for no particular reason, I decided to go for a little route. So I
 routed to the end of the ethernet cable. And when I got there, I thought maybe
 I'd route to the end of the dishy. And when I got there, I thought maybe I'd
 just route across the satellites. And I figured, since I route this far, maybe
 I'd just route across the space lasers. And that's what I did. I routed clear
 across the Internet. For no particular reason I just kept on going. I routed
 clear to the old Club Penguin servers. And when I got there, I figured, since
 I'd gone this far, I might as well turn around, just keep on routing. When I
 got to a firewall, I figured, since I'd gone this far, I might as well just
 turn back, keep right on routing.

  2025.12.01.mr65826                        Router-0100000000000000011A1D57
--------------------------------------------------------------------------------
admin@192.168.1.1: Permission denied (publickey,keyboard-interactive).


2025-12-15 15:28:12,983 p=22711 u=maharavo n=ansible INFO| fatal: [router1]: UNREACHABLE! => {"changed": false, "msg": "Task failed: Failed to connect to the host via ssh: ** WARNING: connection is not using a post-quantum key exchange algorithm.\r\n** This session may be vulnerable to \"store now, decrypt later\" attacks.\r\n** The server may need to be upgraded. See https://openssh.com/pq.html\r\n\n-----BEGIN CERTIFICATE-----\nMIIB6jCCAXCgAwIBAgIMAQAAAAAAAAABGh1XMAoGCCqGSM49BAMDMBsxGTAXBgNV\nBAMTEFNwYWNlWCBSb3V0ZXIgQ0EwHhcNMjQwNjA3MDAwMDAwWhcNNDQwNjA3MDAw\nMDAwWjBIMQswCQYDVQQGEwJVUzEPMA0GA1UEChMGU3BhY2VYMSgwJgYDVQQDEx9S\nb3V0ZXItMDEwMDAwMDAwMDAwMDAwMDAxMUExRDU3MHYwEAYHKoZIzj0CAQYFK4EE\nACIDYgAEXRZTFP0rn8/yKtjO0RZjfvbfzxKzbYvDxpgbWCVzwYZMcGrvtSPOSPYn\n4VPzyWZd3ygyxEfBInLFhun7d85AhTBBX55ZXS/A/yn2884QaePBEsLbRvUp/Z43\njD9aO9UQo1AwTjAdBgNVHQ4EFgQU+6o4qZYeCTJbgsYiefKD1phzePUwHwYDVR0j\nBBgwFoAUXK1XuFQFitF8QKLiv/LDgeiTQiAwDAYDVR0TBAUwAwEBADAKBggqhkjO\nPQQDAwNoADBlAjEAt0CNN6rRrEe1ZRfBgLtYP1Bg7D93tuT2eF+OBfcczKfD4rly\na+pB00hcjDxDUydyAjA5pu823zm3ybto9sTCCvmDMj+gxRv0YDb4gjVOTvlDrus2\nKqSBAfJHtaFU40/lnxA=\n-----END CERTIFICATE-----\n\n                                                                   +\n                                                    +\n                                          +    +\n                                   +     +\n                              +      +\n   + + + + +              +     +\n     +        +       +     +\n        +       + +      +\n           +   +      +\n             +      + +                      +-------------------------+\n         +      +        +                   |                         |\n      +       +    +        +                |           ._.           |\n    +       +         +        +             |                         |\n   + + + + +             + + + + +           +-------------------------+\n--------------------------------------------------------------------------------\n That day, for no particular reason, I decided to go for a little route. So I\n routed to the end of the ethernet cable. And when I got there, I thought maybe\n I'd route to the end of the dishy. And when I got there, I thought maybe I'd\n just route across the satellites. And I figured, since I route this far, maybe\n I'd just route across the space lasers. And that's what I did. I routed clear\n across the Internet. For no particular reason I just kept on going. I routed\n clear to the old Club Penguin servers. And when I got there, I figured, since\n I'd gone this far, I might as well turn around, just keep on routing. When I\n got to a firewall, I figured, since I'd gone this far, I might as well just\n turn back, keep right on routing.\n\n  2025.12.01.mr65826                        Router-0100000000000000011A1D57\n--------------------------------------------------------------------------------\nadmin@192.168.1.1: Permission denied (publickey,keyboard-interactive).", "unreachable": true}
2025-12-15 15:28:15,613 p=22711 u=maharavo n=ansible ERROR| [ERROR]: Task failed: Failed to connect to the host via ssh: ssh: connect to host 192.168.1.21 port 22: No route to host

Task failed.

<<< caused by >>>

Failed to connect to the host via ssh: ssh: connect to host 192.168.1.21 port 22: No route to host


2025-12-15 15:28:15,614 p=22711 u=maharavo n=ansible INFO| fatal: [pc1]: UNREACHABLE! => {"changed": false, "msg": "Task failed: Failed to connect to the host via ssh: ssh: connect to host 192.168.1.21 port 22: No route to host", "unreachable": true}
2025-12-15 15:28:15,617 p=22711 u=maharavo n=ansible ERROR| [ERROR]: Task failed: Failed to connect to the host via ssh: ssh: connect to host 192.168.1.22 port 22: No route to host

Task failed.

<<< caused by >>>

Failed to connect to the host via ssh: ssh: connect to host 192.168.1.22 port 22: No route to host


2025-12-15 15:28:15,617 p=22711 u=maharavo n=ansible INFO| fatal: [pc2]: UNREACHABLE! => {"changed": false, "msg": "Task failed: Failed to connect to the host via ssh: ssh: connect to host 192.168.1.22 port 22: No route to host", "unreachable": true}
2025-12-15 15:28:15,618 p=22711 u=maharavo n=ansible INFO| PLAY RECAP *********************************************************************
2025-12-15 15:28:15,619 p=22711 u=maharavo n=ansible INFO| pc1                        : ok=0    changed=0    unreachable=1    failed=0    skipped=0    rescued=0    ignored=0   
2025-12-15 15:28:15,619 p=22711 u=maharavo n=ansible INFO| pc2                        : ok=0    changed=0    unreachable=1    failed=0    skipped=0    rescued=0    ignored=0   
2025-12-15 15:28:15,619 p=22711 u=maharavo n=ansible INFO| router1                    : ok=0    changed=0    unreachable=1    failed=0    skipped=0    rescued=0    ignored=0   
2025-12-15 15:28:27,437 p=22765 u=maharavo n=ansible INFO| PLAY [Maintenance complète du système] *****************************************
2025-12-15 15:28:27,453 p=22765 u=maharavo n=ansible INFO| TASK [Gathering Facts] *********************************************************
2025-12-15 15:28:28,405 p=22765 u=maharavo n=ansible ERROR| [ERROR]: Task failed: Failed to connect to the host via ssh: ** WARNING: connection is not using a post-quantum key exchange algorithm.
** This session may be vulnerable to "store now, decrypt later" attacks.
** The server may need to be upgraded. See https://openssh.com/pq.html

-----BEGIN CERTIFICATE-----
MIIB6jCCAXCgAwIBAgIMAQAAAAAAAAABGh1XMAoGCCqGSM49BAMDMBsxGTAXBgNV
BAMTEFNwYWNlWCBSb3V0ZXIgQ0EwHhcNMjQwNjA3MDAwMDAwWhcNNDQwNjA3MDAw
MDAwWjBIMQswCQYDVQQGEwJVUzEPMA0GA1UEChMGU3BhY2VYMSgwJgYDVQQDEx9S
b3V0ZXItMDEwMDAwMDAwMDAwMDAwMDAxMUExRDU3MHYwEAYHKoZIzj0CAQYFK4EE
ACIDYgAEXRZTFP0rn8/yKtjO0RZjfvbfzxKzbYvDxpgbWCVzwYZMcGrvtSPOSPYn
4VPzyWZd3ygyxEfBInLFhun7d85AhTBBX55ZXS/A/yn2884QaePBEsLbRvUp/Z43
jD9aO9UQo1AwTjAdBgNVHQ4EFgQU+6o4qZYeCTJbgsYiefKD1phzePUwHwYDVR0j
BBgwFoAUXK1XuFQFitF8QKLiv/LDgeiTQiAwDAYDVR0TBAUwAwEBADAKBggqhkjO
PQQDAwNoADBlAjEAt0CNN6rRrEe1ZRfBgLtYP1Bg7D93tuT2eF+OBfcczKfD4rly
a+pB00hcjDxDUydyAjA5pu823zm3ybto9sTCCvmDMj+gxRv0YDb4gjVOTvlDrus2
KqSBAfJHtaFU40/lnxA=
-----END CERTIFICATE-----

                                                                   +
                                                    +
                                          +    +
                                   +     +
                              +      +
   + + + + +              +     +
     +        +       +     +
        +       + +      +
           +   +      +
             +      + +                      +-------------------------+
         +      +        +                   |                         |
      +       +    +        +                |           ._.           |
    +       +         +        +             |                         |
   + + + + +             + + + + +           +-------------------------+
--------------------------------------------------------------------------------
 That day, for no particular reason, I decided to go for a little route. So I
 routed to the end of the ethernet cable. And when I got there, I thought maybe
 I'd route to the end of the dishy. And when I got there, I thought maybe I'd
 just route across the satellites. And I figured, since I route this far, maybe
 I'd just route across the space lasers. And that's what I did. I routed clear
 across the Internet. For no particular reason I just kept on going. I routed
 clear to the old Club Penguin servers. And when I got there, I figured, since
 I'd gone this far, I might as well turn around, just keep on routing. When I
 got to a firewall, I figured, since I'd gone this far, I might as well just
 turn back, keep right on routing.

  2025.12.01.mr65826                        Router-0100000000000000011A1D57
--------------------------------------------------------------------------------
admin@192.168.1.1: Permission denied (publickey,keyboard-interactive).

Task failed.

<<< caused by >>>

Failed to connect to the host via ssh: ** WARNING: connection is not using a post-quantum key exchange algorithm.
** This session may be vulnerable to "store now, decrypt later" attacks.
** The server may need to be upgraded. See https://openssh.com/pq.html

-----BEGIN CERTIFICATE-----
MIIB6jCCAXCgAwIBAgIMAQAAAAAAAAABGh1XMAoGCCqGSM49BAMDMBsxGTAXBgNV
BAMTEFNwYWNlWCBSb3V0ZXIgQ0EwHhcNMjQwNjA3MDAwMDAwWhcNNDQwNjA3MDAw
MDAwWjBIMQswCQYDVQQGEwJVUzEPMA0GA1UEChMGU3BhY2VYMSgwJgYDVQQDEx9S
b3V0ZXItMDEwMDAwMDAwMDAwMDAwMDAxMUExRDU3MHYwEAYHKoZIzj0CAQYFK4EE
ACIDYgAEXRZTFP0rn8/yKtjO0RZjfvbfzxKzbYvDxpgbWCVzwYZMcGrvtSPOSPYn
4VPzyWZd3ygyxEfBInLFhun7d85AhTBBX55ZXS/A/yn2884QaePBEsLbRvUp/Z43
jD9aO9UQo1AwTjAdBgNVHQ4EFgQU+6o4qZYeCTJbgsYiefKD1phzePUwHwYDVR0j
BBgwFoAUXK1XuFQFitF8QKLiv/LDgeiTQiAwDAYDVR0TBAUwAwEBADAKBggqhkjO
PQQDAwNoADBlAjEAt0CNN6rRrEe1ZRfBgLtYP1Bg7D93tuT2eF+OBfcczKfD4rly
a+pB00hcjDxDUydyAjA5pu823zm3ybto9sTCCvmDMj+gxRv0YDb4gjVOTvlDrus2
KqSBAfJHtaFU40/lnxA=
-----END CERTIFICATE-----

                                                                   +
                                                    +
                                          +    +
                                   +     +
                              +      +
   + + + + +              +     +
     +        +       +     +
        +       + +      +
           +   +      +
             +      + +                      +-------------------------+
         +      +        +                   |                         |
      +       +    +        +                |           ._.           |
    +       +         +        +             |                         |
   + + + + +             + + + + +           +-------------------------+
--------------------------------------------------------------------------------
 That day, for no particular reason, I decided to go for a little route. So I
 routed to the end of the ethernet cable. And when I got there, I thought maybe
 I'd route to the end of the dishy. And when I got there, I thought maybe I'd
 just route across the satellites. And I figured, since I route this far, maybe
 I'd just route across the space lasers. And that's what I did. I routed clear
 across the Internet. For no particular reason I just kept on going. I routed
 clear to the old Club Penguin servers. And when I got there, I figured, since
 I'd gone this far, I might as well turn around, just keep on routing. When I
 got to a firewall, I figured, since I'd gone this far, I might as well just
 turn back, keep right on routing.

  2025.12.01.mr65826                        Router-0100000000000000011A1D57
--------------------------------------------------------------------------------
admin@192.168.1.1: Permission denied (publickey,keyboard-interactive).


2025-12-15 15:28:28,406 p=22765 u=maharavo n=ansible INFO| fatal: [router1]: UNREACHABLE! => {"changed": false, "msg": "Task failed: Failed to connect to the host via ssh: ** WARNING: connection is not using a post-quantum key exchange algorithm.\r\n** This session may be vulnerable to \"store now, decrypt later\" attacks.\r\n** The server may need to be upgraded. See https://openssh.com/pq.html\r\n\n-----BEGIN CERTIFICATE-----\nMIIB6jCCAXCgAwIBAgIMAQAAAAAAAAABGh1XMAoGCCqGSM49BAMDMBsxGTAXBgNV\nBAMTEFNwYWNlWCBSb3V0ZXIgQ0EwHhcNMjQwNjA3MDAwMDAwWhcNNDQwNjA3MDAw\nMDAwWjBIMQswCQYDVQQGEwJVUzEPMA0GA1UEChMGU3BhY2VYMSgwJgYDVQQDEx9S\nb3V0ZXItMDEwMDAwMDAwMDAwMDAwMDAxMUExRDU3MHYwEAYHKoZIzj0CAQYFK4EE\nACIDYgAEXRZTFP0rn8/yKtjO0RZjfvbfzxKzbYvDxpgbWCVzwYZMcGrvtSPOSPYn\n4VPzyWZd3ygyxEfBInLFhun7d85AhTBBX55ZXS/A/yn2884QaePBEsLbRvUp/Z43\njD9aO9UQo1AwTjAdBgNVHQ4EFgQU+6o4qZYeCTJbgsYiefKD1phzePUwHwYDVR0j\nBBgwFoAUXK1XuFQFitF8QKLiv/LDgeiTQiAwDAYDVR0TBAUwAwEBADAKBggqhkjO\nPQQDAwNoADBlAjEAt0CNN6rRrEe1ZRfBgLtYP1Bg7D93tuT2eF+OBfcczKfD4rly\na+pB00hcjDxDUydyAjA5pu823zm3ybto9sTCCvmDMj+gxRv0YDb4gjVOTvlDrus2\nKqSBAfJHtaFU40/lnxA=\n-----END CERTIFICATE-----\n\n                                                                   +\n                                                    +\n                                          +    +\n                                   +     +\n                              +      +\n   + + + + +              +     +\n     +        +       +     +\n        +       + +      +\n           +   +      +\n             +      + +                      +-------------------------+\n         +      +        +                   |                         |\n      +       +    +        +                |           ._.           |\n    +       +         +        +             |                         |\n   + + + + +             + + + + +           +-------------------------+\n--------------------------------------------------------------------------------\n That day, for no particular reason, I decided to go for a little route. So I\n routed to the end of the ethernet cable. And when I got there, I thought maybe\n I'd route to the end of the dishy. And when I got there, I thought maybe I'd\n just route across the satellites. And I figured, since I route this far, maybe\n I'd just route across the space lasers. And that's what I did. I routed clear\n across the Internet. For no particular reason I just kept on going. I routed\n clear to the old Club Penguin servers. And when I got there, I figured, since\n I'd gone this far, I might as well turn around, just keep on routing. When I\n got to a firewall, I figured, since I'd gone this far, I might as well just\n turn back, keep right on routing.\n\n  2025.12.01.mr65826                        Router-0100000000000000011A1D57\n--------------------------------------------------------------------------------\nadmin@192.168.1.1: Permission denied (publickey,keyboard-interactive).", "unreachable": true}
2025-12-15 15:28:30,970 p=22765 u=maharavo n=ansible ERROR| [ERROR]: Task failed: Failed to connect to the host via ssh: ssh: connect to host 192.168.1.21 port 22: No route to host

Task failed.

<<< caused by >>>

Failed to connect to the host via ssh: ssh: connect to host 192.168.1.21 port 22: No route to host


2025-12-15 15:28:30,971 p=22765 u=maharavo n=ansible INFO| fatal: [pc1]: UNREACHABLE! => {"changed": false, "msg": "Task failed: Failed to connect to the host via ssh: ssh: connect to host 192.168.1.21 port 22: No route to host", "unreachable": true}
2025-12-15 15:28:30,972 p=22765 u=maharavo n=ansible ERROR| [ERROR]: Task failed: Failed to connect to the host via ssh: ssh: connect to host 192.168.1.22 port 22: No route to host

Task failed.

<<< caused by >>>

Failed to connect to the host via ssh: ssh: connect to host 192.168.1.22 port 22: No route to host


2025-12-15 15:28:30,972 p=22765 u=maharavo n=ansible INFO| fatal: [pc2]: UNREACHABLE! => {"changed": false, "msg": "Task failed: Failed to connect to the host via ssh: ssh: connect to host 192.168.1.22 port 22: No route to host", "unreachable": true}
2025-12-15 15:28:30,973 p=22765 u=maharavo n=ansible INFO| PLAY RECAP *********************************************************************
2025-12-15 15:28:30,973 p=22765 u=maharavo n=ansible INFO| pc1                        : ok=0    changed=0    unreachable=1    failed=0    skipped=0    rescued=0    ignored=0   
2025-12-15 15:28:30,973 p=22765 u=maharavo n=ansible INFO| pc2                        : ok=0    changed=0    unreachable=1    failed=0    skipped=0    rescued=0    ignored=0   
2025-12-15 15:28:30,973 p=22765 u=maharavo n=ansible INFO| router1                    : ok=0    changed=0    unreachable=1    failed=0    skipped=0    rescued=0    ignored=0   
2025-12-15 15:39:13,390 p=24300 u=maharavo n=ansible INFO| {
    "_meta": {
        "hostvars": {
            "localhost": {
                "ansible_connection": "local",
                "ansible_python_interpreter": "/usr/bin/python3"
            },
            "pc1": {
                "ansible_host": "192.168.1.21",
                "ansible_user": "manda",
                "configure_network": true,
                "databases": [
                    {
                        "encoding": "utf8mb4",
                        "name": "pc1_production"
                    },
                    {
                        "encoding": "utf8mb4",
                        "name": "pc1_development"
                    }
                ],
                "db_users": [
                    {
                        "database": "pc1_production",
                        "host": "localhost",
                        "password": "{{ webapp_db_password }}",
                        "username": "pc1_admin"
                    }
                ],
                "dns": "8.8.8.8",
                "dns_secondary": "8.8.4.4",
                "gateway": "192.168.1.1",
                "install_mariadb": true,
                "interface_name": "ens33",
                "netmask": "24",
                "new_ip": "192.168.1.21"
            },
            "pc2": {
                "ansible_host": "192.168.1.22",
                "ansible_user": "mimi",
                "configure_network": true,
                "databases": [
                    {
                        "encoding": "utf8mb4",
                        "name": "pc2_production"
                    },
                    {
                        "encoding": "utf8mb4",
                        "name": "pc2_backup"
                    }
                ],
                "db_users": [
                    {
                        "database": "pc2_production",
                        "host": "localhost",
                        "password": "{{ webapp_db_password }}",
                        "username": "pc2_admin"
                    }
                ],
                "dns": "8.8.8.8",
                "dns_secondary": "8.8.4.4",
                "gateway": "192.168.1.1",
                "install_mariadb": true,
                "interface_name": "ens33",
                "netmask": "24",
                "new_ip": "192.168.1.22"
            },
            "router1": {
                "ansible_host": "192.168.1.1",
                "ansible_user": "admin",
                "configure_network": false,
                "databases": [
                    {
                        "collation": "utf8mb4_general_ci",
                        "encoding": "utf8mb4",
                        "name": "webapp_db"
                    },
                    {
                        "collation": "utf8mb4_general_ci",
                        "encoding": "utf8mb4",
                        "name": "monitoring_db"
                    }
                ],
                "db_users": [
                    {
                        "database": "webapp_db",
                        "host": "localhost",
                        "password": "{{ webapp_db_password }}",
                        "username": "webapp_user"
                    },
                    {
                        "database": "monitoring_db",
                        "host": "localhost",
                        "password": "{{ monitor_db_password }}",
                        "username": "monitor_user"
                    }
                ],
                "dns": "8.8.8.8",
                "dns_secondary": "8.8.4.4",
                "install_mariadb": false,
                "netmask": "24"
            }
        },
        "profile": "inventory_legacy"
    },
    "all": {
        "children": [
            "ungrouped",
            "all_servers"
        ]
    },
    "all_servers": {
        "children": [
            "local",
            "remote"
        ]
    },
    "local": {
        "hosts": [
            "localhost"
        ]
    },
    "remote": {
        "hosts": [
            "pc1",
            "pc2",
            "router1"
        ]
    }
}
2025-12-15 15:39:32,236 p=24472 u=maharavo n=ansible INFO| localhost | SUCCESS => {
    "changed": false,
    "ping": "pong"
}
2025-12-15 15:49:17,869 p=24735 u=maharavo n=ansible INFO| PLAY [Test Simple sur mon PC] *******************************************************
2025-12-15 15:49:17,886 p=24735 u=maharavo n=ansible INFO| TASK [Gathering Facts] **************************************************************
2025-12-15 15:49:19,739 p=24735 u=maharavo n=ansible INFO| ok: [localhost]
2025-12-15 15:49:19,811 p=24735 u=maharavo n=ansible INFO| TASK [Étape 1 - Dire bonjour] *******************************************************
2025-12-15 15:49:19,831 p=24735 u=maharavo n=ansible INFO| ok: [localhost] => {
    "msg": "👋 Bonjour! Ansible fonctionne sur votre PC!"
}
2025-12-15 15:49:19,835 p=24735 u=maharavo n=ansible INFO| TASK [Étape 2 - Afficher la date actuelle] ******************************************
2025-12-15 15:49:20,583 p=24735 u=maharavo n=ansible INFO| ok: [localhost]
2025-12-15 15:49:20,588 p=24735 u=maharavo n=ansible INFO| TASK [Étape 2 - Résultat] ***********************************************************
2025-12-15 15:49:20,608 p=24735 u=maharavo n=ansible INFO| ok: [localhost] => {
    "msg": "📅 Date actuelle: Mon Dec 15 03:49:20 PM EAT 2025"
}
2025-12-15 15:49:20,612 p=24735 u=maharavo n=ansible INFO| TASK [Étape 3 - Vérifier l'espace disque] *******************************************
2025-12-15 15:49:21,159 p=24735 u=maharavo n=ansible INFO| ok: [localhost]
2025-12-15 15:49:21,164 p=24735 u=maharavo n=ansible INFO| TASK [Étape 3 - Résultat] ***********************************************************
2025-12-15 15:49:21,189 p=24735 u=maharavo n=ansible INFO| ok: [localhost] => {
    "msg": "💾 Espace disque:\nFilesystem      Size  Used Avail Use% Mounted on\n/dev/sda3       140G  122G   16G  89% /"
}
2025-12-15 15:49:21,254 p=24735 u=maharavo n=ansible INFO| TASK [Étape 4 - Créer un fichier de test] *******************************************
2025-12-15 15:49:22,649 p=24735 u=maharavo n=ansible WARNING| [WARNING]: Deprecation warnings can be disabled by setting `deprecation_warnings=False` in ansible.cfg.

2025-12-15 15:49:22,650 p=24735 u=maharavo n=ansible INFO| [DEPRECATION WARNING]: INJECT_FACTS_AS_VARS default to `True` is deprecated, top-level facts will not be auto injected after the change. This feature will be removed from ansible-core version 2.24.
Origin: /home/maharavo/L2/projet_ansible/test_simple.yml:54:18

52     - name: 'Étape 4 - Créer un fichier de test'
53       copy:
54         content: |
                    ^ column 18

Use `ansible_facts["fact_name"]` (no `ansible_` prefix) instead.


2025-12-15 15:49:22,650 p=24735 u=maharavo n=ansible INFO| changed: [localhost]
2025-12-15 15:49:22,656 p=24735 u=maharavo n=ansible INFO| TASK [Étape 4 - Confirmer la création] **********************************************
2025-12-15 15:49:22,680 p=24735 u=maharavo n=ansible INFO| ok: [localhost] => {
    "msg": "📄 Fichier /tmp/test_ansible.txt créé avec succès!"
}
2025-12-15 15:49:22,684 p=24735 u=maharavo n=ansible INFO| TASK [Étape 5 - Lire le fichier créé] ***********************************************
2025-12-15 15:49:23,152 p=24735 u=maharavo n=ansible INFO| ok: [localhost]
2025-12-15 15:49:23,157 p=24735 u=maharavo n=ansible INFO| TASK [Étape 5 - Contenu du fichier] *************************************************
2025-12-15 15:49:23,183 p=24735 u=maharavo n=ansible INFO| ok: [localhost] => {
    "msg": "📖 Contenu:\nCe fichier a été créé par Ansible!\nDate de création: 2025-12-15T12:49:19Z\nNom de l'ordinateur: customer"
}
2025-12-15 15:49:23,187 p=24735 u=maharavo n=ansible INFO| TASK [🎉 TEST TERMINÉ] **************************************************************
2025-12-15 15:49:23,211 p=24735 u=maharavo n=ansible INFO| ok: [localhost] => {
    "msg": "\n╔════════════════════════════════════════╗\n║     ✅ TOUS LES TESTS ONT RÉUSSI!     ║\n╠════════════════════════════════════════╣\n║                                        ║\n║  Vous avez appris que Ansible peut:   ║\n║  • Afficher des messages              ║\n║  • Exécuter des commandes             ║\n║  • Créer des fichiers                 ║\n║  • Lire des fichiers                  ║\n║                                        ║\n║  Prochaine étape:                     ║\n║  Créer des machines virtuelles        ║\n║  pour tester sur plusieurs PCs!       ║\n║                                        ║\n╚════════════════════════════════════════╝\n"
}
2025-12-15 15:49:23,212 p=24735 u=maharavo n=ansible INFO| PLAY RECAP **************************************************************************
2025-12-15 15:49:23,213 p=24735 u=maharavo n=ansible INFO| localhost                  : ok=11   changed=1    unreachable=0    failed=0    skipped=0    rescued=0    ignored=0   
2025-12-15 15:58:49,417 p=27430 u=maharavo n=ansible INFO| Starting galaxy collection install process
2025-12-15 15:58:51,490 p=27430 u=maharavo n=ansible INFO| Nothing to do. All requested collections are already installed. If you want to reinstall them, consider using `--force`.
2025-12-15 15:59:18,330 p=27749 u=maharavo n=ansible INFO| Starting galaxy collection install process
2025-12-15 15:59:18,613 p=27749 u=maharavo n=ansible INFO| Process install dependency map
2025-12-15 15:59:18,617 p=27749 u=maharavo n=ansible INFO| |
2025-12-15 15:59:18,717 p=27749 u=maharavo n=ansible INFO| /
2025-12-15 15:59:18,820 p=27749 u=maharavo n=ansible INFO| -
2025-12-15 15:59:18,921 p=27749 u=maharavo n=ansible INFO| \
2025-12-15 15:59:19,021 p=27749 u=maharavo n=ansible INFO| |
2025-12-15 15:59:19,122 p=27749 u=maharavo n=ansible INFO| /
2025-12-15 15:59:19,222 p=27749 u=maharavo n=ansible INFO| -
2025-12-15 15:59:19,324 p=27749 u=maharavo n=ansible INFO| \
2025-12-15 15:59:19,426 p=27749 u=maharavo n=ansible INFO| |
2025-12-15 15:59:19,527 p=27749 u=maharavo n=ansible INFO| /
2025-12-15 15:59:19,629 p=27749 u=maharavo n=ansible INFO| -
2025-12-15 15:59:19,729 p=27749 u=maharavo n=ansible INFO| \
2025-12-15 15:59:19,830 p=27749 u=maharavo n=ansible INFO| |
2025-12-15 15:59:19,931 p=27749 u=maharavo n=ansible INFO| /
2025-12-15 15:59:20,033 p=27749 u=maharavo n=ansible INFO| -
2025-12-15 15:59:20,133 p=27749 u=maharavo n=ansible INFO| \
2025-12-15 15:59:20,234 p=27749 u=maharavo n=ansible INFO| |
2025-12-15 15:59:20,334 p=27749 u=maharavo n=ansible INFO| /
2025-12-15 15:59:20,468 p=27749 u=maharavo n=ansible INFO| -
2025-12-15 15:59:20,568 p=27749 u=maharavo n=ansible INFO| \
2025-12-15 15:59:20,669 p=27749 u=maharavo n=ansible INFO| |
2025-12-15 15:59:20,769 p=27749 u=maharavo n=ansible INFO| /
2025-12-15 15:59:20,869 p=27749 u=maharavo n=ansible INFO| -
2025-12-15 15:59:20,970 p=27749 u=maharavo n=ansible INFO| \
2025-12-15 15:59:21,070 p=27749 u=maharavo n=ansible INFO| |
2025-12-15 15:59:21,171 p=27749 u=maharavo n=ansible INFO| /
2025-12-15 15:59:21,272 p=27749 u=maharavo n=ansible INFO| -
2025-12-15 15:59:21,372 p=27749 u=maharavo n=ansible INFO| \
2025-12-15 15:59:21,472 p=27749 u=maharavo n=ansible INFO| |
2025-12-15 15:59:21,573 p=27749 u=maharavo n=ansible INFO| /
2025-12-15 15:59:21,673 p=27749 u=maharavo n=ansible INFO| -
2025-12-15 15:59:21,775 p=27749 u=maharavo n=ansible INFO| \
2025-12-15 15:59:21,875 p=27749 u=maharavo n=ansible INFO| |
2025-12-15 15:59:21,976 p=27749 u=maharavo n=ansible INFO| /
2025-12-15 15:59:22,076 p=27749 u=maharavo n=ansible INFO| -
2025-12-15 15:59:22,177 p=27749 u=maharavo n=ansible INFO| \
2025-12-15 15:59:22,278 p=27749 u=maharavo n=ansible INFO| |
2025-12-15 15:59:22,378 p=27749 u=maharavo n=ansible INFO| /
2025-12-15 15:59:22,479 p=27749 u=maharavo n=ansible INFO| -
2025-12-15 15:59:22,579 p=27749 u=maharavo n=ansible INFO| \
2025-12-15 15:59:22,679 p=27749 u=maharavo n=ansible INFO| |
2025-12-15 15:59:22,780 p=27749 u=maharavo n=ansible INFO| /
2025-12-15 15:59:22,880 p=27749 u=maharavo n=ansible INFO| -
2025-12-15 15:59:22,981 p=27749 u=maharavo n=ansible INFO| \
2025-12-15 15:59:23,081 p=27749 u=maharavo n=ansible INFO| |
2025-12-15 15:59:23,181 p=27749 u=maharavo n=ansible INFO| /
2025-12-15 15:59:23,282 p=27749 u=maharavo n=ansible INFO| -
2025-12-15 15:59:23,382 p=27749 u=maharavo n=ansible INFO| \
2025-12-15 15:59:23,483 p=27749 u=maharavo n=ansible INFO| |
2025-12-15 15:59:23,583 p=27749 u=maharavo n=ansible INFO| /
2025-12-15 15:59:23,684 p=27749 u=maharavo n=ansible INFO| -
2025-12-15 15:59:23,784 p=27749 u=maharavo n=ansible INFO| \
2025-12-15 15:59:23,884 p=27749 u=maharavo n=ansible INFO| |
2025-12-15 15:59:23,985 p=27749 u=maharavo n=ansible INFO| /
2025-12-15 15:59:24,085 p=27749 u=maharavo n=ansible INFO| -
2025-12-15 15:59:24,185 p=27749 u=maharavo n=ansible INFO| \
2025-12-15 15:59:24,286 p=27749 u=maharavo n=ansible INFO| |
2025-12-15 15:59:24,386 p=27749 u=maharavo n=ansible INFO| /
2025-12-15 15:59:24,486 p=27749 u=maharavo n=ansible INFO| -
2025-12-15 15:59:24,587 p=27749 u=maharavo n=ansible INFO| \
2025-12-15 15:59:24,687 p=27749 u=maharavo n=ansible INFO| |
2025-12-15 15:59:24,787 p=27749 u=maharavo n=ansible INFO| /
2025-12-15 15:59:24,888 p=27749 u=maharavo n=ansible INFO| -
2025-12-15 15:59:24,990 p=27749 u=maharavo n=ansible INFO| \
2025-12-15 15:59:25,090 p=27749 u=maharavo n=ansible INFO| |
2025-12-15 15:59:25,190 p=27749 u=maharavo n=ansible INFO| /
2025-12-15 15:59:25,292 p=27749 u=maharavo n=ansible INFO| -
2025-12-15 15:59:25,392 p=27749 u=maharavo n=ansible INFO| \
2025-12-15 15:59:25,493 p=27749 u=maharavo n=ansible INFO| |
2025-12-15 15:59:25,593 p=27749 u=maharavo n=ansible INFO| /
2025-12-15 15:59:25,693 p=27749 u=maharavo n=ansible INFO| -
2025-12-15 15:59:25,794 p=27749 u=maharavo n=ansible INFO| \
2025-12-15 15:59:25,894 p=27749 u=maharavo n=ansible INFO| |
2025-12-15 15:59:25,995 p=27749 u=maharavo n=ansible INFO| /
2025-12-15 15:59:26,097 p=27749 u=maharavo n=ansible INFO| -
2025-12-15 15:59:26,199 p=27749 u=maharavo n=ansible INFO| \
2025-12-15 15:59:26,299 p=27749 u=maharavo n=ansible INFO| |
2025-12-15 15:59:26,400 p=27749 u=maharavo n=ansible INFO| /
2025-12-15 15:59:26,500 p=27749 u=maharavo n=ansible INFO| -
2025-12-15 15:59:26,601 p=27749 u=maharavo n=ansible INFO| \
2025-12-15 15:59:26,702 p=27749 u=maharavo n=ansible INFO| |
2025-12-15 15:59:26,802 p=27749 u=maharavo n=ansible INFO| /
2025-12-15 15:59:26,902 p=27749 u=maharavo n=ansible INFO| -
2025-12-15 15:59:27,003 p=27749 u=maharavo n=ansible INFO| \
2025-12-15 15:59:27,104 p=27749 u=maharavo n=ansible INFO| |
2025-12-15 15:59:27,204 p=27749 u=maharavo n=ansible INFO| /
2025-12-15 15:59:27,304 p=27749 u=maharavo n=ansible INFO| -
2025-12-15 15:59:27,404 p=27749 u=maharavo n=ansible INFO| \
2025-12-15 15:59:27,505 p=27749 u=maharavo n=ansible INFO| |
2025-12-15 15:59:27,605 p=27749 u=maharavo n=ansible INFO| /
2025-12-15 15:59:27,706 p=27749 u=maharavo n=ansible INFO| -
2025-12-15 15:59:27,806 p=27749 u=maharavo n=ansible INFO| \
2025-12-15 15:59:27,907 p=27749 u=maharavo n=ansible INFO| |
2025-12-15 15:59:28,007 p=27749 u=maharavo n=ansible INFO| /
2025-12-15 15:59:28,108 p=27749 u=maharavo n=ansible INFO| -
2025-12-15 15:59:28,208 p=27749 u=maharavo n=ansible INFO| \
2025-12-15 15:59:28,309 p=27749 u=maharavo n=ansible INFO| |
2025-12-15 15:59:28,410 p=27749 u=maharavo n=ansible INFO| /
2025-12-15 15:59:28,510 p=27749 u=maharavo n=ansible INFO| -
2025-12-15 15:59:28,611 p=27749 u=maharavo n=ansible INFO| \
2025-12-15 15:59:28,712 p=27749 u=maharavo n=ansible INFO| |
2025-12-15 15:59:28,813 p=27749 u=maharavo n=ansible INFO| /
2025-12-15 15:59:28,914 p=27749 u=maharavo n=ansible INFO| -
2025-12-15 15:59:29,015 p=27749 u=maharavo n=ansible INFO| \
2025-12-15 15:59:29,115 p=27749 u=maharavo n=ansible INFO| |
2025-12-15 15:59:29,216 p=27749 u=maharavo n=ansible INFO| /
2025-12-15 15:59:29,316 p=27749 u=maharavo n=ansible INFO| -
2025-12-15 15:59:29,417 p=27749 u=maharavo n=ansible INFO| \
2025-12-15 15:59:29,518 p=27749 u=maharavo n=ansible INFO| |
2025-12-15 15:59:29,618 p=27749 u=maharavo n=ansible INFO| /
2025-12-15 15:59:29,719 p=27749 u=maharavo n=ansible INFO| -
2025-12-15 15:59:29,819 p=27749 u=maharavo n=ansible INFO| \
2025-12-15 15:59:29,920 p=27749 u=maharavo n=ansible INFO| |
2025-12-15 15:59:30,020 p=27749 u=maharavo n=ansible INFO| /
2025-12-15 15:59:30,121 p=27749 u=maharavo n=ansible INFO| -
2025-12-15 15:59:30,221 p=27749 u=maharavo n=ansible INFO| \
2025-12-15 15:59:30,322 p=27749 u=maharavo n=ansible INFO| |
2025-12-15 15:59:30,422 p=27749 u=maharavo n=ansible INFO| /
2025-12-15 15:59:30,523 p=27749 u=maharavo n=ansible INFO| -
2025-12-15 15:59:30,623 p=27749 u=maharavo n=ansible INFO| \
2025-12-15 15:59:30,723 p=27749 u=maharavo n=ansible INFO| |
2025-12-15 15:59:30,824 p=27749 u=maharavo n=ansible INFO| /
2025-12-15 15:59:30,926 p=27749 u=maharavo n=ansible INFO| -
2025-12-15 15:59:31,026 p=27749 u=maharavo n=ansible INFO| \
2025-12-15 15:59:31,127 p=27749 u=maharavo n=ansible INFO| |
2025-12-15 15:59:31,227 p=27749 u=maharavo n=ansible INFO| /
2025-12-15 15:59:31,327 p=27749 u=maharavo n=ansible INFO| -
2025-12-15 15:59:31,428 p=27749 u=maharavo n=ansible INFO| \
2025-12-15 15:59:31,529 p=27749 u=maharavo n=ansible INFO| |
2025-12-15 15:59:31,630 p=27749 u=maharavo n=ansible INFO| /
2025-12-15 15:59:31,731 p=27749 u=maharavo n=ansible INFO| -
2025-12-15 15:59:31,831 p=27749 u=maharavo n=ansible INFO| \
2025-12-15 15:59:31,932 p=27749 u=maharavo n=ansible INFO| |
2025-12-15 15:59:32,032 p=27749 u=maharavo n=ansible INFO| /
2025-12-15 15:59:32,133 p=27749 u=maharavo n=ansible INFO| -
2025-12-15 15:59:32,234 p=27749 u=maharavo n=ansible INFO| \
2025-12-15 15:59:32,335 p=27749 u=maharavo n=ansible INFO| |
2025-12-15 15:59:32,435 p=27749 u=maharavo n=ansible INFO| /
2025-12-15 15:59:32,536 p=27749 u=maharavo n=ansible INFO| -
2025-12-15 15:59:32,636 p=27749 u=maharavo n=ansible INFO| \
2025-12-15 15:59:32,737 p=27749 u=maharavo n=ansible INFO| |
2025-12-15 15:59:32,837 p=27749 u=maharavo n=ansible INFO| /
2025-12-15 15:59:32,937 p=27749 u=maharavo n=ansible INFO| -
2025-12-15 15:59:33,038 p=27749 u=maharavo n=ansible INFO| \
2025-12-15 15:59:33,138 p=27749 u=maharavo n=ansible INFO| |
2025-12-15 15:59:33,239 p=27749 u=maharavo n=ansible INFO| /
2025-12-15 15:59:33,339 p=27749 u=maharavo n=ansible INFO| -
2025-12-15 15:59:33,440 p=27749 u=maharavo n=ansible INFO| \
2025-12-15 15:59:33,540 p=27749 u=maharavo n=ansible INFO| |
2025-12-15 15:59:33,641 p=27749 u=maharavo n=ansible INFO| /
2025-12-15 15:59:33,741 p=27749 u=maharavo n=ansible INFO| -
2025-12-15 15:59:33,842 p=27749 u=maharavo n=ansible INFO| \
2025-12-15 15:59:33,943 p=27749 u=maharavo n=ansible INFO| |
2025-12-15 15:59:34,044 p=27749 u=maharavo n=ansible INFO| /
2025-12-15 15:59:34,144 p=27749 u=maharavo n=ansible INFO| -
2025-12-15 15:59:34,245 p=27749 u=maharavo n=ansible INFO| \
2025-12-15 15:59:34,346 p=27749 u=maharavo n=ansible INFO| |
2025-12-15 15:59:34,447 p=27749 u=maharavo n=ansible INFO| /
2025-12-15 15:59:34,548 p=27749 u=maharavo n=ansible INFO| -
2025-12-15 15:59:34,649 p=27749 u=maharavo n=ansible INFO| \
2025-12-15 15:59:34,749 p=27749 u=maharavo n=ansible INFO| |
2025-12-15 15:59:34,849 p=27749 u=maharavo n=ansible INFO| /
2025-12-15 15:59:34,950 p=27749 u=maharavo n=ansible INFO| -
2025-12-15 15:59:35,051 p=27749 u=maharavo n=ansible INFO| \
2025-12-15 15:59:35,151 p=27749 u=maharavo n=ansible INFO| |
2025-12-15 15:59:35,252 p=27749 u=maharavo n=ansible INFO| /
2025-12-15 15:59:35,353 p=27749 u=maharavo n=ansible INFO| -
2025-12-15 15:59:35,453 p=27749 u=maharavo n=ansible INFO| \
2025-12-15 15:59:35,553 p=27749 u=maharavo n=ansible INFO| |
2025-12-15 15:59:35,654 p=27749 u=maharavo n=ansible INFO| /
2025-12-15 15:59:35,754 p=27749 u=maharavo n=ansible INFO| -
2025-12-15 15:59:35,855 p=27749 u=maharavo n=ansible INFO| \
2025-12-15 15:59:35,956 p=27749 u=maharavo n=ansible INFO| |
2025-12-15 15:59:36,057 p=27749 u=maharavo n=ansible INFO| /
2025-12-15 15:59:36,157 p=27749 u=maharavo n=ansible INFO| -
2025-12-15 15:59:36,257 p=27749 u=maharavo n=ansible INFO| \
2025-12-15 15:59:36,358 p=27749 u=maharavo n=ansible INFO| |
2025-12-15 15:59:36,458 p=27749 u=maharavo n=ansible INFO| /
2025-12-15 15:59:36,559 p=27749 u=maharavo n=ansible INFO| -
2025-12-15 15:59:36,660 p=27749 u=maharavo n=ansible INFO| \
2025-12-15 15:59:36,760 p=27749 u=maharavo n=ansible INFO| |
2025-12-15 15:59:36,861 p=27749 u=maharavo n=ansible INFO| /
2025-12-15 15:59:36,961 p=27749 u=maharavo n=ansible INFO| -
2025-12-15 15:59:37,062 p=27749 u=maharavo n=ansible INFO| \
2025-12-15 15:59:37,163 p=27749 u=maharavo n=ansible INFO| |
2025-12-15 15:59:37,263 p=27749 u=maharavo n=ansible INFO| /
2025-12-15 15:59:37,364 p=27749 u=maharavo n=ansible INFO| -
2025-12-15 15:59:37,464 p=27749 u=maharavo n=ansible INFO| \
2025-12-15 15:59:37,566 p=27749 u=maharavo n=ansible INFO| |
2025-12-15 15:59:37,667 p=27749 u=maharavo n=ansible INFO| /
2025-12-15 15:59:37,767 p=27749 u=maharavo n=ansible INFO| -
2025-12-15 15:59:37,868 p=27749 u=maharavo n=ansible INFO| \
2025-12-15 15:59:37,968 p=27749 u=maharavo n=ansible INFO| |
2025-12-15 15:59:38,068 p=27749 u=maharavo n=ansible INFO| /
2025-12-15 15:59:38,168 p=27749 u=maharavo n=ansible INFO| -
2025-12-15 15:59:38,269 p=27749 u=maharavo n=ansible INFO| \
2025-12-15 15:59:38,369 p=27749 u=maharavo n=ansible INFO| |
2025-12-15 15:59:38,469 p=27749 u=maharavo n=ansible INFO| /
2025-12-15 15:59:38,570 p=27749 u=maharavo n=ansible INFO| -
2025-12-15 15:59:38,670 p=27749 u=maharavo n=ansible INFO| \
2025-12-15 15:59:38,770 p=27749 u=maharavo n=ansible INFO| |
2025-12-15 15:59:38,871 p=27749 u=maharavo n=ansible INFO| /
2025-12-15 15:59:38,971 p=27749 u=maharavo n=ansible INFO| -
2025-12-15 15:59:39,071 p=27749 u=maharavo n=ansible INFO| \
2025-12-15 15:59:39,172 p=27749 u=maharavo n=ansible INFO| |
2025-12-15 15:59:39,272 p=27749 u=maharavo n=ansible INFO| /
2025-12-15 15:59:39,372 p=27749 u=maharavo n=ansible INFO| -
2025-12-15 15:59:39,472 p=27749 u=maharavo n=ansible INFO| \
2025-12-15 15:59:39,573 p=27749 u=maharavo n=ansible INFO| |
2025-12-15 15:59:39,673 p=27749 u=maharavo n=ansible INFO| /
2025-12-15 15:59:39,774 p=27749 u=maharavo n=ansible INFO| -
2025-12-15 15:59:39,874 p=27749 u=maharavo n=ansible INFO| \
2025-12-15 15:59:39,976 p=27749 u=maharavo n=ansible INFO| |
2025-12-15 15:59:40,076 p=27749 u=maharavo n=ansible INFO| /
2025-12-15 15:59:40,176 p=27749 u=maharavo n=ansible INFO| -
2025-12-15 15:59:40,277 p=27749 u=maharavo n=ansible INFO| \
2025-12-15 15:59:40,378 p=27749 u=maharavo n=ansible INFO| |
2025-12-15 15:59:40,480 p=27749 u=maharavo n=ansible INFO| /
2025-12-15 15:59:40,581 p=27749 u=maharavo n=ansible INFO| -
2025-12-15 15:59:40,682 p=27749 u=maharavo n=ansible INFO| \
2025-12-15 15:59:40,782 p=27749 u=maharavo n=ansible INFO| |
2025-12-15 15:59:40,883 p=27749 u=maharavo n=ansible INFO| /
2025-12-15 15:59:40,983 p=27749 u=maharavo n=ansible INFO| -
2025-12-15 15:59:41,084 p=27749 u=maharavo n=ansible INFO| \
2025-12-15 15:59:41,184 p=27749 u=maharavo n=ansible INFO| |
2025-12-15 15:59:41,285 p=27749 u=maharavo n=ansible INFO| /
2025-12-15 15:59:41,385 p=27749 u=maharavo n=ansible INFO| -
2025-12-15 15:59:41,486 p=27749 u=maharavo n=ansible INFO| \
2025-12-15 15:59:41,586 p=27749 u=maharavo n=ansible INFO| |
2025-12-15 15:59:41,687 p=27749 u=maharavo n=ansible INFO| /
2025-12-15 15:59:41,787 p=27749 u=maharavo n=ansible INFO| -
2025-12-15 15:59:41,888 p=27749 u=maharavo n=ansible INFO| \
2025-12-15 15:59:41,988 p=27749 u=maharavo n=ansible INFO| |
2025-12-15 15:59:42,089 p=27749 u=maharavo n=ansible INFO| /
2025-12-15 15:59:42,189 p=27749 u=maharavo n=ansible INFO| -
2025-12-15 15:59:42,289 p=27749 u=maharavo n=ansible INFO| \
2025-12-15 15:59:42,390 p=27749 u=maharavo n=ansible INFO| |
2025-12-15 15:59:42,491 p=27749 u=maharavo n=ansible INFO| /
2025-12-15 15:59:42,591 p=27749 u=maharavo n=ansible INFO| -
2025-12-15 15:59:42,691 p=27749 u=maharavo n=ansible INFO| \
2025-12-15 15:59:42,792 p=27749 u=maharavo n=ansible INFO| |
2025-12-15 15:59:42,892 p=27749 u=maharavo n=ansible INFO| /
2025-12-15 15:59:42,993 p=27749 u=maharavo n=ansible INFO| -
2025-12-15 15:59:43,094 p=27749 u=maharavo n=ansible INFO| \
2025-12-15 15:59:43,194 p=27749 u=maharavo n=ansible INFO| |
2025-12-15 15:59:43,295 p=27749 u=maharavo n=ansible INFO| /
2025-12-15 15:59:43,396 p=27749 u=maharavo n=ansible INFO| -
2025-12-15 15:59:43,496 p=27749 u=maharavo n=ansible INFO| \
2025-12-15 15:59:43,596 p=27749 u=maharavo n=ansible INFO| |
2025-12-15 15:59:43,697 p=27749 u=maharavo n=ansible INFO| /
2025-12-15 15:59:43,798 p=27749 u=maharavo n=ansible INFO| -
2025-12-15 15:59:43,898 p=27749 u=maharavo n=ansible INFO| \
2025-12-15 15:59:43,999 p=27749 u=maharavo n=ansible INFO| |
2025-12-15 15:59:44,099 p=27749 u=maharavo n=ansible INFO| /
2025-12-15 15:59:44,200 p=27749 u=maharavo n=ansible INFO| -
2025-12-15 15:59:44,300 p=27749 u=maharavo n=ansible INFO| \
2025-12-15 15:59:44,401 p=27749 u=maharavo n=ansible INFO| |
2025-12-15 15:59:44,501 p=27749 u=maharavo n=ansible INFO| /
2025-12-15 15:59:44,602 p=27749 u=maharavo n=ansible INFO| -
2025-12-15 15:59:44,702 p=27749 u=maharavo n=ansible INFO| \
2025-12-15 15:59:44,803 p=27749 u=maharavo n=ansible INFO| |
2025-12-15 15:59:44,903 p=27749 u=maharavo n=ansible INFO| /
2025-12-15 15:59:45,004 p=27749 u=maharavo n=ansible INFO| -
2025-12-15 15:59:45,104 p=27749 u=maharavo n=ansible INFO| \
2025-12-15 15:59:45,206 p=27749 u=maharavo n=ansible INFO| |
2025-12-15 15:59:45,306 p=27749 u=maharavo n=ansible INFO| /
2025-12-15 15:59:45,407 p=27749 u=maharavo n=ansible INFO| -
2025-12-15 15:59:45,507 p=27749 u=maharavo n=ansible INFO| \
2025-12-15 15:59:45,608 p=27749 u=maharavo n=ansible INFO| |
2025-12-15 15:59:45,708 p=27749 u=maharavo n=ansible INFO| /
2025-12-15 15:59:45,809 p=27749 u=maharavo n=ansible INFO| -
2025-12-15 15:59:45,909 p=27749 u=maharavo n=ansible INFO| \
2025-12-15 15:59:46,010 p=27749 u=maharavo n=ansible INFO| |
2025-12-15 15:59:46,111 p=27749 u=maharavo n=ansible INFO| /
2025-12-15 15:59:46,212 p=27749 u=maharavo n=ansible INFO| -
2025-12-15 15:59:46,313 p=27749 u=maharavo n=ansible INFO| \
2025-12-15 15:59:46,413 p=27749 u=maharavo n=ansible INFO| |
2025-12-15 15:59:46,514 p=27749 u=maharavo n=ansible INFO| /
2025-12-15 15:59:46,614 p=27749 u=maharavo n=ansible INFO| -
2025-12-15 15:59:46,714 p=27749 u=maharavo n=ansible INFO| \
2025-12-15 15:59:46,815 p=27749 u=maharavo n=ansible INFO| |
2025-12-15 15:59:46,915 p=27749 u=maharavo n=ansible INFO| /
2025-12-15 15:59:47,016 p=27749 u=maharavo n=ansible INFO| -
2025-12-15 15:59:47,117 p=27749 u=maharavo n=ansible INFO| \
2025-12-15 15:59:47,217 p=27749 u=maharavo n=ansible INFO| |
2025-12-15 15:59:47,318 p=27749 u=maharavo n=ansible INFO| /
2025-12-15 15:59:47,419 p=27749 u=maharavo n=ansible INFO| -
2025-12-15 15:59:47,519 p=27749 u=maharavo n=ansible INFO| \
2025-12-15 15:59:47,619 p=27749 u=maharavo n=ansible INFO| |
2025-12-15 15:59:47,720 p=27749 u=maharavo n=ansible INFO| /
2025-12-15 15:59:47,820 p=27749 u=maharavo n=ansible INFO| -
2025-12-15 15:59:47,921 p=27749 u=maharavo n=ansible INFO| \
2025-12-15 15:59:48,021 p=27749 u=maharavo n=ansible INFO| |
2025-12-15 15:59:48,122 p=27749 u=maharavo n=ansible INFO| /
2025-12-15 15:59:48,222 p=27749 u=maharavo n=ansible INFO| -
2025-12-15 15:59:48,323 p=27749 u=maharavo n=ansible INFO| \
2025-12-15 15:59:48,423 p=27749 u=maharavo n=ansible INFO| |
2025-12-15 15:59:48,523 p=27749 u=maharavo n=ansible INFO| /
2025-12-15 15:59:48,624 p=27749 u=maharavo n=ansible INFO| -
2025-12-15 15:59:48,725 p=27749 u=maharavo n=ansible INFO| \
2025-12-15 15:59:48,825 p=27749 u=maharavo n=ansible INFO| |
2025-12-15 15:59:48,925 p=27749 u=maharavo n=ansible INFO| /
2025-12-15 15:59:49,026 p=27749 u=maharavo n=ansible INFO| -
2025-12-15 15:59:49,126 p=27749 u=maharavo n=ansible INFO| \
2025-12-15 15:59:49,227 p=27749 u=maharavo n=ansible INFO| |
2025-12-15 15:59:49,327 p=27749 u=maharavo n=ansible INFO| /
2025-12-15 15:59:49,428 p=27749 u=maharavo n=ansible INFO| -
2025-12-15 15:59:49,529 p=27749 u=maharavo n=ansible INFO| \
2025-12-15 15:59:49,629 p=27749 u=maharavo n=ansible INFO| |
2025-12-15 15:59:49,730 p=27749 u=maharavo n=ansible INFO| /
2025-12-15 15:59:49,830 p=27749 u=maharavo n=ansible INFO| -
2025-12-15 15:59:49,931 p=27749 u=maharavo n=ansible INFO| \
2025-12-15 15:59:50,031 p=27749 u=maharavo n=ansible INFO| |
2025-12-15 15:59:50,131 p=27749 u=maharavo n=ansible INFO| /
2025-12-15 15:59:50,232 p=27749 u=maharavo n=ansible INFO| -
2025-12-15 15:59:50,332 p=27749 u=maharavo n=ansible INFO| \
2025-12-15 15:59:50,433 p=27749 u=maharavo n=ansible INFO| |
2025-12-15 15:59:50,533 p=27749 u=maharavo n=ansible INFO| /
2025-12-15 15:59:50,634 p=27749 u=maharavo n=ansible INFO| -
2025-12-15 15:59:50,734 p=27749 u=maharavo n=ansible INFO| \
2025-12-15 15:59:50,835 p=27749 u=maharavo n=ansible INFO| |
2025-12-15 15:59:50,935 p=27749 u=maharavo n=ansible INFO| /
2025-12-15 15:59:51,036 p=27749 u=maharavo n=ansible INFO| -
2025-12-15 15:59:51,136 p=27749 u=maharavo n=ansible INFO| \
2025-12-15 15:59:51,237 p=27749 u=maharavo n=ansible INFO| |
2025-12-15 15:59:51,337 p=27749 u=maharavo n=ansible INFO| /
2025-12-15 15:59:51,438 p=27749 u=maharavo n=ansible INFO| -
2025-12-15 15:59:51,538 p=27749 u=maharavo n=ansible INFO| \
2025-12-15 15:59:51,639 p=27749 u=maharavo n=ansible INFO| |
2025-12-15 15:59:51,739 p=27749 u=maharavo n=ansible INFO| /
2025-12-15 15:59:51,840 p=27749 u=maharavo n=ansible INFO| -
2025-12-15 15:59:51,941 p=27749 u=maharavo n=ansible INFO| \
2025-12-15 15:59:52,041 p=27749 u=maharavo n=ansible INFO| |
2025-12-15 15:59:52,141 p=27749 u=maharavo n=ansible INFO| /
2025-12-15 15:59:52,242 p=27749 u=maharavo n=ansible INFO| -
2025-12-15 15:59:52,342 p=27749 u=maharavo n=ansible INFO| \
2025-12-15 15:59:52,442 p=27749 u=maharavo n=ansible INFO| |
2025-12-15 15:59:52,543 p=27749 u=maharavo n=ansible INFO| /
2025-12-15 15:59:52,643 p=27749 u=maharavo n=ansible INFO| -
2025-12-15 15:59:52,744 p=27749 u=maharavo n=ansible INFO| \
2025-12-15 15:59:52,844 p=27749 u=maharavo n=ansible INFO| |
2025-12-15 15:59:52,945 p=27749 u=maharavo n=ansible INFO| /
2025-12-15 15:59:53,046 p=27749 u=maharavo n=ansible INFO| -
2025-12-15 15:59:53,147 p=27749 u=maharavo n=ansible INFO| \
2025-12-15 15:59:53,247 p=27749 u=maharavo n=ansible INFO| |
2025-12-15 15:59:53,348 p=27749 u=maharavo n=ansible INFO| /
2025-12-15 15:59:53,448 p=27749 u=maharavo n=ansible INFO| -
2025-12-15 15:59:53,549 p=27749 u=maharavo n=ansible INFO| \
2025-12-15 15:59:53,650 p=27749 u=maharavo n=ansible INFO| |
2025-12-15 15:59:53,750 p=27749 u=maharavo n=ansible INFO| /
2025-12-15 15:59:53,851 p=27749 u=maharavo n=ansible INFO| -
2025-12-15 15:59:53,951 p=27749 u=maharavo n=ansible INFO| \
2025-12-15 15:59:54,052 p=27749 u=maharavo n=ansible INFO| |
2025-12-15 15:59:54,152 p=27749 u=maharavo n=ansible INFO| /
2025-12-15 15:59:54,252 p=27749 u=maharavo n=ansible INFO| -
2025-12-15 15:59:54,353 p=27749 u=maharavo n=ansible INFO| \
2025-12-15 15:59:54,453 p=27749 u=maharavo n=ansible INFO| |
2025-12-15 15:59:54,554 p=27749 u=maharavo n=ansible INFO| /
2025-12-15 15:59:54,654 p=27749 u=maharavo n=ansible INFO| -
2025-12-15 15:59:54,754 p=27749 u=maharavo n=ansible INFO| \
2025-12-15 15:59:54,855 p=27749 u=maharavo n=ansible INFO| |
2025-12-15 15:59:54,955 p=27749 u=maharavo n=ansible INFO| /
2025-12-15 15:59:55,055 p=27749 u=maharavo n=ansible INFO| -
2025-12-15 15:59:55,156 p=27749 u=maharavo n=ansible INFO| \
2025-12-15 15:59:55,256 p=27749 u=maharavo n=ansible INFO| |
2025-12-15 15:59:55,357 p=27749 u=maharavo n=ansible INFO| /
2025-12-15 15:59:55,458 p=27749 u=maharavo n=ansible INFO| -
2025-12-15 15:59:55,559 p=27749 u=maharavo n=ansible INFO| \
2025-12-15 15:59:55,659 p=27749 u=maharavo n=ansible INFO| |
2025-12-15 15:59:55,760 p=27749 u=maharavo n=ansible INFO| /
2025-12-15 15:59:55,861 p=27749 u=maharavo n=ansible INFO| -
2025-12-15 15:59:55,962 p=27749 u=maharavo n=ansible INFO| \
2025-12-15 15:59:56,062 p=27749 u=maharavo n=ansible INFO| |
2025-12-15 15:59:56,163 p=27749 u=maharavo n=ansible INFO| /
2025-12-15 15:59:56,263 p=27749 u=maharavo n=ansible INFO| -
2025-12-15 15:59:56,363 p=27749 u=maharavo n=ansible INFO| \
2025-12-15 15:59:56,464 p=27749 u=maharavo n=ansible INFO| |
2025-12-15 15:59:56,564 p=27749 u=maharavo n=ansible INFO| /
2025-12-15 15:59:56,665 p=27749 u=maharavo n=ansible INFO| -
2025-12-15 15:59:56,765 p=27749 u=maharavo n=ansible INFO| \
2025-12-15 15:59:56,866 p=27749 u=maharavo n=ansible INFO| |
2025-12-15 15:59:56,966 p=27749 u=maharavo n=ansible INFO| /
2025-12-15 15:59:57,067 p=27749 u=maharavo n=ansible INFO| -
2025-12-15 15:59:57,167 p=27749 u=maharavo n=ansible INFO| \
2025-12-15 15:59:57,268 p=27749 u=maharavo n=ansible INFO| |
2025-12-15 15:59:57,368 p=27749 u=maharavo n=ansible INFO| /
2025-12-15 15:59:57,469 p=27749 u=maharavo n=ansible INFO| -
2025-12-15 15:59:57,569 p=27749 u=maharavo n=ansible INFO| \
2025-12-15 15:59:57,670 p=27749 u=maharavo n=ansible INFO| |
2025-12-15 15:59:57,770 p=27749 u=maharavo n=ansible INFO| /
2025-12-15 15:59:57,871 p=27749 u=maharavo n=ansible INFO| -
2025-12-15 15:59:57,971 p=27749 u=maharavo n=ansible INFO| \
2025-12-15 15:59:58,072 p=27749 u=maharavo n=ansible INFO| |
2025-12-15 15:59:58,172 p=27749 u=maharavo n=ansible INFO| /
2025-12-15 15:59:58,273 p=27749 u=maharavo n=ansible INFO| -
2025-12-15 15:59:58,373 p=27749 u=maharavo n=ansible INFO| \
2025-12-15 15:59:58,474 p=27749 u=maharavo n=ansible INFO| |
2025-12-15 15:59:58,575 p=27749 u=maharavo n=ansible INFO| /
2025-12-15 15:59:58,675 p=27749 u=maharavo n=ansible INFO| -
2025-12-15 15:59:58,776 p=27749 u=maharavo n=ansible INFO| \
2025-12-15 15:59:58,879 p=27749 u=maharavo n=ansible INFO| |
2025-12-15 15:59:58,979 p=27749 u=maharavo n=ansible INFO| /
2025-12-15 15:59:59,081 p=27749 u=maharavo n=ansible INFO| -
2025-12-15 15:59:59,182 p=27749 u=maharavo n=ansible INFO| \
2025-12-15 15:59:59,282 p=27749 u=maharavo n=ansible INFO| |
2025-12-15 15:59:59,383 p=27749 u=maharavo n=ansible INFO| /
2025-12-15 15:59:59,484 p=27749 u=maharavo n=ansible INFO| -
2025-12-15 15:59:59,584 p=27749 u=maharavo n=ansible INFO| \
2025-12-15 15:59:59,685 p=27749 u=maharavo n=ansible INFO| |
2025-12-15 15:59:59,785 p=27749 u=maharavo n=ansible INFO| /
2025-12-15 15:59:59,886 p=27749 u=maharavo n=ansible INFO| -
2025-12-15 15:59:59,986 p=27749 u=maharavo n=ansible INFO| \
2025-12-15 16:00:00,086 p=27749 u=maharavo n=ansible INFO| |
2025-12-15 16:00:00,187 p=27749 u=maharavo n=ansible INFO| /
2025-12-15 16:00:00,288 p=27749 u=maharavo n=ansible INFO| -
2025-12-15 16:00:00,388 p=27749 u=maharavo n=ansible INFO| \
2025-12-15 16:00:00,489 p=27749 u=maharavo n=ansible INFO| |
2025-12-15 16:00:00,589 p=27749 u=maharavo n=ansible INFO| /
2025-12-15 16:00:00,689 p=27749 u=maharavo n=ansible INFO| -
2025-12-15 16:00:00,790 p=27749 u=maharavo n=ansible INFO| \
2025-12-15 16:00:00,891 p=27749 u=maharavo n=ansible INFO| |
2025-12-15 16:00:00,991 p=27749 u=maharavo n=ansible INFO| /
2025-12-15 16:00:01,092 p=27749 u=maharavo n=ansible INFO| -
2025-12-15 16:00:01,193 p=27749 u=maharavo n=ansible INFO| \
2025-12-15 16:00:01,293 p=27749 u=maharavo n=ansible INFO| |
2025-12-15 16:00:01,394 p=27749 u=maharavo n=ansible INFO| /
2025-12-15 16:00:01,494 p=27749 u=maharavo n=ansible INFO| -
2025-12-15 16:00:01,595 p=27749 u=maharavo n=ansible INFO| \
2025-12-15 16:00:01,695 p=27749 u=maharavo n=ansible INFO| |
2025-12-15 16:00:01,796 p=27749 u=maharavo n=ansible INFO| /
2025-12-15 16:00:01,896 p=27749 u=maharavo n=ansible INFO| -
2025-12-15 16:00:01,997 p=27749 u=maharavo n=ansible INFO| \
2025-12-15 16:00:02,097 p=27749 u=maharavo n=ansible INFO| |
2025-12-15 16:00:02,198 p=27749 u=maharavo n=ansible INFO| /
2025-12-15 16:00:02,298 p=27749 u=maharavo n=ansible INFO| -
2025-12-15 16:00:02,399 p=27749 u=maharavo n=ansible INFO| \
2025-12-15 16:00:02,500 p=27749 u=maharavo n=ansible INFO| |
2025-12-15 16:00:02,600 p=27749 u=maharavo n=ansible INFO| /
2025-12-15 16:00:02,701 p=27749 u=maharavo n=ansible INFO| -
2025-12-15 16:00:02,801 p=27749 u=maharavo n=ansible INFO| \
2025-12-15 16:00:02,902 p=27749 u=maharavo n=ansible INFO| |
2025-12-15 16:00:03,002 p=27749 u=maharavo n=ansible INFO| /
2025-12-15 16:00:03,103 p=27749 u=maharavo n=ansible INFO| -
2025-12-15 16:00:03,203 p=27749 u=maharavo n=ansible INFO| \
2025-12-15 16:00:03,303 p=27749 u=maharavo n=ansible INFO| |
2025-12-15 16:00:03,404 p=27749 u=maharavo n=ansible INFO| /
2025-12-15 16:00:03,504 p=27749 u=maharavo n=ansible INFO| -
2025-12-15 16:00:03,605 p=27749 u=maharavo n=ansible INFO| \
2025-12-15 16:00:03,706 p=27749 u=maharavo n=ansible INFO| |
2025-12-15 16:00:03,806 p=27749 u=maharavo n=ansible INFO| /
2025-12-15 16:00:03,906 p=27749 u=maharavo n=ansible INFO| -
2025-12-15 16:00:04,007 p=27749 u=maharavo n=ansible INFO| \
2025-12-15 16:00:04,107 p=27749 u=maharavo n=ansible INFO| |
2025-12-15 16:00:04,207 p=27749 u=maharavo n=ansible INFO| /
2025-12-15 16:00:04,307 p=27749 u=maharavo n=ansible INFO| -
2025-12-15 16:00:04,408 p=27749 u=maharavo n=ansible INFO| \
2025-12-15 16:00:04,509 p=27749 u=maharavo n=ansible INFO| |
2025-12-15 16:00:04,610 p=27749 u=maharavo n=ansible INFO| /
2025-12-15 16:00:04,711 p=27749 u=maharavo n=ansible INFO| -
2025-12-15 16:00:04,812 p=27749 u=maharavo n=ansible INFO| \
2025-12-15 16:00:04,912 p=27749 u=maharavo n=ansible INFO| |
2025-12-15 16:00:05,013 p=27749 u=maharavo n=ansible INFO| /
2025-12-15 16:00:05,113 p=27749 u=maharavo n=ansible INFO| -
2025-12-15 16:00:05,214 p=27749 u=maharavo n=ansible INFO| \
2025-12-15 16:00:05,314 p=27749 u=maharavo n=ansible INFO| |
2025-12-15 16:00:05,415 p=27749 u=maharavo n=ansible INFO| /
2025-12-15 16:00:05,515 p=27749 u=maharavo n=ansible INFO| -
2025-12-15 16:00:05,615 p=27749 u=maharavo n=ansible INFO| \
2025-12-15 16:00:05,716 p=27749 u=maharavo n=ansible INFO| |
2025-12-15 16:00:05,816 p=27749 u=maharavo n=ansible INFO| /
2025-12-15 16:00:05,917 p=27749 u=maharavo n=ansible INFO| -
2025-12-15 16:00:06,017 p=27749 u=maharavo n=ansible INFO| \
2025-12-15 16:00:06,118 p=27749 u=maharavo n=ansible INFO| |
2025-12-15 16:00:06,218 p=27749 u=maharavo n=ansible INFO| /
2025-12-15 16:00:06,319 p=27749 u=maharavo n=ansible INFO| -
2025-12-15 16:00:06,419 p=27749 u=maharavo n=ansible INFO| \
2025-12-15 16:00:06,519 p=27749 u=maharavo n=ansible INFO| |
2025-12-15 16:00:06,620 p=27749 u=maharavo n=ansible INFO| /
2025-12-15 16:00:06,720 p=27749 u=maharavo n=ansible INFO| -
2025-12-15 16:00:06,821 p=27749 u=maharavo n=ansible INFO| \
2025-12-15 16:00:06,922 p=27749 u=maharavo n=ansible INFO| |
2025-12-15 16:00:07,024 p=27749 u=maharavo n=ansible INFO| /
2025-12-15 16:00:07,125 p=27749 u=maharavo n=ansible INFO| -
2025-12-15 16:00:07,225 p=27749 u=maharavo n=ansible INFO| \
2025-12-15 16:00:07,325 p=27749 u=maharavo n=ansible INFO| |
2025-12-15 16:00:07,426 p=27749 u=maharavo n=ansible INFO| /
2025-12-15 16:00:07,526 p=27749 u=maharavo n=ansible INFO| -
2025-12-15 16:00:07,627 p=27749 u=maharavo n=ansible INFO| \
2025-12-15 16:00:07,727 p=27749 u=maharavo n=ansible INFO| |
2025-12-15 16:00:07,828 p=27749 u=maharavo n=ansible INFO| /
2025-12-15 16:00:07,929 p=27749 u=maharavo n=ansible INFO| -
2025-12-15 16:00:08,030 p=27749 u=maharavo n=ansible INFO| \
2025-12-15 16:00:08,130 p=27749 u=maharavo n=ansible INFO| |
2025-12-15 16:00:08,231 p=27749 u=maharavo n=ansible INFO| /
2025-12-15 16:00:08,331 p=27749 u=maharavo n=ansible INFO| -
2025-12-15 16:00:08,432 p=27749 u=maharavo n=ansible INFO| \
2025-12-15 16:00:08,532 p=27749 u=maharavo n=ansible INFO| |
2025-12-15 16:00:08,633 p=27749 u=maharavo n=ansible INFO| /
2025-12-15 16:00:08,733 p=27749 u=maharavo n=ansible INFO| -
2025-12-15 16:00:08,833 p=27749 u=maharavo n=ansible INFO| \
2025-12-15 16:00:08,934 p=27749 u=maharavo n=ansible INFO| |
2025-12-15 16:00:09,034 p=27749 u=maharavo n=ansible INFO| /
2025-12-15 16:00:09,134 p=27749 u=maharavo n=ansible INFO| -
2025-12-15 16:00:09,235 p=27749 u=maharavo n=ansible INFO| \
2025-12-15 16:00:09,335 p=27749 u=maharavo n=ansible INFO| |
2025-12-15 16:00:09,436 p=27749 u=maharavo n=ansible INFO| /
2025-12-15 16:00:09,536 p=27749 u=maharavo n=ansible INFO| -
2025-12-15 16:00:09,636 p=27749 u=maharavo n=ansible INFO| \
2025-12-15 16:00:09,737 p=27749 u=maharavo n=ansible INFO| |
2025-12-15 16:00:09,837 p=27749 u=maharavo n=ansible INFO| /
2025-12-15 16:00:09,938 p=27749 u=maharavo n=ansible INFO| -
2025-12-15 16:00:10,038 p=27749 u=maharavo n=ansible INFO| \
2025-12-15 16:00:10,139 p=27749 u=maharavo n=ansible INFO| |
2025-12-15 16:00:10,240 p=27749 u=maharavo n=ansible INFO| /
2025-12-15 16:00:10,341 p=27749 u=maharavo n=ansible INFO| -
2025-12-15 16:00:10,441 p=27749 u=maharavo n=ansible INFO| \
2025-12-15 16:00:10,542 p=27749 u=maharavo n=ansible INFO| |
2025-12-15 16:00:10,643 p=27749 u=maharavo n=ansible INFO| /
2025-12-15 16:00:10,744 p=27749 u=maharavo n=ansible INFO| -
2025-12-15 16:00:10,845 p=27749 u=maharavo n=ansible INFO| \
2025-12-15 16:00:10,945 p=27749 u=maharavo n=ansible INFO| |
2025-12-15 16:00:11,046 p=27749 u=maharavo n=ansible INFO| /
2025-12-15 16:00:11,146 p=27749 u=maharavo n=ansible INFO| -
2025-12-15 16:00:11,247 p=27749 u=maharavo n=ansible INFO| \
2025-12-15 16:00:11,347 p=27749 u=maharavo n=ansible INFO| |
2025-12-15 16:00:11,448 p=27749 u=maharavo n=ansible INFO| /
2025-12-15 16:00:11,549 p=27749 u=maharavo n=ansible INFO| -
2025-12-15 16:00:11,649 p=27749 u=maharavo n=ansible INFO| \
2025-12-15 16:00:11,750 p=27749 u=maharavo n=ansible INFO| |
2025-12-15 16:00:11,850 p=27749 u=maharavo n=ansible INFO| /
2025-12-15 16:00:11,951 p=27749 u=maharavo n=ansible INFO| -
2025-12-15 16:00:12,051 p=27749 u=maharavo n=ansible INFO| \
2025-12-15 16:00:12,152 p=27749 u=maharavo n=ansible INFO| |
2025-12-15 16:00:12,252 p=27749 u=maharavo n=ansible INFO| /
2025-12-15 16:00:12,353 p=27749 u=maharavo n=ansible INFO| -
2025-12-15 16:00:12,453 p=27749 u=maharavo n=ansible INFO| \
2025-12-15 16:00:12,553 p=27749 u=maharavo n=ansible INFO| |
2025-12-15 16:00:12,654 p=27749 u=maharavo n=ansible INFO| /
2025-12-15 16:00:12,754 p=27749 u=maharavo n=ansible INFO| -
2025-12-15 16:00:12,855 p=27749 u=maharavo n=ansible INFO| \
2025-12-15 16:00:12,956 p=27749 u=maharavo n=ansible INFO| |
2025-12-15 16:00:13,057 p=27749 u=maharavo n=ansible INFO| /
2025-12-15 16:00:13,157 p=27749 u=maharavo n=ansible INFO| -
2025-12-15 16:00:13,258 p=27749 u=maharavo n=ansible INFO| \
2025-12-15 16:00:13,358 p=27749 u=maharavo n=ansible INFO| |
2025-12-15 16:00:13,459 p=27749 u=maharavo n=ansible INFO| /
2025-12-15 16:00:13,560 p=27749 u=maharavo n=ansible INFO| -
2025-12-15 16:00:13,661 p=27749 u=maharavo n=ansible INFO| \
2025-12-15 16:00:13,764 p=27749 u=maharavo n=ansible INFO| |
2025-12-15 16:00:13,864 p=27749 u=maharavo n=ansible INFO| /
2025-12-15 16:00:13,967 p=27749 u=maharavo n=ansible INFO| -
2025-12-15 16:00:14,067 p=27749 u=maharavo n=ansible INFO| \
2025-12-15 16:00:14,167 p=27749 u=maharavo n=ansible INFO| |
2025-12-15 16:00:14,268 p=27749 u=maharavo n=ansible INFO| /
2025-12-15 16:00:14,368 p=27749 u=maharavo n=ansible INFO| -
2025-12-15 16:00:14,468 p=27749 u=maharavo n=ansible INFO| \
2025-12-15 16:00:14,569 p=27749 u=maharavo n=ansible INFO| |
2025-12-15 16:00:14,669 p=27749 u=maharavo n=ansible INFO| /
2025-12-15 16:00:14,770 p=27749 u=maharavo n=ansible INFO| -
2025-12-15 16:00:14,870 p=27749 u=maharavo n=ansible INFO| \
2025-12-15 16:00:14,971 p=27749 u=maharavo n=ansible INFO| |
2025-12-15 16:00:15,071 p=27749 u=maharavo n=ansible INFO| /
2025-12-15 16:00:15,172 p=27749 u=maharavo n=ansible INFO| -
2025-12-15 16:00:15,273 p=27749 u=maharavo n=ansible INFO| \
2025-12-15 16:00:15,373 p=27749 u=maharavo n=ansible INFO| |
2025-12-15 16:00:15,473 p=27749 u=maharavo n=ansible INFO| /
2025-12-15 16:00:15,575 p=27749 u=maharavo n=ansible INFO| -
2025-12-15 16:00:15,676 p=27749 u=maharavo n=ansible INFO| \
2025-12-15 16:00:15,777 p=27749 u=maharavo n=ansible INFO| |
2025-12-15 16:00:15,877 p=27749 u=maharavo n=ansible INFO| /
2025-12-15 16:00:15,977 p=27749 u=maharavo n=ansible INFO| -
2025-12-15 16:00:16,078 p=27749 u=maharavo n=ansible INFO| \
2025-12-15 16:00:16,178 p=27749 u=maharavo n=ansible INFO| |
2025-12-15 16:00:16,279 p=27749 u=maharavo n=ansible INFO| /
2025-12-15 16:00:16,379 p=27749 u=maharavo n=ansible INFO| -
2025-12-15 16:00:16,479 p=27749 u=maharavo n=ansible INFO| \
2025-12-15 16:00:16,580 p=27749 u=maharavo n=ansible INFO| |
2025-12-15 16:00:16,681 p=27749 u=maharavo n=ansible INFO| /
2025-12-15 16:00:16,781 p=27749 u=maharavo n=ansible INFO| -
2025-12-15 16:00:16,882 p=27749 u=maharavo n=ansible INFO| \
2025-12-15 16:00:16,982 p=27749 u=maharavo n=ansible INFO| |
2025-12-15 16:00:17,083 p=27749 u=maharavo n=ansible INFO| /
2025-12-15 16:00:17,183 p=27749 u=maharavo n=ansible INFO| -
2025-12-15 16:00:17,284 p=27749 u=maharavo n=ansible INFO| \
2025-12-15 16:00:17,384 p=27749 u=maharavo n=ansible INFO| |
2025-12-15 16:00:17,485 p=27749 u=maharavo n=ansible INFO| /
2025-12-15 16:00:17,585 p=27749 u=maharavo n=ansible INFO| -
2025-12-15 16:00:17,685 p=27749 u=maharavo n=ansible INFO| \
2025-12-15 16:00:17,786 p=27749 u=maharavo n=ansible INFO| |
2025-12-15 16:00:17,886 p=27749 u=maharavo n=ansible INFO| /
2025-12-15 16:00:17,987 p=27749 u=maharavo n=ansible INFO| -
2025-12-15 16:00:18,087 p=27749 u=maharavo n=ansible INFO| \
2025-12-15 16:00:18,187 p=27749 u=maharavo n=ansible INFO| |
2025-12-15 16:00:18,288 p=27749 u=maharavo n=ansible INFO| /
2025-12-15 16:00:18,389 p=27749 u=maharavo n=ansible INFO| -
2025-12-15 16:00:18,490 p=27749 u=maharavo n=ansible INFO| \
2025-12-15 16:00:18,590 p=27749 u=maharavo n=ansible INFO| |
2025-12-15 16:00:18,691 p=27749 u=maharavo n=ansible INFO| /
2025-12-15 16:00:18,791 p=27749 u=maharavo n=ansible INFO| -
2025-12-15 16:00:18,892 p=27749 u=maharavo n=ansible INFO| \
2025-12-15 16:00:18,992 p=27749 u=maharavo n=ansible INFO| |
2025-12-15 16:00:19,092 p=27749 u=maharavo n=ansible INFO| /
2025-12-15 16:00:19,193 p=27749 u=maharavo n=ansible INFO| -
2025-12-15 16:00:19,294 p=27749 u=maharavo n=ansible INFO| \
2025-12-15 16:00:19,395 p=27749 u=maharavo n=ansible INFO| |
2025-12-15 16:00:19,495 p=27749 u=maharavo n=ansible INFO| /
2025-12-15 16:00:19,596 p=27749 u=maharavo n=ansible INFO| -
2025-12-15 16:00:19,696 p=27749 u=maharavo n=ansible INFO| \
2025-12-15 16:00:19,797 p=27749 u=maharavo n=ansible INFO| |
2025-12-15 16:00:19,897 p=27749 u=maharavo n=ansible INFO| /
2025-12-15 16:00:19,998 p=27749 u=maharavo n=ansible INFO| -
2025-12-15 16:00:20,099 p=27749 u=maharavo n=ansible INFO| \
2025-12-15 16:00:20,199 p=27749 u=maharavo n=ansible INFO| |
2025-12-15 16:00:20,300 p=27749 u=maharavo n=ansible INFO| /
2025-12-15 16:00:20,400 p=27749 u=maharavo n=ansible INFO| -
2025-12-15 16:00:20,500 p=27749 u=maharavo n=ansible INFO| \
2025-12-15 16:00:20,601 p=27749 u=maharavo n=ansible INFO| |
2025-12-15 16:00:20,701 p=27749 u=maharavo n=ansible INFO| /
2025-12-15 16:00:20,802 p=27749 u=maharavo n=ansible INFO| -
2025-12-15 16:00:20,902 p=27749 u=maharavo n=ansible INFO| \
2025-12-15 16:00:21,002 p=27749 u=maharavo n=ansible INFO| |
2025-12-15 16:00:21,103 p=27749 u=maharavo n=ansible INFO| /
2025-12-15 16:00:21,203 p=27749 u=maharavo n=ansible INFO| -
2025-12-15 16:00:21,304 p=27749 u=maharavo n=ansible INFO| \
2025-12-15 16:00:21,404 p=27749 u=maharavo n=ansible INFO| |
2025-12-15 16:00:21,505 p=27749 u=maharavo n=ansible INFO| /
2025-12-15 16:00:21,605 p=27749 u=maharavo n=ansible INFO| -
2025-12-15 16:00:21,706 p=27749 u=maharavo n=ansible INFO| \
2025-12-15 16:00:21,806 p=27749 u=maharavo n=ansible INFO| |
2025-12-15 16:00:21,906 p=27749 u=maharavo n=ansible INFO| /
2025-12-15 16:00:22,007 p=27749 u=maharavo n=ansible INFO| -
2025-12-15 16:00:22,107 p=27749 u=maharavo n=ansible INFO| \
2025-12-15 16:00:22,208 p=27749 u=maharavo n=ansible INFO| |
2025-12-15 16:00:22,309 p=27749 u=maharavo n=ansible INFO| /
2025-12-15 16:00:22,410 p=27749 u=maharavo n=ansible INFO| -
2025-12-15 16:00:22,510 p=27749 u=maharavo n=ansible INFO| \
2025-12-15 16:00:22,611 p=27749 u=maharavo n=ansible INFO| |
2025-12-15 16:00:22,711 p=27749 u=maharavo n=ansible INFO| /
2025-12-15 16:00:22,812 p=27749 u=maharavo n=ansible INFO| -
2025-12-15 16:00:22,913 p=27749 u=maharavo n=ansible INFO| \
2025-12-15 16:00:23,013 p=27749 u=maharavo n=ansible INFO| |
2025-12-15 16:00:23,114 p=27749 u=maharavo n=ansible INFO| /
2025-12-15 16:00:23,215 p=27749 u=maharavo n=ansible INFO| -
2025-12-15 16:00:23,315 p=27749 u=maharavo n=ansible INFO| \
2025-12-15 16:00:23,416 p=27749 u=maharavo n=ansible INFO| |
2025-12-15 16:00:23,516 p=27749 u=maharavo n=ansible INFO| /
2025-12-15 16:00:23,616 p=27749 u=maharavo n=ansible INFO| -
2025-12-15 16:00:23,717 p=27749 u=maharavo n=ansible INFO| \
2025-12-15 16:00:23,817 p=27749 u=maharavo n=ansible INFO| |
2025-12-15 16:00:23,917 p=27749 u=maharavo n=ansible INFO| /
2025-12-15 16:00:24,018 p=27749 u=maharavo n=ansible INFO| -
2025-12-15 16:00:24,118 p=27749 u=maharavo n=ansible INFO| \
2025-12-15 16:00:24,218 p=27749 u=maharavo n=ansible INFO| |
2025-12-15 16:00:24,319 p=27749 u=maharavo n=ansible INFO| /
2025-12-15 16:00:24,419 p=27749 u=maharavo n=ansible INFO| -
2025-12-15 16:00:24,520 p=27749 u=maharavo n=ansible INFO| \
2025-12-15 16:00:24,621 p=27749 u=maharavo n=ansible INFO| Starting collection install process
2025-12-15 16:00:24,621 p=27749 u=maharavo n=ansible INFO| |
2025-12-15 16:00:24,637 p=27749 u=maharavo n=ansible INFO| Downloading https://galaxy.ansible.com/api/v3/plugin/ansible/content/published/collections/artifacts/community-general-12.1.0.tar.gz to /home/maharavo/.ansible/tmp/ansible-local-277490240e837/tmpfoogw10z/community-general-12.1.0-0cchka4o
2025-12-15 16:00:24,722 p=27749 u=maharavo n=ansible INFO| /
2025-12-15 16:00:24,822 p=27749 u=maharavo n=ansible INFO| -
2025-12-15 16:00:24,923 p=27749 u=maharavo n=ansible INFO| \
2025-12-15 16:00:25,023 p=27749 u=maharavo n=ansible INFO| |
2025-12-15 16:00:25,124 p=27749 u=maharavo n=ansible INFO| /
2025-12-15 16:00:25,225 p=27749 u=maharavo n=ansible INFO| -
2025-12-15 16:00:25,326 p=27749 u=maharavo n=ansible INFO| \
2025-12-15 16:00:25,428 p=27749 u=maharavo n=ansible INFO| |
2025-12-15 16:00:25,529 p=27749 u=maharavo n=ansible INFO| /
2025-12-15 16:00:25,629 p=27749 u=maharavo n=ansible INFO| -
2025-12-15 16:00:25,730 p=27749 u=maharavo n=ansible INFO| \
2025-12-15 16:00:25,831 p=27749 u=maharavo n=ansible INFO| |
2025-12-15 16:00:25,931 p=27749 u=maharavo n=ansible INFO| /
2025-12-15 16:00:26,032 p=27749 u=maharavo n=ansible INFO| -
2025-12-15 16:00:26,132 p=27749 u=maharavo n=ansible INFO| \
2025-12-15 16:00:26,232 p=27749 u=maharavo n=ansible INFO| |
2025-12-15 16:00:26,333 p=27749 u=maharavo n=ansible INFO| /
2025-12-15 16:00:26,434 p=27749 u=maharavo n=ansible INFO| -
2025-12-15 16:00:26,534 p=27749 u=maharavo n=ansible INFO| \
2025-12-15 16:00:26,634 p=27749 u=maharavo n=ansible INFO| |
2025-12-15 16:00:26,735 p=27749 u=maharavo n=ansible INFO| /
2025-12-15 16:00:26,835 p=27749 u=maharavo n=ansible INFO| -
2025-12-15 16:00:26,936 p=27749 u=maharavo n=ansible INFO| \
2025-12-15 16:00:27,036 p=27749 u=maharavo n=ansible INFO| |
2025-12-15 16:00:27,137 p=27749 u=maharavo n=ansible INFO| /
2025-12-15 16:00:27,238 p=27749 u=maharavo n=ansible INFO| -
2025-12-15 16:00:27,338 p=27749 u=maharavo n=ansible INFO| \
2025-12-15 16:00:27,439 p=27749 u=maharavo n=ansible INFO| |
2025-12-15 16:00:27,540 p=27749 u=maharavo n=ansible INFO| /
2025-12-15 16:00:27,640 p=27749 u=maharavo n=ansible INFO| -
2025-12-15 16:00:27,741 p=27749 u=maharavo n=ansible INFO| \
2025-12-15 16:00:27,842 p=27749 u=maharavo n=ansible INFO| |
2025-12-15 16:00:27,943 p=27749 u=maharavo n=ansible INFO| /
2025-12-15 16:00:28,044 p=27749 u=maharavo n=ansible INFO| -
2025-12-15 16:00:28,145 p=27749 u=maharavo n=ansible INFO| \
2025-12-15 16:00:28,245 p=27749 u=maharavo n=ansible INFO| |
2025-12-15 16:00:28,346 p=27749 u=maharavo n=ansible INFO| /
2025-12-15 16:00:28,446 p=27749 u=maharavo n=ansible INFO| -
2025-12-15 16:00:28,547 p=27749 u=maharavo n=ansible INFO| \
2025-12-15 16:00:28,647 p=27749 u=maharavo n=ansible INFO| |
2025-12-15 16:00:28,748 p=27749 u=maharavo n=ansible INFO| /
2025-12-15 16:00:28,848 p=27749 u=maharavo n=ansible INFO| -
2025-12-15 16:00:28,949 p=27749 u=maharavo n=ansible INFO| \
2025-12-15 16:00:29,049 p=27749 u=maharavo n=ansible INFO| |
2025-12-15 16:00:29,149 p=27749 u=maharavo n=ansible INFO| /
2025-12-15 16:00:29,250 p=27749 u=maharavo n=ansible INFO| -
2025-12-15 16:00:29,350 p=27749 u=maharavo n=ansible INFO| \
2025-12-15 16:00:29,450 p=27749 u=maharavo n=ansible INFO| |
2025-12-15 16:00:29,551 p=27749 u=maharavo n=ansible INFO| /
2025-12-15 16:00:29,651 p=27749 u=maharavo n=ansible INFO| -
2025-12-15 16:00:29,752 p=27749 u=maharavo n=ansible INFO| \
2025-12-15 16:00:29,852 p=27749 u=maharavo n=ansible INFO| |
2025-12-15 16:00:29,953 p=27749 u=maharavo n=ansible INFO| /
2025-12-15 16:00:30,053 p=27749 u=maharavo n=ansible INFO| -
2025-12-15 16:00:30,154 p=27749 u=maharavo n=ansible INFO| \
2025-12-15 16:00:30,255 p=27749 u=maharavo n=ansible INFO| |
2025-12-15 16:00:30,356 p=27749 u=maharavo n=ansible INFO| /
2025-12-15 16:00:30,456 p=27749 u=maharavo n=ansible INFO| -
2025-12-15 16:00:30,557 p=27749 u=maharavo n=ansible INFO| \
2025-12-15 16:00:30,658 p=27749 u=maharavo n=ansible INFO| |
2025-12-15 16:00:30,758 p=27749 u=maharavo n=ansible INFO| /
2025-12-15 16:00:30,859 p=27749 u=maharavo n=ansible INFO| -
2025-12-15 16:00:30,960 p=27749 u=maharavo n=ansible INFO| \
2025-12-15 16:00:31,061 p=27749 u=maharavo n=ansible INFO| |
2025-12-15 16:00:31,161 p=27749 u=maharavo n=ansible INFO| /
2025-12-15 16:00:31,262 p=27749 u=maharavo n=ansible INFO| -
2025-12-15 16:00:31,362 p=27749 u=maharavo n=ansible INFO| \
2025-12-15 16:00:31,463 p=27749 u=maharavo n=ansible INFO| |
2025-12-15 16:00:31,563 p=27749 u=maharavo n=ansible INFO| /
2025-12-15 16:00:31,664 p=27749 u=maharavo n=ansible INFO| -
2025-12-15 16:00:31,765 p=27749 u=maharavo n=ansible INFO| \
2025-12-15 16:00:31,866 p=27749 u=maharavo n=ansible INFO| |
2025-12-15 16:00:31,967 p=27749 u=maharavo n=ansible INFO| /
2025-12-15 16:00:32,067 p=27749 u=maharavo n=ansible INFO| -
2025-12-15 16:00:32,167 p=27749 u=maharavo n=ansible INFO| \
2025-12-15 16:00:32,268 p=27749 u=maharavo n=ansible INFO| |
2025-12-15 16:00:32,368 p=27749 u=maharavo n=ansible INFO| /
2025-12-15 16:00:32,469 p=27749 u=maharavo n=ansible INFO| -
2025-12-15 16:00:32,570 p=27749 u=maharavo n=ansible INFO| \
2025-12-15 16:00:32,670 p=27749 u=maharavo n=ansible INFO| |
2025-12-15 16:00:32,771 p=27749 u=maharavo n=ansible INFO| /
2025-12-15 16:00:32,871 p=27749 u=maharavo n=ansible INFO| -
2025-12-15 16:00:32,972 p=27749 u=maharavo n=ansible INFO| \
2025-12-15 16:00:33,072 p=27749 u=maharavo n=ansible INFO| |
2025-12-15 16:00:33,173 p=27749 u=maharavo n=ansible INFO| /
2025-12-15 16:00:33,273 p=27749 u=maharavo n=ansible INFO| -
2025-12-15 16:00:33,374 p=27749 u=maharavo n=ansible INFO| \
2025-12-15 16:00:33,475 p=27749 u=maharavo n=ansible INFO| |
2025-12-15 16:00:33,575 p=27749 u=maharavo n=ansible INFO| /
2025-12-15 16:00:33,676 p=27749 u=maharavo n=ansible INFO| -
2025-12-15 16:00:33,776 p=27749 u=maharavo n=ansible INFO| \
2025-12-15 16:00:33,876 p=27749 u=maharavo n=ansible INFO| |
2025-12-15 16:00:33,977 p=27749 u=maharavo n=ansible INFO| /
2025-12-15 16:00:34,077 p=27749 u=maharavo n=ansible INFO| -
2025-12-15 16:00:34,178 p=27749 u=maharavo n=ansible INFO| \
2025-12-15 16:00:34,279 p=27749 u=maharavo n=ansible INFO| |
2025-12-15 16:00:34,380 p=27749 u=maharavo n=ansible INFO| /
2025-12-15 16:00:34,480 p=27749 u=maharavo n=ansible INFO| -
2025-12-15 16:00:34,581 p=27749 u=maharavo n=ansible INFO| \
2025-12-15 16:00:34,681 p=27749 u=maharavo n=ansible INFO| |
2025-12-15 16:00:34,781 p=27749 u=maharavo n=ansible INFO| /
2025-12-15 16:00:34,882 p=27749 u=maharavo n=ansible INFO| -
2025-12-15 16:00:34,982 p=27749 u=maharavo n=ansible INFO| \
2025-12-15 16:00:35,083 p=27749 u=maharavo n=ansible INFO| |
2025-12-15 16:00:35,183 p=27749 u=maharavo n=ansible INFO| /
2025-12-15 16:00:35,284 p=27749 u=maharavo n=ansible INFO| -
2025-12-15 16:00:35,384 p=27749 u=maharavo n=ansible INFO| \
2025-12-15 16:00:35,485 p=27749 u=maharavo n=ansible INFO| |
2025-12-15 16:00:35,585 p=27749 u=maharavo n=ansible INFO| /
2025-12-15 16:00:35,686 p=27749 u=maharavo n=ansible INFO| -
2025-12-15 16:00:35,786 p=27749 u=maharavo n=ansible INFO| \
2025-12-15 16:00:35,887 p=27749 u=maharavo n=ansible INFO| |
2025-12-15 16:00:35,987 p=27749 u=maharavo n=ansible INFO| /
2025-12-15 16:00:36,087 p=27749 u=maharavo n=ansible INFO| -
2025-12-15 16:00:36,187 p=27749 u=maharavo n=ansible INFO| \
2025-12-15 16:00:36,288 p=27749 u=maharavo n=ansible INFO| |
2025-12-15 16:00:36,388 p=27749 u=maharavo n=ansible INFO| /
2025-12-15 16:00:36,489 p=27749 u=maharavo n=ansible INFO| -
2025-12-15 16:00:36,589 p=27749 u=maharavo n=ansible INFO| \
2025-12-15 16:00:36,690 p=27749 u=maharavo n=ansible INFO| |
2025-12-15 16:00:36,790 p=27749 u=maharavo n=ansible INFO| /
2025-12-15 16:00:36,890 p=27749 u=maharavo n=ansible INFO| -
2025-12-15 16:00:36,991 p=27749 u=maharavo n=ansible INFO| \
2025-12-15 16:00:37,091 p=27749 u=maharavo n=ansible INFO| |
2025-12-15 16:00:37,192 p=27749 u=maharavo n=ansible INFO| /
2025-12-15 16:00:37,292 p=27749 u=maharavo n=ansible INFO| -
2025-12-15 16:00:37,392 p=27749 u=maharavo n=ansible INFO| \
2025-12-15 16:00:37,493 p=27749 u=maharavo n=ansible INFO| |
2025-12-15 16:00:37,593 p=27749 u=maharavo n=ansible INFO| /
2025-12-15 16:00:37,693 p=27749 u=maharavo n=ansible INFO| -
2025-12-15 16:00:37,794 p=27749 u=maharavo n=ansible INFO| \
2025-12-15 16:00:37,894 p=27749 u=maharavo n=ansible INFO| |
2025-12-15 16:00:37,995 p=27749 u=maharavo n=ansible INFO| /
2025-12-15 16:00:38,095 p=27749 u=maharavo n=ansible INFO| -
2025-12-15 16:00:38,196 p=27749 u=maharavo n=ansible INFO| \
2025-12-15 16:00:38,296 p=27749 u=maharavo n=ansible INFO| |
2025-12-15 16:00:38,397 p=27749 u=maharavo n=ansible INFO| /
2025-12-15 16:00:38,497 p=27749 u=maharavo n=ansible INFO| -
2025-12-15 16:00:38,597 p=27749 u=maharavo n=ansible INFO| \
2025-12-15 16:00:38,698 p=27749 u=maharavo n=ansible INFO| |
2025-12-15 16:00:38,798 p=27749 u=maharavo n=ansible INFO| /
2025-12-15 16:00:38,898 p=27749 u=maharavo n=ansible INFO| -
2025-12-15 16:00:38,999 p=27749 u=maharavo n=ansible INFO| \
2025-12-15 16:00:39,099 p=27749 u=maharavo n=ansible INFO| |
2025-12-15 16:00:39,200 p=27749 u=maharavo n=ansible INFO| /
2025-12-15 16:00:39,300 p=27749 u=maharavo n=ansible INFO| -
2025-12-15 16:00:39,401 p=27749 u=maharavo n=ansible INFO| \
2025-12-15 16:00:39,501 p=27749 u=maharavo n=ansible INFO| |
2025-12-15 16:00:39,601 p=27749 u=maharavo n=ansible INFO| /
2025-12-15 16:00:39,702 p=27749 u=maharavo n=ansible INFO| -
2025-12-15 16:00:39,802 p=27749 u=maharavo n=ansible INFO| \
2025-12-15 16:00:39,902 p=27749 u=maharavo n=ansible INFO| |
2025-12-15 16:00:40,003 p=27749 u=maharavo n=ansible INFO| /
2025-12-15 16:00:40,103 p=27749 u=maharavo n=ansible INFO| -
2025-12-15 16:00:40,204 p=27749 u=maharavo n=ansible INFO| \
2025-12-15 16:00:40,304 p=27749 u=maharavo n=ansible INFO| |
2025-12-15 16:00:40,405 p=27749 u=maharavo n=ansible INFO| /
2025-12-15 16:00:40,505 p=27749 u=maharavo n=ansible INFO| -
2025-12-15 16:00:40,606 p=27749 u=maharavo n=ansible INFO| \
2025-12-15 16:00:40,706 p=27749 u=maharavo n=ansible INFO| |
2025-12-15 16:00:40,807 p=27749 u=maharavo n=ansible INFO| /
2025-12-15 16:00:40,907 p=27749 u=maharavo n=ansible INFO| -
2025-12-15 16:00:41,008 p=27749 u=maharavo n=ansible INFO| \
2025-12-15 16:00:41,108 p=27749 u=maharavo n=ansible INFO| |
2025-12-15 16:00:41,209 p=27749 u=maharavo n=ansible INFO| /
2025-12-15 16:00:41,309 p=27749 u=maharavo n=ansible INFO| -
2025-12-15 16:00:41,410 p=27749 u=maharavo n=ansible INFO| \
2025-12-15 16:00:41,510 p=27749 u=maharavo n=ansible INFO| |
2025-12-15 16:00:41,610 p=27749 u=maharavo n=ansible INFO| /
2025-12-15 16:00:41,711 p=27749 u=maharavo n=ansible INFO| -
2025-12-15 16:00:41,811 p=27749 u=maharavo n=ansible INFO| \
2025-12-15 16:00:41,911 p=27749 u=maharavo n=ansible INFO| |
2025-12-15 16:00:42,011 p=27749 u=maharavo n=ansible INFO| /
2025-12-15 16:00:42,112 p=27749 u=maharavo n=ansible INFO| -
2025-12-15 16:00:42,212 p=27749 u=maharavo n=ansible INFO| \
2025-12-15 16:00:42,312 p=27749 u=maharavo n=ansible INFO| |
2025-12-15 16:00:42,413 p=27749 u=maharavo n=ansible INFO| /
2025-12-15 16:00:42,513 p=27749 u=maharavo n=ansible INFO| -
2025-12-15 16:00:42,614 p=27749 u=maharavo n=ansible INFO| \
2025-12-15 16:00:42,714 p=27749 u=maharavo n=ansible INFO| |
2025-12-15 16:00:42,815 p=27749 u=maharavo n=ansible INFO| /
2025-12-15 16:00:42,915 p=27749 u=maharavo n=ansible INFO| -
2025-12-15 16:00:43,015 p=27749 u=maharavo n=ansible INFO| \
2025-12-15 16:00:43,116 p=27749 u=maharavo n=ansible INFO| |
2025-12-15 16:00:43,216 p=27749 u=maharavo n=ansible INFO| /
2025-12-15 16:00:43,316 p=27749 u=maharavo n=ansible INFO| -
2025-12-15 16:00:43,417 p=27749 u=maharavo n=ansible INFO| \
2025-12-15 16:00:43,517 p=27749 u=maharavo n=ansible INFO| |
2025-12-15 16:00:43,618 p=27749 u=maharavo n=ansible INFO| /
2025-12-15 16:00:43,718 p=27749 u=maharavo n=ansible INFO| -
2025-12-15 16:00:43,818 p=27749 u=maharavo n=ansible INFO| \
2025-12-15 16:00:43,919 p=27749 u=maharavo n=ansible INFO| |
2025-12-15 16:00:44,019 p=27749 u=maharavo n=ansible INFO| /
2025-12-15 16:00:44,120 p=27749 u=maharavo n=ansible INFO| -
2025-12-15 16:00:44,220 p=27749 u=maharavo n=ansible INFO| \
2025-12-15 16:00:44,321 p=27749 u=maharavo n=ansible INFO| |
2025-12-15 16:00:44,421 p=27749 u=maharavo n=ansible INFO| /
2025-12-15 16:00:44,522 p=27749 u=maharavo n=ansible INFO| -
2025-12-15 16:00:44,622 p=27749 u=maharavo n=ansible INFO| \
2025-12-15 16:00:44,722 p=27749 u=maharavo n=ansible INFO| |
2025-12-15 16:00:44,823 p=27749 u=maharavo n=ansible INFO| /
2025-12-15 16:00:44,923 p=27749 u=maharavo n=ansible INFO| -
2025-12-15 16:00:45,024 p=27749 u=maharavo n=ansible INFO| \
2025-12-15 16:00:45,124 p=27749 u=maharavo n=ansible INFO| |
2025-12-15 16:00:45,225 p=27749 u=maharavo n=ansible INFO| /
2025-12-15 16:00:45,325 p=27749 u=maharavo n=ansible INFO| -
2025-12-15 16:00:45,426 p=27749 u=maharavo n=ansible INFO| \
2025-12-15 16:00:45,526 p=27749 u=maharavo n=ansible INFO| |
2025-12-15 16:00:45,627 p=27749 u=maharavo n=ansible INFO| /
2025-12-15 16:00:45,727 p=27749 u=maharavo n=ansible INFO| -
2025-12-15 16:00:45,828 p=27749 u=maharavo n=ansible INFO| \
2025-12-15 16:00:45,928 p=27749 u=maharavo n=ansible INFO| |
2025-12-15 16:00:46,028 p=27749 u=maharavo n=ansible INFO| /
2025-12-15 16:00:46,128 p=27749 u=maharavo n=ansible INFO| -
2025-12-15 16:00:46,229 p=27749 u=maharavo n=ansible INFO| \
2025-12-15 16:00:46,329 p=27749 u=maharavo n=ansible INFO| |
2025-12-15 16:00:46,429 p=27749 u=maharavo n=ansible INFO| /
2025-12-15 16:00:46,530 p=27749 u=maharavo n=ansible INFO| -
2025-12-15 16:00:46,630 p=27749 u=maharavo n=ansible INFO| \
2025-12-15 16:00:46,730 p=27749 u=maharavo n=ansible INFO| |
2025-12-15 16:00:46,831 p=27749 u=maharavo n=ansible INFO| /
2025-12-15 16:00:46,931 p=27749 u=maharavo n=ansible INFO| -
2025-12-15 16:00:47,031 p=27749 u=maharavo n=ansible INFO| \
2025-12-15 16:00:47,133 p=27749 u=maharavo n=ansible INFO| |
2025-12-15 16:00:47,233 p=27749 u=maharavo n=ansible INFO| /
2025-12-15 16:00:47,334 p=27749 u=maharavo n=ansible INFO| -
2025-12-15 16:00:47,434 p=27749 u=maharavo n=ansible INFO| \
2025-12-15 16:00:47,535 p=27749 u=maharavo n=ansible INFO| |
2025-12-15 16:00:47,635 p=27749 u=maharavo n=ansible INFO| /
2025-12-15 16:00:47,736 p=27749 u=maharavo n=ansible INFO| -
2025-12-15 16:00:47,837 p=27749 u=maharavo n=ansible INFO| \
2025-12-15 16:00:47,938 p=27749 u=maharavo n=ansible INFO| |
2025-12-15 16:00:48,038 p=27749 u=maharavo n=ansible INFO| /
2025-12-15 16:00:48,139 p=27749 u=maharavo n=ansible INFO| -
2025-12-15 16:00:48,240 p=27749 u=maharavo n=ansible INFO| \
2025-12-15 16:00:48,340 p=27749 u=maharavo n=ansible INFO| |
2025-12-15 16:00:48,441 p=27749 u=maharavo n=ansible INFO| /
2025-12-15 16:00:48,541 p=27749 u=maharavo n=ansible INFO| -
2025-12-15 16:00:48,642 p=27749 u=maharavo n=ansible INFO| \
2025-12-15 16:00:48,742 p=27749 u=maharavo n=ansible INFO| |
2025-12-15 16:00:48,843 p=27749 u=maharavo n=ansible INFO| /
2025-12-15 16:00:48,944 p=27749 u=maharavo n=ansible INFO| -
2025-12-15 16:00:49,044 p=27749 u=maharavo n=ansible INFO| \
2025-12-15 16:00:49,144 p=27749 u=maharavo n=ansible INFO| |
2025-12-15 16:00:49,245 p=27749 u=maharavo n=ansible INFO| /
2025-12-15 16:00:49,345 p=27749 u=maharavo n=ansible INFO| -
2025-12-15 16:00:49,446 p=27749 u=maharavo n=ansible INFO| \
2025-12-15 16:00:49,546 p=27749 u=maharavo n=ansible INFO| |
2025-12-15 16:00:49,647 p=27749 u=maharavo n=ansible INFO| /
2025-12-15 16:00:49,747 p=27749 u=maharavo n=ansible INFO| -
2025-12-15 16:00:49,848 p=27749 u=maharavo n=ansible INFO| \
2025-12-15 16:00:49,948 p=27749 u=maharavo n=ansible INFO| |
2025-12-15 16:00:50,048 p=27749 u=maharavo n=ansible INFO| /
2025-12-15 16:00:50,148 p=27749 u=maharavo n=ansible INFO| -
2025-12-15 16:00:50,249 p=27749 u=maharavo n=ansible INFO| \
2025-12-15 16:00:50,349 p=27749 u=maharavo n=ansible INFO| |
2025-12-15 16:00:50,449 p=27749 u=maharavo n=ansible INFO| /
2025-12-15 16:00:50,550 p=27749 u=maharavo n=ansible INFO| -
2025-12-15 16:00:50,650 p=27749 u=maharavo n=ansible INFO| \
2025-12-15 16:00:50,751 p=27749 u=maharavo n=ansible INFO| |
2025-12-15 16:00:50,851 p=27749 u=maharavo n=ansible INFO| /
2025-12-15 16:00:50,952 p=27749 u=maharavo n=ansible INFO| -
2025-12-15 16:00:51,052 p=27749 u=maharavo n=ansible INFO| \
2025-12-15 16:00:51,152 p=27749 u=maharavo n=ansible INFO| |
2025-12-15 16:00:51,253 p=27749 u=maharavo n=ansible INFO| /
2025-12-15 16:00:51,353 p=27749 u=maharavo n=ansible INFO| -
2025-12-15 16:00:51,453 p=27749 u=maharavo n=ansible INFO| \
2025-12-15 16:00:51,554 p=27749 u=maharavo n=ansible INFO| |
2025-12-15 16:00:51,654 p=27749 u=maharavo n=ansible INFO| /
2025-12-15 16:00:51,755 p=27749 u=maharavo n=ansible INFO| -
2025-12-15 16:00:51,855 p=27749 u=maharavo n=ansible INFO| \
2025-12-15 16:00:51,956 p=27749 u=maharavo n=ansible INFO| |
2025-12-15 16:00:52,056 p=27749 u=maharavo n=ansible INFO| /
2025-12-15 16:00:52,156 p=27749 u=maharavo n=ansible INFO| -
2025-12-15 16:00:52,257 p=27749 u=maharavo n=ansible INFO| \
2025-12-15 16:00:52,357 p=27749 u=maharavo n=ansible INFO| |
2025-12-15 16:00:52,458 p=27749 u=maharavo n=ansible INFO| /
2025-12-15 16:00:52,558 p=27749 u=maharavo n=ansible INFO| -
2025-12-15 16:00:52,659 p=27749 u=maharavo n=ansible INFO| \
2025-12-15 16:00:52,759 p=27749 u=maharavo n=ansible INFO| |
2025-12-15 16:00:52,860 p=27749 u=maharavo n=ansible INFO| /
2025-12-15 16:00:52,960 p=27749 u=maharavo n=ansible INFO| -
2025-12-15 16:00:53,061 p=27749 u=maharavo n=ansible INFO| \
2025-12-15 16:00:53,161 p=27749 u=maharavo n=ansible INFO| |
2025-12-15 16:00:53,262 p=27749 u=maharavo n=ansible INFO| /
2025-12-15 16:00:53,362 p=27749 u=maharavo n=ansible INFO| -
2025-12-15 16:00:53,463 p=27749 u=maharavo n=ansible INFO| \
2025-12-15 16:00:53,563 p=27749 u=maharavo n=ansible INFO| |
2025-12-15 16:00:53,664 p=27749 u=maharavo n=ansible INFO| /
2025-12-15 16:00:53,764 p=27749 u=maharavo n=ansible INFO| -
2025-12-15 16:00:53,865 p=27749 u=maharavo n=ansible INFO| \
2025-12-15 16:00:53,965 p=27749 u=maharavo n=ansible INFO| |
2025-12-15 16:00:54,066 p=27749 u=maharavo n=ansible INFO| /
2025-12-15 16:00:54,166 p=27749 u=maharavo n=ansible INFO| -
2025-12-15 16:00:54,267 p=27749 u=maharavo n=ansible INFO| \
2025-12-15 16:00:54,367 p=27749 u=maharavo n=ansible INFO| |
2025-12-15 16:00:54,467 p=27749 u=maharavo n=ansible INFO| /
2025-12-15 16:00:54,568 p=27749 u=maharavo n=ansible INFO| -
2025-12-15 16:00:54,668 p=27749 u=maharavo n=ansible INFO| \
2025-12-15 16:00:54,769 p=27749 u=maharavo n=ansible INFO| |
2025-12-15 16:00:54,869 p=27749 u=maharavo n=ansible INFO| /
2025-12-15 16:00:54,970 p=27749 u=maharavo n=ansible INFO| -
2025-12-15 16:00:55,071 p=27749 u=maharavo n=ansible INFO| \
2025-12-15 16:00:55,171 p=27749 u=maharavo n=ansible INFO| |
2025-12-15 16:00:55,272 p=27749 u=maharavo n=ansible INFO| /
2025-12-15 16:00:55,372 p=27749 u=maharavo n=ansible INFO| -
2025-12-15 16:00:55,473 p=27749 u=maharavo n=ansible INFO| \
2025-12-15 16:00:55,573 p=27749 u=maharavo n=ansible INFO| |
2025-12-15 16:00:55,674 p=27749 u=maharavo n=ansible INFO| /
2025-12-15 16:00:55,774 p=27749 u=maharavo n=ansible INFO| -
2025-12-15 16:00:55,875 p=27749 u=maharavo n=ansible INFO| \
2025-12-15 16:00:55,975 p=27749 u=maharavo n=ansible INFO| |
2025-12-15 16:00:56,076 p=27749 u=maharavo n=ansible INFO| /
2025-12-15 16:00:56,177 p=27749 u=maharavo n=ansible INFO| -
2025-12-15 16:00:56,277 p=27749 u=maharavo n=ansible INFO| \
2025-12-15 16:00:56,378 p=27749 u=maharavo n=ansible INFO| |
2025-12-15 16:00:56,478 p=27749 u=maharavo n=ansible INFO| /
2025-12-15 16:00:56,579 p=27749 u=maharavo n=ansible INFO| -
2025-12-15 16:00:56,679 p=27749 u=maharavo n=ansible INFO| \
2025-12-15 16:00:56,780 p=27749 u=maharavo n=ansible INFO| |
2025-12-15 16:00:56,880 p=27749 u=maharavo n=ansible INFO| /
2025-12-15 16:00:56,980 p=27749 u=maharavo n=ansible INFO| -
2025-12-15 16:00:57,081 p=27749 u=maharavo n=ansible INFO| \
2025-12-15 16:00:57,181 p=27749 u=maharavo n=ansible INFO| |
2025-12-15 16:00:57,282 p=27749 u=maharavo n=ansible INFO| /
2025-12-15 16:00:57,382 p=27749 u=maharavo n=ansible INFO| -
2025-12-15 16:00:57,482 p=27749 u=maharavo n=ansible INFO| \
2025-12-15 16:00:57,583 p=27749 u=maharavo n=ansible INFO| |
2025-12-15 16:00:57,683 p=27749 u=maharavo n=ansible INFO| /
2025-12-15 16:00:57,784 p=27749 u=maharavo n=ansible INFO| -
2025-12-15 16:00:57,884 p=27749 u=maharavo n=ansible INFO| \
2025-12-15 16:00:57,985 p=27749 u=maharavo n=ansible INFO| |
2025-12-15 16:00:58,085 p=27749 u=maharavo n=ansible INFO| /
2025-12-15 16:00:58,186 p=27749 u=maharavo n=ansible INFO| -
2025-12-15 16:00:58,287 p=27749 u=maharavo n=ansible INFO| \
2025-12-15 16:00:58,387 p=27749 u=maharavo n=ansible INFO| |
2025-12-15 16:00:58,487 p=27749 u=maharavo n=ansible INFO| /
2025-12-15 16:00:58,589 p=27749 u=maharavo n=ansible INFO| -
2025-12-15 16:00:58,689 p=27749 u=maharavo n=ansible INFO| \
2025-12-15 16:00:58,790 p=27749 u=maharavo n=ansible INFO| |
2025-12-15 16:00:58,890 p=27749 u=maharavo n=ansible INFO| /
2025-12-15 16:00:58,990 p=27749 u=maharavo n=ansible INFO| -
2025-12-15 16:00:59,090 p=27749 u=maharavo n=ansible INFO| \
2025-12-15 16:00:59,191 p=27749 u=maharavo n=ansible INFO| |
2025-12-15 16:00:59,292 p=27749 u=maharavo n=ansible INFO| /
2025-12-15 16:00:59,392 p=27749 u=maharavo n=ansible INFO| -
2025-12-15 16:00:59,493 p=27749 u=maharavo n=ansible INFO| \
2025-12-15 16:00:59,593 p=27749 u=maharavo n=ansible INFO| |
2025-12-15 16:00:59,694 p=27749 u=maharavo n=ansible INFO| /
2025-12-15 16:00:59,795 p=27749 u=maharavo n=ansible INFO| -
2025-12-15 16:00:59,895 p=27749 u=maharavo n=ansible INFO| \
2025-12-15 16:00:59,995 p=27749 u=maharavo n=ansible INFO| |
2025-12-15 16:01:00,096 p=27749 u=maharavo n=ansible INFO| /
2025-12-15 16:01:00,196 p=27749 u=maharavo n=ansible INFO| -
2025-12-15 16:01:00,297 p=27749 u=maharavo n=ansible INFO| \
2025-12-15 16:01:00,397 p=27749 u=maharavo n=ansible INFO| |
2025-12-15 16:01:00,498 p=27749 u=maharavo n=ansible INFO| /
2025-12-15 16:01:00,598 p=27749 u=maharavo n=ansible INFO| -
2025-12-15 16:01:00,699 p=27749 u=maharavo n=ansible INFO| \
2025-12-15 16:01:00,799 p=27749 u=maharavo n=ansible INFO| |
2025-12-15 16:01:00,900 p=27749 u=maharavo n=ansible INFO| /
2025-12-15 16:01:01,000 p=27749 u=maharavo n=ansible INFO| -
2025-12-15 16:01:01,101 p=27749 u=maharavo n=ansible INFO| \
2025-12-15 16:01:01,201 p=27749 u=maharavo n=ansible INFO| |
2025-12-15 16:01:01,301 p=27749 u=maharavo n=ansible INFO| /
2025-12-15 16:01:01,402 p=27749 u=maharavo n=ansible INFO| -
2025-12-15 16:01:01,502 p=27749 u=maharavo n=ansible INFO| \
2025-12-15 16:01:01,602 p=27749 u=maharavo n=ansible INFO| |
2025-12-15 16:01:01,703 p=27749 u=maharavo n=ansible INFO| /
2025-12-15 16:01:01,803 p=27749 u=maharavo n=ansible INFO| -
2025-12-15 16:01:01,904 p=27749 u=maharavo n=ansible INFO| \
2025-12-15 16:01:02,004 p=27749 u=maharavo n=ansible INFO| |
2025-12-15 16:01:02,105 p=27749 u=maharavo n=ansible INFO| /
2025-12-15 16:01:02,205 p=27749 u=maharavo n=ansible INFO| -
2025-12-15 16:01:02,306 p=27749 u=maharavo n=ansible INFO| \
2025-12-15 16:01:02,406 p=27749 u=maharavo n=ansible INFO| |
2025-12-15 16:01:02,507 p=27749 u=maharavo n=ansible INFO| /
2025-12-15 16:01:02,607 p=27749 u=maharavo n=ansible INFO| -
2025-12-15 16:01:02,708 p=27749 u=maharavo n=ansible INFO| \
2025-12-15 16:01:02,809 p=27749 u=maharavo n=ansible INFO| |
2025-12-15 16:01:02,909 p=27749 u=maharavo n=ansible INFO| /
2025-12-15 16:01:03,010 p=27749 u=maharavo n=ansible INFO| -
2025-12-15 16:01:03,110 p=27749 u=maharavo n=ansible INFO| \
2025-12-15 16:01:03,211 p=27749 u=maharavo n=ansible INFO| |
2025-12-15 16:01:03,311 p=27749 u=maharavo n=ansible INFO| /
2025-12-15 16:01:03,412 p=27749 u=maharavo n=ansible INFO| -
2025-12-15 16:01:03,513 p=27749 u=maharavo n=ansible INFO| \
2025-12-15 16:01:03,613 p=27749 u=maharavo n=ansible INFO| |
2025-12-15 16:01:03,714 p=27749 u=maharavo n=ansible INFO| /
2025-12-15 16:01:03,814 p=27749 u=maharavo n=ansible INFO| -
2025-12-15 16:01:03,914 p=27749 u=maharavo n=ansible INFO| \
2025-12-15 16:01:04,014 p=27749 u=maharavo n=ansible INFO| |
2025-12-15 16:01:04,115 p=27749 u=maharavo n=ansible INFO| /
2025-12-15 16:01:04,215 p=27749 u=maharavo n=ansible INFO| -
2025-12-15 16:01:04,316 p=27749 u=maharavo n=ansible INFO| \
2025-12-15 16:01:04,416 p=27749 u=maharavo n=ansible INFO| |
2025-12-15 16:01:04,517 p=27749 u=maharavo n=ansible INFO| /
2025-12-15 16:01:04,617 p=27749 u=maharavo n=ansible INFO| -
2025-12-15 16:01:04,717 p=27749 u=maharavo n=ansible INFO| \
2025-12-15 16:01:04,818 p=27749 u=maharavo n=ansible INFO| |
2025-12-15 16:01:04,918 p=27749 u=maharavo n=ansible INFO| /
2025-12-15 16:01:05,019 p=27749 u=maharavo n=ansible INFO| -
2025-12-15 16:01:05,119 p=27749 u=maharavo n=ansible INFO| \
2025-12-15 16:01:05,220 p=27749 u=maharavo n=ansible INFO| |
2025-12-15 16:01:05,320 p=27749 u=maharavo n=ansible INFO| /
2025-12-15 16:01:05,421 p=27749 u=maharavo n=ansible INFO| -
2025-12-15 16:01:05,521 p=27749 u=maharavo n=ansible INFO| \
2025-12-15 16:01:05,622 p=27749 u=maharavo n=ansible INFO| |
2025-12-15 16:01:05,722 p=27749 u=maharavo n=ansible INFO| /
2025-12-15 16:01:05,823 p=27749 u=maharavo n=ansible INFO| -
2025-12-15 16:01:05,923 p=27749 u=maharavo n=ansible INFO| \
2025-12-15 16:01:06,023 p=27749 u=maharavo n=ansible INFO| |
2025-12-15 16:01:06,123 p=27749 u=maharavo n=ansible INFO| /
2025-12-15 16:01:06,224 p=27749 u=maharavo n=ansible INFO| -
2025-12-15 16:01:06,324 p=27749 u=maharavo n=ansible INFO| \
2025-12-15 16:01:06,425 p=27749 u=maharavo n=ansible INFO| |
2025-12-15 16:01:06,525 p=27749 u=maharavo n=ansible INFO| /
2025-12-15 16:01:06,626 p=27749 u=maharavo n=ansible INFO| -
2025-12-15 16:01:06,726 p=27749 u=maharavo n=ansible INFO| \
2025-12-15 16:01:06,827 p=27749 u=maharavo n=ansible INFO| |
2025-12-15 16:01:06,927 p=27749 u=maharavo n=ansible INFO| /
2025-12-15 16:01:07,027 p=27749 u=maharavo n=ansible INFO| -
2025-12-15 16:01:07,128 p=27749 u=maharavo n=ansible INFO| \
2025-12-15 16:01:07,229 p=27749 u=maharavo n=ansible INFO| |
2025-12-15 16:01:07,329 p=27749 u=maharavo n=ansible INFO| /
2025-12-15 16:01:07,429 p=27749 u=maharavo n=ansible INFO| -
2025-12-15 16:01:07,530 p=27749 u=maharavo n=ansible INFO| \
2025-12-15 16:01:07,630 p=27749 u=maharavo n=ansible INFO| |
2025-12-15 16:01:07,731 p=27749 u=maharavo n=ansible INFO| /
2025-12-15 16:01:07,831 p=27749 u=maharavo n=ansible INFO| -
2025-12-15 16:01:07,932 p=27749 u=maharavo n=ansible INFO| \
2025-12-15 16:01:08,032 p=27749 u=maharavo n=ansible INFO| |
2025-12-15 16:01:08,133 p=27749 u=maharavo n=ansible INFO| /
2025-12-15 16:01:08,233 p=27749 u=maharavo n=ansible INFO| -
2025-12-15 16:01:08,334 p=27749 u=maharavo n=ansible INFO| \
2025-12-15 16:01:08,434 p=27749 u=maharavo n=ansible INFO| |
2025-12-15 16:01:08,534 p=27749 u=maharavo n=ansible INFO| /
2025-12-15 16:01:08,635 p=27749 u=maharavo n=ansible INFO| -
2025-12-15 16:01:08,735 p=27749 u=maharavo n=ansible INFO| \
2025-12-15 16:01:08,835 p=27749 u=maharavo n=ansible INFO| |
2025-12-15 16:01:08,936 p=27749 u=maharavo n=ansible INFO| /
2025-12-15 16:01:09,036 p=27749 u=maharavo n=ansible INFO| -
2025-12-15 16:01:09,137 p=27749 u=maharavo n=ansible INFO| \
2025-12-15 16:01:09,237 p=27749 u=maharavo n=ansible INFO| |
2025-12-15 16:01:09,338 p=27749 u=maharavo n=ansible INFO| /
2025-12-15 16:01:09,438 p=27749 u=maharavo n=ansible INFO| -
2025-12-15 16:01:09,539 p=27749 u=maharavo n=ansible INFO| \
2025-12-15 16:01:09,639 p=27749 u=maharavo n=ansible INFO| |
2025-12-15 16:01:09,740 p=27749 u=maharavo n=ansible INFO| /
2025-12-15 16:01:09,840 p=27749 u=maharavo n=ansible INFO| -
2025-12-15 16:01:09,940 p=27749 u=maharavo n=ansible INFO| \
2025-12-15 16:01:10,041 p=27749 u=maharavo n=ansible INFO| |
2025-12-15 16:01:10,141 p=27749 u=maharavo n=ansible INFO| /
2025-12-15 16:01:10,242 p=27749 u=maharavo n=ansible INFO| -
2025-12-15 16:01:10,344 p=27749 u=maharavo n=ansible INFO| \
2025-12-15 16:01:10,445 p=27749 u=maharavo n=ansible INFO| |
2025-12-15 16:01:10,545 p=27749 u=maharavo n=ansible INFO| /
2025-12-15 16:01:10,645 p=27749 u=maharavo n=ansible INFO| -
2025-12-15 16:01:10,746 p=27749 u=maharavo n=ansible INFO| \
2025-12-15 16:01:10,846 p=27749 u=maharavo n=ansible INFO| |
2025-12-15 16:01:10,946 p=27749 u=maharavo n=ansible INFO| /
2025-12-15 16:01:11,047 p=27749 u=maharavo n=ansible INFO| -
2025-12-15 16:01:11,147 p=27749 u=maharavo n=ansible INFO| \
2025-12-15 16:01:11,247 p=27749 u=maharavo n=ansible INFO| |
2025-12-15 16:01:11,347 p=27749 u=maharavo n=ansible INFO| /
2025-12-15 16:01:11,448 p=27749 u=maharavo n=ansible INFO| -
2025-12-15 16:01:11,548 p=27749 u=maharavo n=ansible INFO| \
2025-12-15 16:01:11,649 p=27749 u=maharavo n=ansible INFO| |
2025-12-15 16:01:11,749 p=27749 u=maharavo n=ansible INFO| /
2025-12-15 16:01:11,850 p=27749 u=maharavo n=ansible INFO| -
2025-12-15 16:01:11,950 p=27749 u=maharavo n=ansible INFO| \
2025-12-15 16:01:12,051 p=27749 u=maharavo n=ansible INFO| |
2025-12-15 16:01:12,151 p=27749 u=maharavo n=ansible INFO| /
2025-12-15 16:01:12,252 p=27749 u=maharavo n=ansible INFO| -
2025-12-15 16:01:12,352 p=27749 u=maharavo n=ansible INFO| \
2025-12-15 16:01:12,453 p=27749 u=maharavo n=ansible INFO| |
2025-12-15 16:01:12,553 p=27749 u=maharavo n=ansible INFO| /
2025-12-15 16:01:12,654 p=27749 u=maharavo n=ansible INFO| -
2025-12-15 16:01:12,754 p=27749 u=maharavo n=ansible INFO| \
2025-12-15 16:01:12,854 p=27749 u=maharavo n=ansible INFO| |
2025-12-15 16:01:12,955 p=27749 u=maharavo n=ansible INFO| /
2025-12-15 16:01:13,055 p=27749 u=maharavo n=ansible INFO| -
2025-12-15 16:01:13,156 p=27749 u=maharavo n=ansible INFO| \
2025-12-15 16:01:13,257 p=27749 u=maharavo n=ansible INFO| |
2025-12-15 16:01:13,358 p=27749 u=maharavo n=ansible INFO| /
2025-12-15 16:01:13,458 p=27749 u=maharavo n=ansible INFO| -
2025-12-15 16:01:13,559 p=27749 u=maharavo n=ansible INFO| \
2025-12-15 16:01:13,660 p=27749 u=maharavo n=ansible INFO| |
2025-12-15 16:01:13,760 p=27749 u=maharavo n=ansible INFO| /
2025-12-15 16:01:13,861 p=27749 u=maharavo n=ansible INFO| -
2025-12-15 16:01:13,961 p=27749 u=maharavo n=ansible INFO| \
2025-12-15 16:01:14,062 p=27749 u=maharavo n=ansible INFO| |
2025-12-15 16:01:14,162 p=27749 u=maharavo n=ansible INFO| /
2025-12-15 16:01:14,263 p=27749 u=maharavo n=ansible INFO| -
2025-12-15 16:01:14,363 p=27749 u=maharavo n=ansible INFO| \
2025-12-15 16:01:14,463 p=27749 u=maharavo n=ansible INFO| |
2025-12-15 16:01:14,564 p=27749 u=maharavo n=ansible INFO| /
2025-12-15 16:01:14,664 p=27749 u=maharavo n=ansible INFO| -
2025-12-15 16:01:14,767 p=27749 u=maharavo n=ansible INFO| \
2025-12-15 16:01:14,867 p=27749 u=maharavo n=ansible INFO| |
2025-12-15 16:01:14,968 p=27749 u=maharavo n=ansible INFO| /
2025-12-15 16:01:15,068 p=27749 u=maharavo n=ansible INFO| -
2025-12-15 16:01:15,169 p=27749 u=maharavo n=ansible INFO| \
2025-12-15 16:01:15,269 p=27749 u=maharavo n=ansible INFO| |
2025-12-15 16:01:15,369 p=27749 u=maharavo n=ansible INFO| /
2025-12-15 16:01:15,469 p=27749 u=maharavo n=ansible INFO| -
2025-12-15 16:01:15,570 p=27749 u=maharavo n=ansible INFO| \
2025-12-15 16:01:15,670 p=27749 u=maharavo n=ansible INFO| |
2025-12-15 16:01:15,770 p=27749 u=maharavo n=ansible INFO| /
2025-12-15 16:01:15,871 p=27749 u=maharavo n=ansible INFO| -
2025-12-15 16:01:15,971 p=27749 u=maharavo n=ansible INFO| \
2025-12-15 16:01:16,072 p=27749 u=maharavo n=ansible INFO| |
2025-12-15 16:01:16,172 p=27749 u=maharavo n=ansible INFO| /
2025-12-15 16:01:16,273 p=27749 u=maharavo n=ansible INFO| -
2025-12-15 16:01:16,373 p=27749 u=maharavo n=ansible INFO| \
2025-12-15 16:01:16,474 p=27749 u=maharavo n=ansible INFO| |
2025-12-15 16:01:16,575 p=27749 u=maharavo n=ansible INFO| /
2025-12-15 16:01:16,675 p=27749 u=maharavo n=ansible INFO| -
2025-12-15 16:01:16,775 p=27749 u=maharavo n=ansible INFO| \
2025-12-15 16:01:16,876 p=27749 u=maharavo n=ansible INFO| |
2025-12-15 16:01:16,976 p=27749 u=maharavo n=ansible INFO| /
2025-12-15 16:01:17,077 p=27749 u=maharavo n=ansible INFO| -
2025-12-15 16:01:17,177 p=27749 u=maharavo n=ansible INFO| \
2025-12-15 16:01:17,277 p=27749 u=maharavo n=ansible INFO| |
2025-12-15 16:01:17,378 p=27749 u=maharavo n=ansible INFO| /
2025-12-15 16:01:17,478 p=27749 u=maharavo n=ansible INFO| -
2025-12-15 16:01:17,579 p=27749 u=maharavo n=ansible INFO| \
2025-12-15 16:01:17,679 p=27749 u=maharavo n=ansible INFO| |
2025-12-15 16:01:17,780 p=27749 u=maharavo n=ansible INFO| /
2025-12-15 16:01:17,880 p=27749 u=maharavo n=ansible INFO| -
2025-12-15 16:01:17,981 p=27749 u=maharavo n=ansible INFO| \
2025-12-15 16:01:18,081 p=27749 u=maharavo n=ansible INFO| |
2025-12-15 16:01:18,182 p=27749 u=maharavo n=ansible INFO| /
2025-12-15 16:01:18,282 p=27749 u=maharavo n=ansible INFO| -
2025-12-15 16:01:18,383 p=27749 u=maharavo n=ansible INFO| \
2025-12-15 16:01:18,483 p=27749 u=maharavo n=ansible INFO| |
2025-12-15 16:01:18,584 p=27749 u=maharavo n=ansible INFO| /
2025-12-15 16:01:18,684 p=27749 u=maharavo n=ansible INFO| -
2025-12-15 16:01:18,785 p=27749 u=maharavo n=ansible INFO| \
2025-12-15 16:01:18,885 p=27749 u=maharavo n=ansible INFO| |
2025-12-15 16:01:18,986 p=27749 u=maharavo n=ansible INFO| /
2025-12-15 16:01:19,086 p=27749 u=maharavo n=ansible INFO| -
2025-12-15 16:01:19,187 p=27749 u=maharavo n=ansible INFO| \
2025-12-15 16:01:19,287 p=27749 u=maharavo n=ansible INFO| |
2025-12-15 16:01:19,388 p=27749 u=maharavo n=ansible INFO| /
2025-12-15 16:01:19,488 p=27749 u=maharavo n=ansible INFO| -
2025-12-15 16:01:19,589 p=27749 u=maharavo n=ansible INFO| \
2025-12-15 16:01:19,689 p=27749 u=maharavo n=ansible INFO| |
2025-12-15 16:01:19,789 p=27749 u=maharavo n=ansible INFO| /
2025-12-15 16:01:19,890 p=27749 u=maharavo n=ansible INFO| -
2025-12-15 16:01:19,990 p=27749 u=maharavo n=ansible INFO| \
2025-12-15 16:01:20,090 p=27749 u=maharavo n=ansible INFO| |
2025-12-15 16:01:20,191 p=27749 u=maharavo n=ansible INFO| /
2025-12-15 16:01:20,291 p=27749 u=maharavo n=ansible INFO| -
2025-12-15 16:01:20,391 p=27749 u=maharavo n=ansible INFO| \
2025-12-15 16:01:20,492 p=27749 u=maharavo n=ansible INFO| |
2025-12-15 16:01:20,592 p=27749 u=maharavo n=ansible INFO| /
2025-12-15 16:01:20,692 p=27749 u=maharavo n=ansible INFO| -
2025-12-15 16:01:20,793 p=27749 u=maharavo n=ansible INFO| \
2025-12-15 16:01:20,893 p=27749 u=maharavo n=ansible INFO| |
2025-12-15 16:01:20,993 p=27749 u=maharavo n=ansible INFO| /
2025-12-15 16:01:21,093 p=27749 u=maharavo n=ansible INFO| -
2025-12-15 16:01:21,194 p=27749 u=maharavo n=ansible INFO| \
2025-12-15 16:01:21,294 p=27749 u=maharavo n=ansible INFO| |
2025-12-15 16:01:21,395 p=27749 u=maharavo n=ansible INFO| /
2025-12-15 16:01:21,495 p=27749 u=maharavo n=ansible INFO| -
2025-12-15 16:01:21,596 p=27749 u=maharavo n=ansible INFO| \
2025-12-15 16:01:21,696 p=27749 u=maharavo n=ansible INFO| |
2025-12-15 16:01:21,797 p=27749 u=maharavo n=ansible INFO| /
2025-12-15 16:01:21,897 p=27749 u=maharavo n=ansible INFO| -
2025-12-15 16:01:21,997 p=27749 u=maharavo n=ansible INFO| \
2025-12-15 16:01:22,098 p=27749 u=maharavo n=ansible INFO| |
2025-12-15 16:01:22,198 p=27749 u=maharavo n=ansible INFO| /
2025-12-15 16:01:22,299 p=27749 u=maharavo n=ansible INFO| -
2025-12-15 16:01:22,399 p=27749 u=maharavo n=ansible INFO| \
2025-12-15 16:01:22,500 p=27749 u=maharavo n=ansible INFO| |
2025-12-15 16:01:22,600 p=27749 u=maharavo n=ansible INFO| /
2025-12-15 16:01:22,701 p=27749 u=maharavo n=ansible INFO| -
2025-12-15 16:01:22,801 p=27749 u=maharavo n=ansible INFO| \
2025-12-15 16:01:22,902 p=27749 u=maharavo n=ansible INFO| |
2025-12-15 16:01:23,002 p=27749 u=maharavo n=ansible INFO| /
2025-12-15 16:01:23,103 p=27749 u=maharavo n=ansible INFO| -
2025-12-15 16:01:23,203 p=27749 u=maharavo n=ansible INFO| \
2025-12-15 16:01:23,304 p=27749 u=maharavo n=ansible INFO| |
2025-12-15 16:01:23,404 p=27749 u=maharavo n=ansible INFO| /
2025-12-15 16:01:23,505 p=27749 u=maharavo n=ansible INFO| -
2025-12-15 16:01:23,605 p=27749 u=maharavo n=ansible INFO| \
2025-12-15 16:01:23,706 p=27749 u=maharavo n=ansible INFO| |
2025-12-15 16:01:23,807 p=27749 u=maharavo n=ansible INFO| /
2025-12-15 16:01:23,907 p=27749 u=maharavo n=ansible INFO| -
2025-12-15 16:01:24,007 p=27749 u=maharavo n=ansible INFO| \
2025-12-15 16:01:24,108 p=27749 u=maharavo n=ansible INFO| |
2025-12-15 16:01:24,208 p=27749 u=maharavo n=ansible INFO| /
2025-12-15 16:01:24,309 p=27749 u=maharavo n=ansible INFO| -
2025-12-15 16:01:24,409 p=27749 u=maharavo n=ansible INFO| \
2025-12-15 16:01:24,510 p=27749 u=maharavo n=ansible INFO| |
2025-12-15 16:01:24,610 p=27749 u=maharavo n=ansible INFO| /
2025-12-15 16:01:24,710 p=27749 u=maharavo n=ansible INFO| -
2025-12-15 16:01:24,811 p=27749 u=maharavo n=ansible INFO| \
2025-12-15 16:01:24,911 p=27749 u=maharavo n=ansible INFO| |
2025-12-15 16:01:25,011 p=27749 u=maharavo n=ansible INFO| /
2025-12-15 16:01:25,112 p=27749 u=maharavo n=ansible INFO| -
2025-12-15 16:01:25,212 p=27749 u=maharavo n=ansible INFO| \
2025-12-15 16:01:25,313 p=27749 u=maharavo n=ansible INFO| |
2025-12-15 16:01:25,413 p=27749 u=maharavo n=ansible INFO| /
2025-12-15 16:01:25,513 p=27749 u=maharavo n=ansible INFO| -
2025-12-15 16:01:25,614 p=27749 u=maharavo n=ansible INFO| \
2025-12-15 16:01:25,714 p=27749 u=maharavo n=ansible INFO| |
2025-12-15 16:01:25,815 p=27749 u=maharavo n=ansible INFO| /
2025-12-15 16:01:25,915 p=27749 u=maharavo n=ansible INFO| -
2025-12-15 16:01:26,016 p=27749 u=maharavo n=ansible INFO| \
2025-12-15 16:01:26,117 p=27749 u=maharavo n=ansible INFO| |
2025-12-15 16:01:26,217 p=27749 u=maharavo n=ansible INFO| /
2025-12-15 16:01:26,318 p=27749 u=maharavo n=ansible INFO| -
2025-12-15 16:01:26,418 p=27749 u=maharavo n=ansible INFO| \
2025-12-15 16:01:26,519 p=27749 u=maharavo n=ansible INFO| |
2025-12-15 16:01:26,620 p=27749 u=maharavo n=ansible INFO| /
2025-12-15 16:01:26,720 p=27749 u=maharavo n=ansible INFO| -
2025-12-15 16:01:26,820 p=27749 u=maharavo n=ansible INFO| \
2025-12-15 16:01:26,921 p=27749 u=maharavo n=ansible INFO| |
2025-12-15 16:01:27,021 p=27749 u=maharavo n=ansible INFO| /
2025-12-15 16:01:27,122 p=27749 u=maharavo n=ansible INFO| -
2025-12-15 16:01:27,222 p=27749 u=maharavo n=ansible INFO| \
2025-12-15 16:01:27,323 p=27749 u=maharavo n=ansible INFO| |
2025-12-15 16:01:27,423 p=27749 u=maharavo n=ansible INFO| /
2025-12-15 16:01:27,524 p=27749 u=maharavo n=ansible INFO| -
2025-12-15 16:01:27,624 p=27749 u=maharavo n=ansible INFO| \
2025-12-15 16:01:27,725 p=27749 u=maharavo n=ansible INFO| |
2025-12-15 16:01:27,825 p=27749 u=maharavo n=ansible INFO| /
2025-12-15 16:01:27,926 p=27749 u=maharavo n=ansible INFO| -
2025-12-15 16:01:28,026 p=27749 u=maharavo n=ansible INFO| \
2025-12-15 16:01:28,127 p=27749 u=maharavo n=ansible INFO| |
2025-12-15 16:01:28,227 p=27749 u=maharavo n=ansible INFO| /
2025-12-15 16:01:28,327 p=27749 u=maharavo n=ansible INFO| -
2025-12-15 16:01:28,428 p=27749 u=maharavo n=ansible INFO| \
2025-12-15 16:01:28,528 p=27749 u=maharavo n=ansible INFO| |
2025-12-15 16:01:28,629 p=27749 u=maharavo n=ansible INFO| /
2025-12-15 16:01:28,729 p=27749 u=maharavo n=ansible INFO| -
2025-12-15 16:01:28,829 p=27749 u=maharavo n=ansible INFO| \
2025-12-15 16:01:28,930 p=27749 u=maharavo n=ansible INFO| |
2025-12-15 16:01:29,030 p=27749 u=maharavo n=ansible INFO| /
2025-12-15 16:01:29,130 p=27749 u=maharavo n=ansible INFO| -
2025-12-15 16:01:29,231 p=27749 u=maharavo n=ansible INFO| \
2025-12-15 16:01:29,331 p=27749 u=maharavo n=ansible INFO| |
2025-12-15 16:01:29,432 p=27749 u=maharavo n=ansible INFO| /
2025-12-15 16:01:29,532 p=27749 u=maharavo n=ansible INFO| -
2025-12-15 16:01:29,632 p=27749 u=maharavo n=ansible INFO| \
2025-12-15 16:01:29,733 p=27749 u=maharavo n=ansible INFO| |
2025-12-15 16:01:29,833 p=27749 u=maharavo n=ansible INFO| /
2025-12-15 16:01:29,934 p=27749 u=maharavo n=ansible INFO| -
2025-12-15 16:01:30,034 p=27749 u=maharavo n=ansible INFO| \
2025-12-15 16:01:30,135 p=27749 u=maharavo n=ansible INFO| |
2025-12-15 16:01:30,235 p=27749 u=maharavo n=ansible INFO| /
2025-12-15 16:01:30,335 p=27749 u=maharavo n=ansible INFO| -
2025-12-15 16:01:30,436 p=27749 u=maharavo n=ansible INFO| \
2025-12-15 16:01:30,536 p=27749 u=maharavo n=ansible INFO| |
2025-12-15 16:01:30,637 p=27749 u=maharavo n=ansible INFO| /
2025-12-15 16:01:30,737 p=27749 u=maharavo n=ansible INFO| -
2025-12-15 16:01:30,838 p=27749 u=maharavo n=ansible INFO| \
2025-12-15 16:01:30,938 p=27749 u=maharavo n=ansible INFO| |
2025-12-15 16:01:31,039 p=27749 u=maharavo n=ansible INFO| /
2025-12-15 16:01:31,139 p=27749 u=maharavo n=ansible INFO| -
2025-12-15 16:01:31,240 p=27749 u=maharavo n=ansible INFO| \
2025-12-15 16:01:31,340 p=27749 u=maharavo n=ansible INFO| |
2025-12-15 16:01:31,441 p=27749 u=maharavo n=ansible INFO| /
2025-12-15 16:01:31,541 p=27749 u=maharavo n=ansible INFO| -
2025-12-15 16:01:31,642 p=27749 u=maharavo n=ansible INFO| \
2025-12-15 16:01:31,743 p=27749 u=maharavo n=ansible INFO| |
2025-12-15 16:01:31,843 p=27749 u=maharavo n=ansible INFO| /
2025-12-15 16:01:31,944 p=27749 u=maharavo n=ansible INFO| -
2025-12-15 16:01:32,044 p=27749 u=maharavo n=ansible INFO| \
2025-12-15 16:01:32,145 p=27749 u=maharavo n=ansible INFO| |
2025-12-15 16:01:32,245 p=27749 u=maharavo n=ansible INFO| /
2025-12-15 16:01:32,346 p=27749 u=maharavo n=ansible INFO| -
2025-12-15 16:01:32,446 p=27749 u=maharavo n=ansible INFO| \
2025-12-15 16:01:32,547 p=27749 u=maharavo n=ansible INFO| |
2025-12-15 16:01:32,647 p=27749 u=maharavo n=ansible INFO| /
2025-12-15 16:01:32,748 p=27749 u=maharavo n=ansible INFO| -
2025-12-15 16:01:32,848 p=27749 u=maharavo n=ansible INFO| \
2025-12-15 16:01:32,949 p=27749 u=maharavo n=ansible INFO| |
2025-12-15 16:01:33,049 p=27749 u=maharavo n=ansible INFO| /
2025-12-15 16:01:33,149 p=27749 u=maharavo n=ansible INFO| -
2025-12-15 16:01:33,250 p=27749 u=maharavo n=ansible INFO| \
2025-12-15 16:01:33,350 p=27749 u=maharavo n=ansible INFO| |
2025-12-15 16:01:33,451 p=27749 u=maharavo n=ansible INFO| /
2025-12-15 16:01:33,551 p=27749 u=maharavo n=ansible INFO| -
2025-12-15 16:01:33,652 p=27749 u=maharavo n=ansible INFO| \
2025-12-15 16:01:33,753 p=27749 u=maharavo n=ansible INFO| |
2025-12-15 16:01:33,853 p=27749 u=maharavo n=ansible INFO| /
2025-12-15 16:01:33,953 p=27749 u=maharavo n=ansible INFO| -
2025-12-15 16:01:34,054 p=27749 u=maharavo n=ansible INFO| \
2025-12-15 16:01:34,154 p=27749 u=maharavo n=ansible INFO| |
2025-12-15 16:01:34,254 p=27749 u=maharavo n=ansible INFO| /
2025-12-15 16:01:34,356 p=27749 u=maharavo n=ansible INFO| -
2025-12-15 16:01:34,456 p=27749 u=maharavo n=ansible INFO| \
2025-12-15 16:01:34,557 p=27749 u=maharavo n=ansible INFO| |
2025-12-15 16:01:34,657 p=27749 u=maharavo n=ansible INFO| /
2025-12-15 16:01:34,758 p=27749 u=maharavo n=ansible INFO| -
2025-12-15 16:01:34,858 p=27749 u=maharavo n=ansible INFO| \
2025-12-15 16:01:34,959 p=27749 u=maharavo n=ansible INFO| |
2025-12-15 16:01:35,059 p=27749 u=maharavo n=ansible INFO| /
2025-12-15 16:01:35,159 p=27749 u=maharavo n=ansible INFO| -
2025-12-15 16:01:35,260 p=27749 u=maharavo n=ansible INFO| \
2025-12-15 16:01:35,361 p=27749 u=maharavo n=ansible INFO| |
2025-12-15 16:01:35,461 p=27749 u=maharavo n=ansible INFO| /
2025-12-15 16:01:35,561 p=27749 u=maharavo n=ansible INFO| -
2025-12-15 16:01:35,662 p=27749 u=maharavo n=ansible INFO| \
2025-12-15 16:01:35,762 p=27749 u=maharavo n=ansible INFO| |
2025-12-15 16:01:35,862 p=27749 u=maharavo n=ansible INFO| /
2025-12-15 16:01:35,963 p=27749 u=maharavo n=ansible INFO| -
2025-12-15 16:01:36,063 p=27749 u=maharavo n=ansible INFO| \
2025-12-15 16:01:36,163 p=27749 u=maharavo n=ansible INFO| |
2025-12-15 16:01:36,264 p=27749 u=maharavo n=ansible INFO| /
2025-12-15 16:01:36,364 p=27749 u=maharavo n=ansible INFO| -
2025-12-15 16:01:36,465 p=27749 u=maharavo n=ansible INFO| \
2025-12-15 16:01:36,565 p=27749 u=maharavo n=ansible INFO| |
2025-12-15 16:01:36,666 p=27749 u=maharavo n=ansible INFO| /
2025-12-15 16:01:36,766 p=27749 u=maharavo n=ansible INFO| -
2025-12-15 16:01:36,866 p=27749 u=maharavo n=ansible INFO| \
2025-12-15 16:01:36,967 p=27749 u=maharavo n=ansible INFO| |
2025-12-15 16:01:37,067 p=27749 u=maharavo n=ansible INFO| /
2025-12-15 16:01:37,168 p=27749 u=maharavo n=ansible INFO| -
2025-12-15 16:01:37,268 p=27749 u=maharavo n=ansible INFO| \
2025-12-15 16:01:37,369 p=27749 u=maharavo n=ansible INFO| |
2025-12-15 16:01:37,469 p=27749 u=maharavo n=ansible INFO| /
2025-12-15 16:01:37,570 p=27749 u=maharavo n=ansible INFO| -
2025-12-15 16:01:37,671 p=27749 u=maharavo n=ansible INFO| \
2025-12-15 16:01:37,771 p=27749 u=maharavo n=ansible INFO| |
2025-12-15 16:01:37,872 p=27749 u=maharavo n=ansible INFO| /
2025-12-15 16:01:37,972 p=27749 u=maharavo n=ansible INFO| -
2025-12-15 16:01:38,073 p=27749 u=maharavo n=ansible INFO| \
2025-12-15 16:01:38,173 p=27749 u=maharavo n=ansible INFO| |
2025-12-15 16:01:38,273 p=27749 u=maharavo n=ansible INFO| /
2025-12-15 16:01:38,374 p=27749 u=maharavo n=ansible INFO| -
2025-12-15 16:01:38,474 p=27749 u=maharavo n=ansible INFO| \
2025-12-15 16:01:38,575 p=27749 u=maharavo n=ansible INFO| |
2025-12-15 16:01:38,675 p=27749 u=maharavo n=ansible INFO| /
2025-12-15 16:01:38,775 p=27749 u=maharavo n=ansible INFO| -
2025-12-15 16:01:38,876 p=27749 u=maharavo n=ansible INFO| \
2025-12-15 16:01:38,976 p=27749 u=maharavo n=ansible INFO| |
2025-12-15 16:01:39,076 p=27749 u=maharavo n=ansible INFO| /
2025-12-15 16:01:39,177 p=27749 u=maharavo n=ansible INFO| -
2025-12-15 16:01:39,277 p=27749 u=maharavo n=ansible INFO| \
2025-12-15 16:01:39,378 p=27749 u=maharavo n=ansible INFO| |
2025-12-15 16:01:39,479 p=27749 u=maharavo n=ansible INFO| /
2025-12-15 16:01:39,579 p=27749 u=maharavo n=ansible INFO| -
2025-12-15 16:01:39,680 p=27749 u=maharavo n=ansible INFO| \
2025-12-15 16:01:39,780 p=27749 u=maharavo n=ansible INFO| |
2025-12-15 16:01:39,881 p=27749 u=maharavo n=ansible INFO| /
2025-12-15 16:01:39,981 p=27749 u=maharavo n=ansible INFO| -
2025-12-15 16:01:40,082 p=27749 u=maharavo n=ansible INFO| \
2025-12-15 16:01:40,182 p=27749 u=maharavo n=ansible INFO| |
2025-12-15 16:01:40,283 p=27749 u=maharavo n=ansible INFO| /
2025-12-15 16:01:40,383 p=27749 u=maharavo n=ansible INFO| -
2025-12-15 16:01:40,485 p=27749 u=maharavo n=ansible INFO| \
2025-12-15 16:01:40,586 p=27749 u=maharavo n=ansible INFO| |
2025-12-15 16:01:40,686 p=27749 u=maharavo n=ansible INFO| /
2025-12-15 16:01:40,787 p=27749 u=maharavo n=ansible INFO| -
2025-12-15 16:01:40,887 p=27749 u=maharavo n=ansible INFO| \
2025-12-15 16:01:40,987 p=27749 u=maharavo n=ansible INFO| |
2025-12-15 16:01:41,088 p=27749 u=maharavo n=ansible INFO| /
2025-12-15 16:01:41,188 p=27749 u=maharavo n=ansible INFO| -
2025-12-15 16:01:41,289 p=27749 u=maharavo n=ansible INFO| \
2025-12-15 16:01:41,389 p=27749 u=maharavo n=ansible INFO| |
2025-12-15 16:01:41,490 p=27749 u=maharavo n=ansible INFO| /
2025-12-15 16:01:41,590 p=27749 u=maharavo n=ansible INFO| -
2025-12-15 16:01:41,691 p=27749 u=maharavo n=ansible INFO| \
2025-12-15 16:01:41,791 p=27749 u=maharavo n=ansible INFO| |
2025-12-15 16:01:41,892 p=27749 u=maharavo n=ansible INFO| /
2025-12-15 16:01:41,993 p=27749 u=maharavo n=ansible INFO| -
2025-12-15 16:01:42,093 p=27749 u=maharavo n=ansible INFO| \
2025-12-15 16:01:42,194 p=27749 u=maharavo n=ansible INFO| |
2025-12-15 16:01:42,294 p=27749 u=maharavo n=ansible INFO| /
2025-12-15 16:01:42,394 p=27749 u=maharavo n=ansible INFO| -
2025-12-15 16:01:42,495 p=27749 u=maharavo n=ansible INFO| \
2025-12-15 16:01:42,595 p=27749 u=maharavo n=ansible INFO| |
2025-12-15 16:01:42,695 p=27749 u=maharavo n=ansible INFO| /
2025-12-15 16:01:42,796 p=27749 u=maharavo n=ansible INFO| -
2025-12-15 16:01:42,896 p=27749 u=maharavo n=ansible INFO| \
2025-12-15 16:01:42,997 p=27749 u=maharavo n=ansible INFO| |
2025-12-15 16:01:43,097 p=27749 u=maharavo n=ansible INFO| /
2025-12-15 16:01:43,198 p=27749 u=maharavo n=ansible INFO| -
2025-12-15 16:01:43,299 p=27749 u=maharavo n=ansible INFO| \
2025-12-15 16:01:43,399 p=27749 u=maharavo n=ansible INFO| |
2025-12-15 16:01:43,500 p=27749 u=maharavo n=ansible INFO| /
2025-12-15 16:01:43,600 p=27749 u=maharavo n=ansible INFO| -
2025-12-15 16:01:43,701 p=27749 u=maharavo n=ansible INFO| \
2025-12-15 16:01:43,801 p=27749 u=maharavo n=ansible INFO| |
2025-12-15 16:01:43,902 p=27749 u=maharavo n=ansible INFO| /
2025-12-15 16:01:44,002 p=27749 u=maharavo n=ansible INFO| -
2025-12-15 16:01:44,102 p=27749 u=maharavo n=ansible INFO| \
2025-12-15 16:01:44,203 p=27749 u=maharavo n=ansible INFO| |
2025-12-15 16:01:44,303 p=27749 u=maharavo n=ansible INFO| /
2025-12-15 16:01:44,403 p=27749 u=maharavo n=ansible INFO| -
2025-12-15 16:01:44,504 p=27749 u=maharavo n=ansible INFO| \
2025-12-15 16:01:44,604 p=27749 u=maharavo n=ansible INFO| |
2025-12-15 16:01:44,705 p=27749 u=maharavo n=ansible INFO| /
2025-12-15 16:01:44,805 p=27749 u=maharavo n=ansible INFO| -
2025-12-15 16:01:44,905 p=27749 u=maharavo n=ansible INFO| \
2025-12-15 16:01:45,006 p=27749 u=maharavo n=ansible INFO| |
2025-12-15 16:01:45,106 p=27749 u=maharavo n=ansible INFO| /
2025-12-15 16:01:45,207 p=27749 u=maharavo n=ansible INFO| -
2025-12-15 16:01:45,307 p=27749 u=maharavo n=ansible INFO| \
2025-12-15 16:01:45,408 p=27749 u=maharavo n=ansible INFO| |
2025-12-15 16:01:45,508 p=27749 u=maharavo n=ansible INFO| /
2025-12-15 16:01:45,609 p=27749 u=maharavo n=ansible INFO| -
2025-12-15 16:01:45,709 p=27749 u=maharavo n=ansible INFO| \
2025-12-15 16:01:45,809 p=27749 u=maharavo n=ansible INFO| |
2025-12-15 16:01:45,910 p=27749 u=maharavo n=ansible INFO| /
2025-12-15 16:01:46,010 p=27749 u=maharavo n=ansible INFO| -
2025-12-15 16:01:46,111 p=27749 u=maharavo n=ansible INFO| \
2025-12-15 16:01:46,212 p=27749 u=maharavo n=ansible INFO| |
2025-12-15 16:01:46,312 p=27749 u=maharavo n=ansible INFO| /
2025-12-15 16:01:46,412 p=27749 u=maharavo n=ansible INFO| -
2025-12-15 16:01:46,513 p=27749 u=maharavo n=ansible INFO| \
2025-12-15 16:01:46,613 p=27749 u=maharavo n=ansible INFO| |
2025-12-15 16:01:46,714 p=27749 u=maharavo n=ansible INFO| /
2025-12-15 16:01:46,815 p=27749 u=maharavo n=ansible INFO| -
2025-12-15 16:01:46,915 p=27749 u=maharavo n=ansible INFO| \
2025-12-15 16:01:47,016 p=27749 u=maharavo n=ansible INFO| |
2025-12-15 16:01:47,116 p=27749 u=maharavo n=ansible INFO| /
2025-12-15 16:01:47,217 p=27749 u=maharavo n=ansible INFO| -
2025-12-15 16:01:47,317 p=27749 u=maharavo n=ansible INFO| \
2025-12-15 16:01:47,417 p=27749 u=maharavo n=ansible INFO| |
2025-12-15 16:01:47,518 p=27749 u=maharavo n=ansible INFO| /
2025-12-15 16:01:47,618 p=27749 u=maharavo n=ansible INFO| -
2025-12-15 16:01:47,719 p=27749 u=maharavo n=ansible INFO| \
2025-12-15 16:01:47,819 p=27749 u=maharavo n=ansible INFO| |
2025-12-15 16:01:47,920 p=27749 u=maharavo n=ansible INFO| /
2025-12-15 16:01:48,020 p=27749 u=maharavo n=ansible INFO| -
2025-12-15 16:01:48,121 p=27749 u=maharavo n=ansible INFO| \
2025-12-15 16:01:48,221 p=27749 u=maharavo n=ansible INFO| |
2025-12-15 16:01:48,321 p=27749 u=maharavo n=ansible INFO| /
2025-12-15 16:01:48,421 p=27749 u=maharavo n=ansible INFO| -
2025-12-15 16:01:48,522 p=27749 u=maharavo n=ansible INFO| \
2025-12-15 16:01:48,622 p=27749 u=maharavo n=ansible INFO| |
2025-12-15 16:01:48,723 p=27749 u=maharavo n=ansible INFO| /
2025-12-15 16:01:48,823 p=27749 u=maharavo n=ansible INFO| Installing 'community.general:12.1.0' to '/home/maharavo/.ansible/collections/ansible_collections/community/general'
2025-12-15 16:01:48,824 p=27749 u=maharavo n=ansible INFO| -
2025-12-15 16:01:48,924 p=27749 u=maharavo n=ansible INFO| \
2025-12-15 16:01:49,024 p=27749 u=maharavo n=ansible INFO| |
2025-12-15 16:01:49,125 p=27749 u=maharavo n=ansible INFO| /
2025-12-15 16:01:49,225 p=27749 u=maharavo n=ansible INFO| -
2025-12-15 16:01:49,326 p=27749 u=maharavo n=ansible INFO| \
2025-12-15 16:01:49,426 p=27749 u=maharavo n=ansible INFO| |
2025-12-15 16:01:49,527 p=27749 u=maharavo n=ansible INFO| /
2025-12-15 16:01:49,628 p=27749 u=maharavo n=ansible INFO| -
2025-12-15 16:01:49,729 p=27749 u=maharavo n=ansible INFO| \
2025-12-15 16:01:49,830 p=27749 u=maharavo n=ansible INFO| |
2025-12-15 16:01:49,930 p=27749 u=maharavo n=ansible INFO| /
2025-12-15 16:01:50,031 p=27749 u=maharavo n=ansible INFO| -
2025-12-15 16:01:50,132 p=27749 u=maharavo n=ansible INFO| \
2025-12-15 16:01:50,232 p=27749 u=maharavo n=ansible INFO| |
2025-12-15 16:01:50,332 p=27749 u=maharavo n=ansible INFO| /
2025-12-15 16:01:50,433 p=27749 u=maharavo n=ansible INFO| -
2025-12-15 16:01:50,533 p=27749 u=maharavo n=ansible INFO| \
2025-12-15 16:01:50,633 p=27749 u=maharavo n=ansible INFO| |
2025-12-15 16:01:50,733 p=27749 u=maharavo n=ansible INFO| /
2025-12-15 16:01:50,834 p=27749 u=maharavo n=ansible INFO| -
2025-12-15 16:01:50,934 p=27749 u=maharavo n=ansible INFO| \
2025-12-15 16:01:51,034 p=27749 u=maharavo n=ansible INFO| |
2025-12-15 16:01:51,135 p=27749 u=maharavo n=ansible INFO| /
2025-12-15 16:01:51,235 p=27749 u=maharavo n=ansible INFO| -
2025-12-15 16:01:51,335 p=27749 u=maharavo n=ansible INFO| \
2025-12-15 16:01:51,436 p=27749 u=maharavo n=ansible INFO| |
2025-12-15 16:01:51,536 p=27749 u=maharavo n=ansible INFO| /
2025-12-15 16:01:56,706 p=27749 u=maharavo n=ansible INFO| -
2025-12-15 16:01:56,806 p=27749 u=maharavo n=ansible INFO| \
2025-12-15 16:01:56,907 p=27749 u=maharavo n=ansible INFO| |
2025-12-15 16:01:57,007 p=27749 u=maharavo n=ansible INFO| /
2025-12-15 16:01:57,108 p=27749 u=maharavo n=ansible INFO| -
2025-12-15 16:01:57,208 p=27749 u=maharavo n=ansible INFO| \
2025-12-15 16:01:57,308 p=27749 u=maharavo n=ansible INFO| |
2025-12-15 16:01:57,409 p=27749 u=maharavo n=ansible INFO| /
2025-12-15 16:01:57,601 p=27749 u=maharavo n=ansible INFO| -
2025-12-15 16:01:57,756 p=27749 u=maharavo n=ansible INFO| \
2025-12-15 16:01:57,927 p=27749 u=maharavo n=ansible INFO| |
2025-12-15 16:01:58,070 p=27749 u=maharavo n=ansible INFO| /
2025-12-15 16:01:58,203 p=27749 u=maharavo n=ansible INFO| -
2025-12-15 16:01:58,615 p=27749 u=maharavo n=ansible INFO| \
2025-12-15 16:01:58,715 p=27749 u=maharavo n=ansible INFO| community.general:12.1.0 was installed successfully
2025-12-15 16:14:44,068 p=29541 u=maharavo n=ansible INFO| localhost | SUCCESS => {
    "changed": false,
    "ping": "pong"
}
2025-12-15 16:16:06,583 p=29772 u=maharavo n=ansible INFO| PLAY [Maintenance complète du système] *****************************************
2025-12-15 16:16:06,627 p=29772 u=maharavo n=ansible INFO| TASK [Gathering Facts] *********************************************************
2025-12-15 16:16:07,712 p=29772 u=maharavo n=ansible ERROR| [ERROR]: Task failed: Failed to connect to the host via ssh: ssh: connect to host 192.168.1.21 port 22: Connection refused

Task failed.

<<< caused by >>>

Failed to connect to the host via ssh: ssh: connect to host 192.168.1.21 port 22: Connection refused


2025-12-15 16:16:07,713 p=29772 u=maharavo n=ansible INFO| fatal: [pc1]: UNREACHABLE! => {"changed": false, "msg": "Task failed: Failed to connect to the host via ssh: ssh: connect to host 192.168.1.21 port 22: Connection refused", "unreachable": true}
2025-12-15 16:16:08,198 p=29772 u=maharavo n=ansible ERROR| [ERROR]: Task failed: Failed to connect to the host via ssh: ** WARNING: connection is not using a post-quantum key exchange algorithm.
** This session may be vulnerable to "store now, decrypt later" attacks.
** The server may need to be upgraded. See https://openssh.com/pq.html

-----BEGIN CERTIFICATE-----
MIIB6jCCAXCgAwIBAgIMAQAAAAAAAAABGh1XMAoGCCqGSM49BAMDMBsxGTAXBgNV
BAMTEFNwYWNlWCBSb3V0ZXIgQ0EwHhcNMjQwNjA3MDAwMDAwWhcNNDQwNjA3MDAw
MDAwWjBIMQswCQYDVQQGEwJVUzEPMA0GA1UEChMGU3BhY2VYMSgwJgYDVQQDEx9S
b3V0ZXItMDEwMDAwMDAwMDAwMDAwMDAxMUExRDU3MHYwEAYHKoZIzj0CAQYFK4EE
ACIDYgAEXRZTFP0rn8/yKtjO0RZjfvbfzxKzbYvDxpgbWCVzwYZMcGrvtSPOSPYn
4VPzyWZd3ygyxEfBInLFhun7d85AhTBBX55ZXS/A/yn2884QaePBEsLbRvUp/Z43
jD9aO9UQo1AwTjAdBgNVHQ4EFgQU+6o4qZYeCTJbgsYiefKD1phzePUwHwYDVR0j
BBgwFoAUXK1XuFQFitF8QKLiv/LDgeiTQiAwDAYDVR0TBAUwAwEBADAKBggqhkjO
PQQDAwNoADBlAjEAt0CNN6rRrEe1ZRfBgLtYP1Bg7D93tuT2eF+OBfcczKfD4rly
a+pB00hcjDxDUydyAjA5pu823zm3ybto9sTCCvmDMj+gxRv0YDb4gjVOTvlDrus2
KqSBAfJHtaFU40/lnxA=
-----END CERTIFICATE-----

                                                                   +
                                                    +
                                          +    +
                                   +     +
                              +      +
   + + + + +              +     +
     +        +       +     +
        +       + +      +
           +   +      +
             +      + +                      +-------------------------+
         +      +        +                   |                         |
      +       +    +        +                |           ._.           |
    +       +         +        +             |                         |
   + + + + +             + + + + +           +-------------------------+
--------------------------------------------------------------------------------
 That day, for no particular reason, I decided to go for a little route. So I
 routed to the end of the ethernet cable. And when I got there, I thought maybe
 I'd route to the end of the dishy. And when I got there, I thought maybe I'd
 just route across the satellites. And I figured, since I route this far, maybe
 I'd just route across the space lasers. And that's what I did. I routed clear
 across the Internet. For no particular reason I just kept on going. I routed
 clear to the old Club Penguin servers. And when I got there, I figured, since
 I'd gone this far, I might as well turn around, just keep on routing. When I
 got to a firewall, I figured, since I'd gone this far, I might as well just
 turn back, keep right on routing.

  2025.12.01.mr65826                        Router-0100000000000000011A1D57
--------------------------------------------------------------------------------
admin@192.168.1.1: Permission denied (publickey,keyboard-interactive).

Task failed.

<<< caused by >>>

Failed to connect to the host via ssh: ** WARNING: connection is not using a post-quantum key exchange algorithm.
** This session may be vulnerable to "store now, decrypt later" attacks.
** The server may need to be upgraded. See https://openssh.com/pq.html

-----BEGIN CERTIFICATE-----
MIIB6jCCAXCgAwIBAgIMAQAAAAAAAAABGh1XMAoGCCqGSM49BAMDMBsxGTAXBgNV
BAMTEFNwYWNlWCBSb3V0ZXIgQ0EwHhcNMjQwNjA3MDAwMDAwWhcNNDQwNjA3MDAw
MDAwWjBIMQswCQYDVQQGEwJVUzEPMA0GA1UEChMGU3BhY2VYMSgwJgYDVQQDEx9S
b3V0ZXItMDEwMDAwMDAwMDAwMDAwMDAxMUExRDU3MHYwEAYHKoZIzj0CAQYFK4EE
ACIDYgAEXRZTFP0rn8/yKtjO0RZjfvbfzxKzbYvDxpgbWCVzwYZMcGrvtSPOSPYn
4VPzyWZd3ygyxEfBInLFhun7d85AhTBBX55ZXS/A/yn2884QaePBEsLbRvUp/Z43
jD9aO9UQo1AwTjAdBgNVHQ4EFgQU+6o4qZYeCTJbgsYiefKD1phzePUwHwYDVR0j
BBgwFoAUXK1XuFQFitF8QKLiv/LDgeiTQiAwDAYDVR0TBAUwAwEBADAKBggqhkjO
PQQDAwNoADBlAjEAt0CNN6rRrEe1ZRfBgLtYP1Bg7D93tuT2eF+OBfcczKfD4rly
a+pB00hcjDxDUydyAjA5pu823zm3ybto9sTCCvmDMj+gxRv0YDb4gjVOTvlDrus2
KqSBAfJHtaFU40/lnxA=
-----END CERTIFICATE-----

                                                                   +
                                                    +
                                          +    +
                                   +     +
                              +      +
   + + + + +              +     +
     +        +       +     +
        +       + +      +
           +   +      +
             +      + +                      +-------------------------+
         +      +        +                   |                         |
      +       +    +        +                |           ._.           |
    +       +         +        +             |                         |
   + + + + +             + + + + +           +-------------------------+
--------------------------------------------------------------------------------
 That day, for no particular reason, I decided to go for a little route. So I
 routed to the end of the ethernet cable. And when I got there, I thought maybe
 I'd route to the end of the dishy. And when I got there, I thought maybe I'd
 just route across the satellites. And I figured, since I route this far, maybe
 I'd just route across the space lasers. And that's what I did. I routed clear
 across the Internet. For no particular reason I just kept on going. I routed
 clear to the old Club Penguin servers. And when I got there, I figured, since
 I'd gone this far, I might as well turn around, just keep on routing. When I
 got to a firewall, I figured, since I'd gone this far, I might as well just
 turn back, keep right on routing.

  2025.12.01.mr65826                        Router-0100000000000000011A1D57
--------------------------------------------------------------------------------
admin@192.168.1.1: Permission denied (publickey,keyboard-interactive).


2025-12-15 16:16:08,198 p=29772 u=maharavo n=ansible INFO| fatal: [router1]: UNREACHABLE! => {"changed": false, "msg": "Task failed: Failed to connect to the host via ssh: ** WARNING: connection is not using a post-quantum key exchange algorithm.\r\n** This session may be vulnerable to \"store now, decrypt later\" attacks.\r\n** The server may need to be upgraded. See https://openssh.com/pq.html\r\n\n-----BEGIN CERTIFICATE-----\nMIIB6jCCAXCgAwIBAgIMAQAAAAAAAAABGh1XMAoGCCqGSM49BAMDMBsxGTAXBgNV\nBAMTEFNwYWNlWCBSb3V0ZXIgQ0EwHhcNMjQwNjA3MDAwMDAwWhcNNDQwNjA3MDAw\nMDAwWjBIMQswCQYDVQQGEwJVUzEPMA0GA1UEChMGU3BhY2VYMSgwJgYDVQQDEx9S\nb3V0ZXItMDEwMDAwMDAwMDAwMDAwMDAxMUExRDU3MHYwEAYHKoZIzj0CAQYFK4EE\nACIDYgAEXRZTFP0rn8/yKtjO0RZjfvbfzxKzbYvDxpgbWCVzwYZMcGrvtSPOSPYn\n4VPzyWZd3ygyxEfBInLFhun7d85AhTBBX55ZXS/A/yn2884QaePBEsLbRvUp/Z43\njD9aO9UQo1AwTjAdBgNVHQ4EFgQU+6o4qZYeCTJbgsYiefKD1phzePUwHwYDVR0j\nBBgwFoAUXK1XuFQFitF8QKLiv/LDgeiTQiAwDAYDVR0TBAUwAwEBADAKBggqhkjO\nPQQDAwNoADBlAjEAt0CNN6rRrEe1ZRfBgLtYP1Bg7D93tuT2eF+OBfcczKfD4rly\na+pB00hcjDxDUydyAjA5pu823zm3ybto9sTCCvmDMj+gxRv0YDb4gjVOTvlDrus2\nKqSBAfJHtaFU40/lnxA=\n-----END CERTIFICATE-----\n\n                                                                   +\n                                                    +\n                                          +    +\n                                   +     +\n                              +      +\n   + + + + +              +     +\n     +        +       +     +\n        +       + +      +\n           +   +      +\n             +      + +                      +-------------------------+\n         +      +        +                   |                         |\n      +       +    +        +                |           ._.           |\n    +       +         +        +             |                         |\n   + + + + +             + + + + +           +-------------------------+\n--------------------------------------------------------------------------------\n That day, for no particular reason, I decided to go for a little route. So I\n routed to the end of the ethernet cable. And when I got there, I thought maybe\n I'd route to the end of the dishy. And when I got there, I thought maybe I'd\n just route across the satellites. And I figured, since I route this far, maybe\n I'd just route across the space lasers. And that's what I did. I routed clear\n across the Internet. For no particular reason I just kept on going. I routed\n clear to the old Club Penguin servers. And when I got there, I figured, since\n I'd gone this far, I might as well turn around, just keep on routing. When I\n got to a firewall, I figured, since I'd gone this far, I might as well just\n turn back, keep right on routing.\n\n  2025.12.01.mr65826                        Router-0100000000000000011A1D57\n--------------------------------------------------------------------------------\nadmin@192.168.1.1: Permission denied (publickey,keyboard-interactive).", "unreachable": true}
2025-12-15 16:16:10,746 p=29772 u=maharavo n=ansible ERROR| [ERROR]: Task failed: Failed to connect to the host via ssh: ssh: connect to host 192.168.1.22 port 22: No route to host

Task failed.

<<< caused by >>>

Failed to connect to the host via ssh: ssh: connect to host 192.168.1.22 port 22: No route to host


2025-12-15 16:16:10,747 p=29772 u=maharavo n=ansible INFO| fatal: [pc2]: UNREACHABLE! => {"changed": false, "msg": "Task failed: Failed to connect to the host via ssh: ssh: connect to host 192.168.1.22 port 22: No route to host", "unreachable": true}
2025-12-15 16:16:10,747 p=29772 u=maharavo n=ansible INFO| PLAY RECAP *********************************************************************
2025-12-15 16:16:10,747 p=29772 u=maharavo n=ansible INFO| pc1                        : ok=0    changed=0    unreachable=1    failed=0    skipped=0    rescued=0    ignored=0   
2025-12-15 16:16:10,748 p=29772 u=maharavo n=ansible INFO| pc2                        : ok=0    changed=0    unreachable=1    failed=0    skipped=0    rescued=0    ignored=0   
2025-12-15 16:16:10,748 p=29772 u=maharavo n=ansible INFO| router1                    : ok=0    changed=0    unreachable=1    failed=0    skipped=0    rescued=0    ignored=0   
2025-12-15 16:23:01,950 p=30466 u=maharavo n=ansible INFO| PLAY [Maintenance complète du système] *****************************************
2025-12-15 16:23:01,989 p=30466 u=maharavo n=ansible INFO| TASK [Gathering Facts] *********************************************************
2025-12-15 16:23:03,305 p=30466 u=maharavo n=ansible ERROR| [ERROR]: Task failed: Failed to connect to the host via ssh: ** WARNING: connection is not using a post-quantum key exchange algorithm.
** This session may be vulnerable to "store now, decrypt later" attacks.
** The server may need to be upgraded. See https://openssh.com/pq.html

-----BEGIN CERTIFICATE-----
MIIB6jCCAXCgAwIBAgIMAQAAAAAAAAABGh1XMAoGCCqGSM49BAMDMBsxGTAXBgNV
BAMTEFNwYWNlWCBSb3V0ZXIgQ0EwHhcNMjQwNjA3MDAwMDAwWhcNNDQwNjA3MDAw
MDAwWjBIMQswCQYDVQQGEwJVUzEPMA0GA1UEChMGU3BhY2VYMSgwJgYDVQQDEx9S
b3V0ZXItMDEwMDAwMDAwMDAwMDAwMDAxMUExRDU3MHYwEAYHKoZIzj0CAQYFK4EE
ACIDYgAEXRZTFP0rn8/yKtjO0RZjfvbfzxKzbYvDxpgbWCVzwYZMcGrvtSPOSPYn
4VPzyWZd3ygyxEfBInLFhun7d85AhTBBX55ZXS/A/yn2884QaePBEsLbRvUp/Z43
jD9aO9UQo1AwTjAdBgNVHQ4EFgQU+6o4qZYeCTJbgsYiefKD1phzePUwHwYDVR0j
BBgwFoAUXK1XuFQFitF8QKLiv/LDgeiTQiAwDAYDVR0TBAUwAwEBADAKBggqhkjO
PQQDAwNoADBlAjEAt0CNN6rRrEe1ZRfBgLtYP1Bg7D93tuT2eF+OBfcczKfD4rly
a+pB00hcjDxDUydyAjA5pu823zm3ybto9sTCCvmDMj+gxRv0YDb4gjVOTvlDrus2
KqSBAfJHtaFU40/lnxA=
-----END CERTIFICATE-----

                                                                   +
                                                    +
                                          +    +
                                   +     +
                              +      +
   + + + + +              +     +
     +        +       +     +
        +       + +      +
           +   +      +
             +      + +                      +-------------------------+
         +      +        +                   |                         |
      +       +    +        +                |           ._.           |
    +       +         +        +             |                         |
   + + + + +             + + + + +           +-------------------------+
--------------------------------------------------------------------------------
 That day, for no particular reason, I decided to go for a little route. So I
 routed to the end of the ethernet cable. And when I got there, I thought maybe
 I'd route to the end of the dishy. And when I got there, I thought maybe I'd
 just route across the satellites. And I figured, since I route this far, maybe
 I'd just route across the space lasers. And that's what I did. I routed clear
 across the Internet. For no particular reason I just kept on going. I routed
 clear to the old Club Penguin servers. And when I got there, I figured, since
 I'd gone this far, I might as well turn around, just keep on routing. When I
 got to a firewall, I figured, since I'd gone this far, I might as well just
 turn back, keep right on routing.

  2025.12.01.mr65826                        Router-0100000000000000011A1D57
--------------------------------------------------------------------------------
admin@192.168.1.1: Permission denied (publickey,keyboard-interactive).

Task failed.

<<< caused by >>>

Failed to connect to the host via ssh: ** WARNING: connection is not using a post-quantum key exchange algorithm.
** This session may be vulnerable to "store now, decrypt later" attacks.
** The server may need to be upgraded. See https://openssh.com/pq.html

-----BEGIN CERTIFICATE-----
MIIB6jCCAXCgAwIBAgIMAQAAAAAAAAABGh1XMAoGCCqGSM49BAMDMBsxGTAXBgNV
BAMTEFNwYWNlWCBSb3V0ZXIgQ0EwHhcNMjQwNjA3MDAwMDAwWhcNNDQwNjA3MDAw
MDAwWjBIMQswCQYDVQQGEwJVUzEPMA0GA1UEChMGU3BhY2VYMSgwJgYDVQQDEx9S
b3V0ZXItMDEwMDAwMDAwMDAwMDAwMDAxMUExRDU3MHYwEAYHKoZIzj0CAQYFK4EE
ACIDYgAEXRZTFP0rn8/yKtjO0RZjfvbfzxKzbYvDxpgbWCVzwYZMcGrvtSPOSPYn
4VPzyWZd3ygyxEfBInLFhun7d85AhTBBX55ZXS/A/yn2884QaePBEsLbRvUp/Z43
jD9aO9UQo1AwTjAdBgNVHQ4EFgQU+6o4qZYeCTJbgsYiefKD1phzePUwHwYDVR0j
BBgwFoAUXK1XuFQFitF8QKLiv/LDgeiTQiAwDAYDVR0TBAUwAwEBADAKBggqhkjO
PQQDAwNoADBlAjEAt0CNN6rRrEe1ZRfBgLtYP1Bg7D93tuT2eF+OBfcczKfD4rly
a+pB00hcjDxDUydyAjA5pu823zm3ybto9sTCCvmDMj+gxRv0YDb4gjVOTvlDrus2
KqSBAfJHtaFU40/lnxA=
-----END CERTIFICATE-----

                                                                   +
                                                    +
                                          +    +
                                   +     +
                              +      +
   + + + + +              +     +
     +        +       +     +
        +       + +      +
           +   +      +
             +      + +                      +-------------------------+
         +      +        +                   |                         |
      +       +    +        +                |           ._.           |
    +       +         +        +             |                         |
   + + + + +             + + + + +           +-------------------------+
--------------------------------------------------------------------------------
 That day, for no particular reason, I decided to go for a little route. So I
 routed to the end of the ethernet cable. And when I got there, I thought maybe
 I'd route to the end of the dishy. And when I got there, I thought maybe I'd
 just route across the satellites. And I figured, since I route this far, maybe
 I'd just route across the space lasers. And that's what I did. I routed clear
 across the Internet. For no particular reason I just kept on going. I routed
 clear to the old Club Penguin servers. And when I got there, I figured, since
 I'd gone this far, I might as well turn around, just keep on routing. When I
 got to a firewall, I figured, since I'd gone this far, I might as well just
 turn back, keep right on routing.

  2025.12.01.mr65826                        Router-0100000000000000011A1D57
--------------------------------------------------------------------------------
admin@192.168.1.1: Permission denied (publickey,keyboard-interactive).


2025-12-15 16:23:03,306 p=30466 u=maharavo n=ansible INFO| fatal: [router1]: UNREACHABLE! => {"changed": false, "msg": "Task failed: Failed to connect to the host via ssh: ** WARNING: connection is not using a post-quantum key exchange algorithm.\r\n** This session may be vulnerable to \"store now, decrypt later\" attacks.\r\n** The server may need to be upgraded. See https://openssh.com/pq.html\r\n\n-----BEGIN CERTIFICATE-----\nMIIB6jCCAXCgAwIBAgIMAQAAAAAAAAABGh1XMAoGCCqGSM49BAMDMBsxGTAXBgNV\nBAMTEFNwYWNlWCBSb3V0ZXIgQ0EwHhcNMjQwNjA3MDAwMDAwWhcNNDQwNjA3MDAw\nMDAwWjBIMQswCQYDVQQGEwJVUzEPMA0GA1UEChMGU3BhY2VYMSgwJgYDVQQDEx9S\nb3V0ZXItMDEwMDAwMDAwMDAwMDAwMDAxMUExRDU3MHYwEAYHKoZIzj0CAQYFK4EE\nACIDYgAEXRZTFP0rn8/yKtjO0RZjfvbfzxKzbYvDxpgbWCVzwYZMcGrvtSPOSPYn\n4VPzyWZd3ygyxEfBInLFhun7d85AhTBBX55ZXS/A/yn2884QaePBEsLbRvUp/Z43\njD9aO9UQo1AwTjAdBgNVHQ4EFgQU+6o4qZYeCTJbgsYiefKD1phzePUwHwYDVR0j\nBBgwFoAUXK1XuFQFitF8QKLiv/LDgeiTQiAwDAYDVR0TBAUwAwEBADAKBggqhkjO\nPQQDAwNoADBlAjEAt0CNN6rRrEe1ZRfBgLtYP1Bg7D93tuT2eF+OBfcczKfD4rly\na+pB00hcjDxDUydyAjA5pu823zm3ybto9sTCCvmDMj+gxRv0YDb4gjVOTvlDrus2\nKqSBAfJHtaFU40/lnxA=\n-----END CERTIFICATE-----\n\n                                                                   +\n                                                    +\n                                          +    +\n                                   +     +\n                              +      +\n   + + + + +              +     +\n     +        +       +     +\n        +       + +      +\n           +   +      +\n             +      + +                      +-------------------------+\n         +      +        +                   |                         |\n      +       +    +        +                |           ._.           |\n    +       +         +        +             |                         |\n   + + + + +             + + + + +           +-------------------------+\n--------------------------------------------------------------------------------\n That day, for no particular reason, I decided to go for a little route. So I\n routed to the end of the ethernet cable. And when I got there, I thought maybe\n I'd route to the end of the dishy. And when I got there, I thought maybe I'd\n just route across the satellites. And I figured, since I route this far, maybe\n I'd just route across the space lasers. And that's what I did. I routed clear\n across the Internet. For no particular reason I just kept on going. I routed\n clear to the old Club Penguin servers. And when I got there, I figured, since\n I'd gone this far, I might as well turn around, just keep on routing. When I\n got to a firewall, I figured, since I'd gone this far, I might as well just\n turn back, keep right on routing.\n\n  2025.12.01.mr65826                        Router-0100000000000000011A1D57\n--------------------------------------------------------------------------------\nadmin@192.168.1.1: Permission denied (publickey,keyboard-interactive).", "unreachable": true}
2025-12-15 16:23:05,850 p=30466 u=maharavo n=ansible ERROR| [ERROR]: Task failed: Failed to connect to the host via ssh: ssh: connect to host 192.168.1.22 port 22: No route to host

Task failed.

<<< caused by >>>

Failed to connect to the host via ssh: ssh: connect to host 192.168.1.22 port 22: No route to host


2025-12-15 16:23:05,851 p=30466 u=maharavo n=ansible INFO| fatal: [pc2]: UNREACHABLE! => {"changed": false, "msg": "Task failed: Failed to connect to the host via ssh: ssh: connect to host 192.168.1.22 port 22: No route to host", "unreachable": true}
2025-12-15 16:23:05,852 p=30466 u=maharavo n=ansible INFO| PLAY RECAP *********************************************************************
2025-12-15 16:23:05,852 p=30466 u=maharavo n=ansible INFO| pc2                        : ok=0    changed=0    unreachable=1    failed=0    skipped=0    rescued=0    ignored=0   
2025-12-15 16:23:05,852 p=30466 u=maharavo n=ansible INFO| router1                    : ok=0    changed=0    unreachable=1    failed=0    skipped=0    rescued=0    ignored=0   
2025-12-16 09:43:17,371 p=33327 u=maharavo n=ansible ERROR| [ERROR]: Task failed: Failed to connect to the host via ssh: Warning: Permanently added '192.168.1.20' (ED25519) to the list of known hosts.
admin@192.168.1.20: Permission denied (publickey,password).

Task failed.
Origin: <adhoc 'ping' task>

{'action': 'ping', 'args': {}, 'timeout': 0, 'async_val': 0, 'poll': 15}

<<< caused by >>>

Failed to connect to the host via ssh: Warning: Permanently added '192.168.1.20' (ED25519) to the list of known hosts.
admin@192.168.1.20: Permission denied (publickey,password).


2025-12-16 09:43:17,390 p=33327 u=maharavo n=ansible INFO| web-server | UNREACHABLE! => {
    "changed": false,
    "msg": "Task failed: Failed to connect to the host via ssh: Warning: Permanently added '192.168.1.20' (ED25519) to the list of known hosts.\r\nadmin@192.168.1.20: Permission denied (publickey,password).",
    "unreachable": true
}
2025-12-16 09:49:07,209 p=33710 u=maharavo n=ansible INFO| PLAY [Maintenance complète du système] *****************************************
2025-12-16 09:49:07,394 p=33710 u=maharavo n=ansible INFO| TASK [Gathering Facts] *********************************************************
2025-12-16 09:49:08,229 p=33710 u=maharavo n=ansible ERROR| [ERROR]: Task failed: Failed to connect to the host via ssh: admin@192.168.1.20: Permission denied (publickey,password).

Task failed.

<<< caused by >>>

Failed to connect to the host via ssh: admin@192.168.1.20: Permission denied (publickey,password).


2025-12-16 09:49:08,230 p=33710 u=maharavo n=ansible INFO| fatal: [web-server]: UNREACHABLE! => {"changed": false, "msg": "Task failed: Failed to connect to the host via ssh: admin@192.168.1.20: Permission denied (publickey,password).", "unreachable": true}
2025-12-16 09:49:08,479 p=33710 u=maharavo n=ansible ERROR| [ERROR]: Task failed: Failed to connect to the host via ssh: ** WARNING: connection is not using a post-quantum key exchange algorithm.
** This session may be vulnerable to "store now, decrypt later" attacks.
** The server may need to be upgraded. See https://openssh.com/pq.html

-----BEGIN CERTIFICATE-----
MIIB6jCCAXCgAwIBAgIMAQAAAAAAAAABGh1XMAoGCCqGSM49BAMDMBsxGTAXBgNV
BAMTEFNwYWNlWCBSb3V0ZXIgQ0EwHhcNMjQwNjA3MDAwMDAwWhcNNDQwNjA3MDAw
MDAwWjBIMQswCQYDVQQGEwJVUzEPMA0GA1UEChMGU3BhY2VYMSgwJgYDVQQDEx9S
b3V0ZXItMDEwMDAwMDAwMDAwMDAwMDAxMUExRDU3MHYwEAYHKoZIzj0CAQYFK4EE
ACIDYgAEXRZTFP0rn8/yKtjO0RZjfvbfzxKzbYvDxpgbWCVzwYZMcGrvtSPOSPYn
4VPzyWZd3ygyxEfBInLFhun7d85AhTBBX55ZXS/A/yn2884QaePBEsLbRvUp/Z43
jD9aO9UQo1AwTjAdBgNVHQ4EFgQU+6o4qZYeCTJbgsYiefKD1phzePUwHwYDVR0j
BBgwFoAUXK1XuFQFitF8QKLiv/LDgeiTQiAwDAYDVR0TBAUwAwEBADAKBggqhkjO
PQQDAwNoADBlAjEAt0CNN6rRrEe1ZRfBgLtYP1Bg7D93tuT2eF+OBfcczKfD4rly
a+pB00hcjDxDUydyAjA5pu823zm3ybto9sTCCvmDMj+gxRv0YDb4gjVOTvlDrus2
KqSBAfJHtaFU40/lnxA=
-----END CERTIFICATE-----

                                                                   +
                                                    +
                                          +    +
                                   +     +
                              +      +
   + + + + +              +     +
     +        +       +     +
        +       + +      +
           +   +      +
             +      + +                      +-------------------------+
         +      +        +                   |                         |
      +       +    +        +                |           ._.           |
    +       +         +        +             |                         |
   + + + + +             + + + + +           +-------------------------+
--------------------------------------------------------------------------------
 That day, for no particular reason, I decided to go for a little route. So I
 routed to the end of the ethernet cable. And when I got there, I thought maybe
 I'd route to the end of the dishy. And when I got there, I thought maybe I'd
 just route across the satellites. And I figured, since I route this far, maybe
 I'd just route across the space lasers. And that's what I did. I routed clear
 across the Internet. For no particular reason I just kept on going. I routed
 clear to the old Club Penguin servers. And when I got there, I figured, since
 I'd gone this far, I might as well turn around, just keep on routing. When I
 got to a firewall, I figured, since I'd gone this far, I might as well just
 turn back, keep right on routing.

  2025.12.01.mr65826                        Router-0100000000000000011A1D57
--------------------------------------------------------------------------------
admin@192.168.1.1: Permission denied (publickey,keyboard-interactive).

Task failed.

<<< caused by >>>

Failed to connect to the host via ssh: ** WARNING: connection is not using a post-quantum key exchange algorithm.
** This session may be vulnerable to "store now, decrypt later" attacks.
** The server may need to be upgraded. See https://openssh.com/pq.html

-----BEGIN CERTIFICATE-----
MIIB6jCCAXCgAwIBAgIMAQAAAAAAAAABGh1XMAoGCCqGSM49BAMDMBsxGTAXBgNV
BAMTEFNwYWNlWCBSb3V0ZXIgQ0EwHhcNMjQwNjA3MDAwMDAwWhcNNDQwNjA3MDAw
MDAwWjBIMQswCQYDVQQGEwJVUzEPMA0GA1UEChMGU3BhY2VYMSgwJgYDVQQDEx9S
b3V0ZXItMDEwMDAwMDAwMDAwMDAwMDAxMUExRDU3MHYwEAYHKoZIzj0CAQYFK4EE
ACIDYgAEXRZTFP0rn8/yKtjO0RZjfvbfzxKzbYvDxpgbWCVzwYZMcGrvtSPOSPYn
4VPzyWZd3ygyxEfBInLFhun7d85AhTBBX55ZXS/A/yn2884QaePBEsLbRvUp/Z43
jD9aO9UQo1AwTjAdBgNVHQ4EFgQU+6o4qZYeCTJbgsYiefKD1phzePUwHwYDVR0j
BBgwFoAUXK1XuFQFitF8QKLiv/LDgeiTQiAwDAYDVR0TBAUwAwEBADAKBggqhkjO
PQQDAwNoADBlAjEAt0CNN6rRrEe1ZRfBgLtYP1Bg7D93tuT2eF+OBfcczKfD4rly
a+pB00hcjDxDUydyAjA5pu823zm3ybto9sTCCvmDMj+gxRv0YDb4gjVOTvlDrus2
KqSBAfJHtaFU40/lnxA=
-----END CERTIFICATE-----

                                                                   +
                                                    +
                                          +    +
                                   +     +
                              +      +
   + + + + +              +     +
     +        +       +     +
        +       + +      +
           +   +      +
             +      + +                      +-------------------------+
         +      +        +                   |                         |
      +       +    +        +                |           ._.           |
    +       +         +        +             |                         |
   + + + + +             + + + + +           +-------------------------+
--------------------------------------------------------------------------------
 That day, for no particular reason, I decided to go for a little route. So I
 routed to the end of the ethernet cable. And when I got there, I thought maybe
 I'd route to the end of the dishy. And when I got there, I thought maybe I'd
 just route across the satellites. And I figured, since I route this far, maybe
 I'd just route across the space lasers. And that's what I did. I routed clear
 across the Internet. For no particular reason I just kept on going. I routed
 clear to the old Club Penguin servers. And when I got there, I figured, since
 I'd gone this far, I might as well turn around, just keep on routing. When I
 got to a firewall, I figured, since I'd gone this far, I might as well just
 turn back, keep right on routing.

  2025.12.01.mr65826                        Router-0100000000000000011A1D57
--------------------------------------------------------------------------------
admin@192.168.1.1: Permission denied (publickey,keyboard-interactive).


2025-12-16 09:49:08,480 p=33710 u=maharavo n=ansible INFO| fatal: [router1]: UNREACHABLE! => {"changed": false, "msg": "Task failed: Failed to connect to the host via ssh: ** WARNING: connection is not using a post-quantum key exchange algorithm.\r\n** This session may be vulnerable to \"store now, decrypt later\" attacks.\r\n** The server may need to be upgraded. See https://openssh.com/pq.html\r\n\n-----BEGIN CERTIFICATE-----\nMIIB6jCCAXCgAwIBAgIMAQAAAAAAAAABGh1XMAoGCCqGSM49BAMDMBsxGTAXBgNV\nBAMTEFNwYWNlWCBSb3V0ZXIgQ0EwHhcNMjQwNjA3MDAwMDAwWhcNNDQwNjA3MDAw\nMDAwWjBIMQswCQYDVQQGEwJVUzEPMA0GA1UEChMGU3BhY2VYMSgwJgYDVQQDEx9S\nb3V0ZXItMDEwMDAwMDAwMDAwMDAwMDAxMUExRDU3MHYwEAYHKoZIzj0CAQYFK4EE\nACIDYgAEXRZTFP0rn8/yKtjO0RZjfvbfzxKzbYvDxpgbWCVzwYZMcGrvtSPOSPYn\n4VPzyWZd3ygyxEfBInLFhun7d85AhTBBX55ZXS/A/yn2884QaePBEsLbRvUp/Z43\njD9aO9UQo1AwTjAdBgNVHQ4EFgQU+6o4qZYeCTJbgsYiefKD1phzePUwHwYDVR0j\nBBgwFoAUXK1XuFQFitF8QKLiv/LDgeiTQiAwDAYDVR0TBAUwAwEBADAKBggqhkjO\nPQQDAwNoADBlAjEAt0CNN6rRrEe1ZRfBgLtYP1Bg7D93tuT2eF+OBfcczKfD4rly\na+pB00hcjDxDUydyAjA5pu823zm3ybto9sTCCvmDMj+gxRv0YDb4gjVOTvlDrus2\nKqSBAfJHtaFU40/lnxA=\n-----END CERTIFICATE-----\n\n                                                                   +\n                                                    +\n                                          +    +\n                                   +     +\n                              +      +\n   + + + + +              +     +\n     +        +       +     +\n        +       + +      +\n           +   +      +\n             +      + +                      +-------------------------+\n         +      +        +                   |                         |\n      +       +    +        +                |           ._.           |\n    +       +         +        +             |                         |\n   + + + + +             + + + + +           +-------------------------+\n--------------------------------------------------------------------------------\n That day, for no particular reason, I decided to go for a little route. So I\n routed to the end of the ethernet cable. And when I got there, I thought maybe\n I'd route to the end of the dishy. And when I got there, I thought maybe I'd\n just route across the satellites. And I figured, since I route this far, maybe\n I'd just route across the space lasers. And that's what I did. I routed clear\n across the Internet. For no particular reason I just kept on going. I routed\n clear to the old Club Penguin servers. And when I got there, I figured, since\n I'd gone this far, I might as well turn around, just keep on routing. When I\n got to a firewall, I figured, since I'd gone this far, I might as well just\n turn back, keep right on routing.\n\n  2025.12.01.mr65826                        Router-0100000000000000011A1D57\n--------------------------------------------------------------------------------\nadmin@192.168.1.1: Permission denied (publickey,keyboard-interactive).", "unreachable": true}
2025-12-16 09:49:11,091 p=33710 u=maharavo n=ansible ERROR| [ERROR]: Task failed: Failed to connect to the host via ssh: ssh: connect to host 192.168.1.22 port 22: No route to host

Task failed.

<<< caused by >>>

Failed to connect to the host via ssh: ssh: connect to host 192.168.1.22 port 22: No route to host


2025-12-16 09:49:11,092 p=33710 u=maharavo n=ansible INFO| fatal: [pc2]: UNREACHABLE! => {"changed": false, "msg": "Task failed: Failed to connect to the host via ssh: ssh: connect to host 192.168.1.22 port 22: No route to host", "unreachable": true}
2025-12-16 09:49:11,093 p=33710 u=maharavo n=ansible INFO| PLAY RECAP *********************************************************************
2025-12-16 09:49:11,093 p=33710 u=maharavo n=ansible INFO| pc2                        : ok=0    changed=0    unreachable=1    failed=0    skipped=0    rescued=0    ignored=0   
2025-12-16 09:49:11,093 p=33710 u=maharavo n=ansible INFO| router1                    : ok=0    changed=0    unreachable=1    failed=0    skipped=0    rescued=0    ignored=0   
2025-12-16 09:49:11,093 p=33710 u=maharavo n=ansible INFO| web-server                 : ok=0    changed=0    unreachable=1    failed=0    skipped=0    rescued=0    ignored=0   
2025-12-16 14:58:51,990 p=40508 u=maharavo n=ansible ERROR| [ERROR]: Task failed: Failed to connect to the host via ssh: admin@192.168.1.20: Permission denied (publickey,password).

Task failed.
Origin: <adhoc 'ping' task>

{'action': 'ping', 'args': {}, 'timeout': 0, 'async_val': 0, 'poll': 15}

<<< caused by >>>

Failed to connect to the host via ssh: admin@192.168.1.20: Permission denied (publickey,password).


2025-12-16 14:58:52,011 p=40508 u=maharavo n=ansible INFO| web-server | UNREACHABLE! => {
    "changed": false,
    "msg": "Task failed: Failed to connect to the host via ssh: admin@192.168.1.20: Permission denied (publickey,password).",
    "unreachable": true
}
2025-12-16 14:58:52,126 p=40508 u=maharavo n=ansible ERROR| [ERROR]: Task failed: Failed to connect to the host via ssh: ** WARNING: connection is not using a post-quantum key exchange algorithm.
** This session may be vulnerable to "store now, decrypt later" attacks.
** The server may need to be upgraded. See https://openssh.com/pq.html

-----BEGIN CERTIFICATE-----
MIIB6jCCAXCgAwIBAgIMAQAAAAAAAAABGh1XMAoGCCqGSM49BAMDMBsxGTAXBgNV
BAMTEFNwYWNlWCBSb3V0ZXIgQ0EwHhcNMjQwNjA3MDAwMDAwWhcNNDQwNjA3MDAw
MDAwWjBIMQswCQYDVQQGEwJVUzEPMA0GA1UEChMGU3BhY2VYMSgwJgYDVQQDEx9S
b3V0ZXItMDEwMDAwMDAwMDAwMDAwMDAxMUExRDU3MHYwEAYHKoZIzj0CAQYFK4EE
ACIDYgAEXRZTFP0rn8/yKtjO0RZjfvbfzxKzbYvDxpgbWCVzwYZMcGrvtSPOSPYn
4VPzyWZd3ygyxEfBInLFhun7d85AhTBBX55ZXS/A/yn2884QaePBEsLbRvUp/Z43
jD9aO9UQo1AwTjAdBgNVHQ4EFgQU+6o4qZYeCTJbgsYiefKD1phzePUwHwYDVR0j
BBgwFoAUXK1XuFQFitF8QKLiv/LDgeiTQiAwDAYDVR0TBAUwAwEBADAKBggqhkjO
PQQDAwNoADBlAjEAt0CNN6rRrEe1ZRfBgLtYP1Bg7D93tuT2eF+OBfcczKfD4rly
a+pB00hcjDxDUydyAjA5pu823zm3ybto9sTCCvmDMj+gxRv0YDb4gjVOTvlDrus2
KqSBAfJHtaFU40/lnxA=
-----END CERTIFICATE-----

                                                                   +
                                                    +
                                          +    +
                                   +     +
                              +      +
   + + + + +              +     +
     +        +       +     +
        +       + +      +
           +   +      +
             +      + +                      +-------------------------+
         +      +        +                   |                         |
      +       +    +        +                |           ._.           |
    +       +         +        +             |                         |
   + + + + +             + + + + +           +-------------------------+
--------------------------------------------------------------------------------
 That day, for no particular reason, I decided to go for a little route. So I
 routed to the end of the ethernet cable. And when I got there, I thought maybe
 I'd route to the end of the dishy. And when I got there, I thought maybe I'd
 just route across the satellites. And I figured, since I route this far, maybe
 I'd just route across the space lasers. And that's what I did. I routed clear
 across the Internet. For no particular reason I just kept on going. I routed
 clear to the old Club Penguin servers. And when I got there, I figured, since
 I'd gone this far, I might as well turn around, just keep on routing. When I
 got to a firewall, I figured, since I'd gone this far, I might as well just
 turn back, keep right on routing.

  2025.12.01.mr65826                        Router-0100000000000000011A1D57
--------------------------------------------------------------------------------
admin@192.168.1.1: Permission denied (publickey,keyboard-interactive).

Task failed.
Origin: <adhoc 'ping' task>

{'action': 'ping', 'args': {}, 'timeout': 0, 'async_val': 0, 'poll': 15}

<<< caused by >>>

Failed to connect to the host via ssh: ** WARNING: connection is not using a post-quantum key exchange algorithm.
** This session may be vulnerable to "store now, decrypt later" attacks.
** The server may need to be upgraded. See https://openssh.com/pq.html

-----BEGIN CERTIFICATE-----
MIIB6jCCAXCgAwIBAgIMAQAAAAAAAAABGh1XMAoGCCqGSM49BAMDMBsxGTAXBgNV
BAMTEFNwYWNlWCBSb3V0ZXIgQ0EwHhcNMjQwNjA3MDAwMDAwWhcNNDQwNjA3MDAw
MDAwWjBIMQswCQYDVQQGEwJVUzEPMA0GA1UEChMGU3BhY2VYMSgwJgYDVQQDEx9S
b3V0ZXItMDEwMDAwMDAwMDAwMDAwMDAxMUExRDU3MHYwEAYHKoZIzj0CAQYFK4EE
ACIDYgAEXRZTFP0rn8/yKtjO0RZjfvbfzxKzbYvDxpgbWCVzwYZMcGrvtSPOSPYn
4VPzyWZd3ygyxEfBInLFhun7d85AhTBBX55ZXS/A/yn2884QaePBEsLbRvUp/Z43
jD9aO9UQo1AwTjAdBgNVHQ4EFgQU+6o4qZYeCTJbgsYiefKD1phzePUwHwYDVR0j
BBgwFoAUXK1XuFQFitF8QKLiv/LDgeiTQiAwDAYDVR0TBAUwAwEBADAKBggqhkjO
PQQDAwNoADBlAjEAt0CNN6rRrEe1ZRfBgLtYP1Bg7D93tuT2eF+OBfcczKfD4rly
a+pB00hcjDxDUydyAjA5pu823zm3ybto9sTCCvmDMj+gxRv0YDb4gjVOTvlDrus2
KqSBAfJHtaFU40/lnxA=
-----END CERTIFICATE-----

                                                                   +
                                                    +
                                          +    +
                                   +     +
                              +      +
   + + + + +              +     +
     +        +       +     +
        +       + +      +
           +   +      +
             +      + +                      +-------------------------+
         +      +        +                   |                         |
      +       +    +        +                |           ._.           |
    +       +         +        +             |                         |
   + + + + +             + + + + +           +-------------------------+
--------------------------------------------------------------------------------
 That day, for no particular reason, I decided to go for a little route. So I
 routed to the end of the ethernet cable. And when I got there, I thought maybe
 I'd route to the end of the dishy. And when I got there, I thought maybe I'd
 just route across the satellites. And I figured, since I route this far, maybe
 I'd just route across the space lasers. And that's what I did. I routed clear
 across the Internet. For no particular reason I just kept on going. I routed
 clear to the old Club Penguin servers. And when I got there, I figured, since
 I'd gone this far, I might as well turn around, just keep on routing. When I
 got to a firewall, I figured, since I'd gone this far, I might as well just
 turn back, keep right on routing.

  2025.12.01.mr65826                        Router-0100000000000000011A1D57
--------------------------------------------------------------------------------
admin@192.168.1.1: Permission denied (publickey,keyboard-interactive).


2025-12-16 14:58:52,126 p=40508 u=maharavo n=ansible INFO| router1 | UNREACHABLE! => {
    "changed": false,
    "msg": "Task failed: Failed to connect to the host via ssh: ** WARNING: connection is not using a post-quantum key exchange algorithm.\r\n** This session may be vulnerable to \"store now, decrypt later\" attacks.\r\n** The server may need to be upgraded. See https://openssh.com/pq.html\r\n\n-----BEGIN CERTIFICATE-----\nMIIB6jCCAXCgAwIBAgIMAQAAAAAAAAABGh1XMAoGCCqGSM49BAMDMBsxGTAXBgNV\nBAMTEFNwYWNlWCBSb3V0ZXIgQ0EwHhcNMjQwNjA3MDAwMDAwWhcNNDQwNjA3MDAw\nMDAwWjBIMQswCQYDVQQGEwJVUzEPMA0GA1UEChMGU3BhY2VYMSgwJgYDVQQDEx9S\nb3V0ZXItMDEwMDAwMDAwMDAwMDAwMDAxMUExRDU3MHYwEAYHKoZIzj0CAQYFK4EE\nACIDYgAEXRZTFP0rn8/yKtjO0RZjfvbfzxKzbYvDxpgbWCVzwYZMcGrvtSPOSPYn\n4VPzyWZd3ygyxEfBInLFhun7d85AhTBBX55ZXS/A/yn2884QaePBEsLbRvUp/Z43\njD9aO9UQo1AwTjAdBgNVHQ4EFgQU+6o4qZYeCTJbgsYiefKD1phzePUwHwYDVR0j\nBBgwFoAUXK1XuFQFitF8QKLiv/LDgeiTQiAwDAYDVR0TBAUwAwEBADAKBggqhkjO\nPQQDAwNoADBlAjEAt0CNN6rRrEe1ZRfBgLtYP1Bg7D93tuT2eF+OBfcczKfD4rly\na+pB00hcjDxDUydyAjA5pu823zm3ybto9sTCCvmDMj+gxRv0YDb4gjVOTvlDrus2\nKqSBAfJHtaFU40/lnxA=\n-----END CERTIFICATE-----\n\n                                                                   +\n                                                    +\n                                          +    +\n                                   +     +\n                              +      +\n   + + + + +              +     +\n     +        +       +     +\n        +       + +      +\n           +   +      +\n             +      + +                      +-------------------------+\n         +      +        +                   |                         |\n      +       +    +        +                |           ._.           |\n    +       +         +        +             |                         |\n   + + + + +             + + + + +           +-------------------------+\n--------------------------------------------------------------------------------\n That day, for no particular reason, I decided to go for a little route. So I\n routed to the end of the ethernet cable. And when I got there, I thought maybe\n I'd route to the end of the dishy. And when I got there, I thought maybe I'd\n just route across the satellites. And I figured, since I route this far, maybe\n I'd just route across the space lasers. And that's what I did. I routed clear\n across the Internet. For no particular reason I just kept on going. I routed\n clear to the old Club Penguin servers. And when I got there, I figured, since\n I'd gone this far, I might as well turn around, just keep on routing. When I\n got to a firewall, I figured, since I'd gone this far, I might as well just\n turn back, keep right on routing.\n\n  2025.12.01.mr65826                        Router-0100000000000000011A1D57\n--------------------------------------------------------------------------------\nadmin@192.168.1.1: Permission denied (publickey,keyboard-interactive).",
    "unreachable": true
}
2025-12-16 14:58:54,838 p=40508 u=maharavo n=ansible ERROR| [ERROR]: Task failed: Failed to connect to the host via ssh: ssh: connect to host 192.168.1.22 port 22: No route to host

Task failed.
Origin: <adhoc 'ping' task>

{'action': 'ping', 'args': {}, 'timeout': 0, 'async_val': 0, 'poll': 15}

<<< caused by >>>

Failed to connect to the host via ssh: ssh: connect to host 192.168.1.22 port 22: No route to host


2025-12-16 14:58:54,838 p=40508 u=maharavo n=ansible INFO| pc2 | UNREACHABLE! => {
    "changed": false,
    "msg": "Task failed: Failed to connect to the host via ssh: ssh: connect to host 192.168.1.22 port 22: No route to host",
    "unreachable": true
}
2025-12-16 15:18:05,829 p=42901 u=maharavo n=ansible INFO| localhost | SUCCESS => {
    "changed": false,
    "ping": "pong"
}
2025-12-16 16:28:49,032 p=56255 u=maharavo n=ansible ERROR| [ERROR]: Task failed: Failed to connect to the host via ssh: Warning: Permanently added '192.168.1.158' (ED25519) to the list of known hosts.
mit@192.168.1.158: Permission denied (publickey,password).

Task failed.
Origin: <adhoc 'ping' task>

{'action': 'ping', 'args': {}, 'timeout': 0, 'async_val': 0, 'poll': 15}

<<< caused by >>>

Failed to connect to the host via ssh: Warning: Permanently added '192.168.1.158' (ED25519) to the list of known hosts.
mit@192.168.1.158: Permission denied (publickey,password).


2025-12-16 16:28:49,050 p=56255 u=maharavo n=ansible INFO| test | UNREACHABLE! => {
    "changed": false,
    "msg": "Task failed: Failed to connect to the host via ssh: Warning: Permanently added '192.168.1.158' (ED25519) to the list of known hosts.\r\nmit@192.168.1.158: Permission denied (publickey,password).",
    "unreachable": true
}
2025-12-16 16:40:37,389 p=58115 u=maharavo n=ansible ERROR| [ERROR]: Task failed: Failed to connect to the host via ssh: mit@192.168.1.158: Permission denied (publickey,password).

Task failed.
Origin: <adhoc 'ping' task>

{'action': 'ping', 'args': {}, 'timeout': 0, 'async_val': 0, 'poll': 15}

<<< caused by >>>

Failed to connect to the host via ssh: mit@192.168.1.158: Permission denied (publickey,password).


2025-12-16 16:40:37,390 p=58115 u=maharavo n=ansible INFO| test | UNREACHABLE! => {
    "changed": false,
    "msg": "Task failed: Failed to connect to the host via ssh: mit@192.168.1.158: Permission denied (publickey,password).",
    "unreachable": true
}
2025-12-16 16:46:03,370 p=59090 u=maharavo n=ansible WARNING| [WARNING]: Host 'test' is using the discovered Python interpreter at '/usr/bin/python3.10', but future installation of another Python interpreter could cause a different interpreter to be discovered. See https://docs.ansible.com/ansible-core/2.20/reference_appendices/interpreter_discovery.html for more information.

2025-12-16 16:46:03,371 p=59090 u=maharavo n=ansible ERROR| [ERROR]: Task failed: Missing sudo password
Origin: <adhoc 'ping' task>

{'action': 'ping', 'args': {}, 'timeout': 0, 'async_val': 0, 'poll': 15}


2025-12-16 16:46:03,388 p=59090 u=maharavo n=ansible INFO| test | FAILED! => {
    "changed": false,
    "msg": "Task failed: Missing sudo password"
}
2025-12-16 16:54:18,977 p=60802 u=maharavo n=ansible ERROR| [ERROR]: YAML parsing failed: While scanning a quoted scalar found unexpected end of stream.

2025-12-16 17:01:50,585 p=62512 u=maharavo n=ansible WARNING| [WARNING]: Host 'test' is using the discovered Python interpreter at '/usr/bin/python3.10', but future installation of another Python interpreter could cause a different interpreter to be discovered. See https://docs.ansible.com/ansible-core/2.20/reference_appendices/interpreter_discovery.html for more information.

2025-12-16 17:01:50,586 p=62512 u=maharavo n=ansible INFO| test | SUCCESS => {
    "ansible_facts": {
        "discovered_interpreter_python": "/usr/bin/python3.10"
    },
    "changed": false,
    "ping": "pong"
}
2025-12-16 17:02:43,978 p=62593 u=maharavo n=ansible ERROR| [ERROR]: Task failed: Failed to connect to the host via ssh: ** WARNING: connection is not using a post-quantum key exchange algorithm.
** This session may be vulnerable to "store now, decrypt later" attacks.
** The server may need to be upgraded. See https://openssh.com/pq.html

-----BEGIN CERTIFICATE-----
MIIB6jCCAXCgAwIBAgIMAQAAAAAAAAABGh1XMAoGCCqGSM49BAMDMBsxGTAXBgNV
BAMTEFNwYWNlWCBSb3V0ZXIgQ0EwHhcNMjQwNjA3MDAwMDAwWhcNNDQwNjA3MDAw
MDAwWjBIMQswCQYDVQQGEwJVUzEPMA0GA1UEChMGU3BhY2VYMSgwJgYDVQQDEx9S
b3V0ZXItMDEwMDAwMDAwMDAwMDAwMDAxMUExRDU3MHYwEAYHKoZIzj0CAQYFK4EE
ACIDYgAEXRZTFP0rn8/yKtjO0RZjfvbfzxKzbYvDxpgbWCVzwYZMcGrvtSPOSPYn
4VPzyWZd3ygyxEfBInLFhun7d85AhTBBX55ZXS/A/yn2884QaePBEsLbRvUp/Z43
jD9aO9UQo1AwTjAdBgNVHQ4EFgQU+6o4qZYeCTJbgsYiefKD1phzePUwHwYDVR0j
BBgwFoAUXK1XuFQFitF8QKLiv/LDgeiTQiAwDAYDVR0TBAUwAwEBADAKBggqhkjO
PQQDAwNoADBlAjEAt0CNN6rRrEe1ZRfBgLtYP1Bg7D93tuT2eF+OBfcczKfD4rly
a+pB00hcjDxDUydyAjA5pu823zm3ybto9sTCCvmDMj+gxRv0YDb4gjVOTvlDrus2
KqSBAfJHtaFU40/lnxA=
-----END CERTIFICATE-----

                                                                   +
                                                    +
                                          +    +
                                   +     +
                              +      +
   + + + + +              +     +
     +        +       +     +
        +       + +      +
           +   +      +
             +      + +                      +-------------------------+
         +      +        +                   |                         |
      +       +    +        +                |           ._.           |
    +       +         +        +             |                         |
   + + + + +             + + + + +           +-------------------------+
--------------------------------------------------------------------------------
 That day, for no particular reason, I decided to go for a little route. So I
 routed to the end of the ethernet cable. And when I got there, I thought maybe
 I'd route to the end of the dishy. And when I got there, I thought maybe I'd
 just route across the satellites. And I figured, since I route this far, maybe
 I'd just route across the space lasers. And that's what I did. I routed clear
 across the Internet. For no particular reason I just kept on going. I routed
 clear to the old Club Penguin servers. And when I got there, I figured, since
 I'd gone this far, I might as well turn around, just keep on routing. When I
 got to a firewall, I figured, since I'd gone this far, I might as well just
 turn back, keep right on routing.

  2025.12.01.mr65826                        Router-0100000000000000011A1D57
--------------------------------------------------------------------------------
admin@192.168.1.1: Permission denied (publickey,keyboard-interactive).

Task failed.
Origin: <adhoc 'ping' task>

{'action': 'ping', 'args': {}, 'timeout': 0, 'async_val': 0, 'poll': 15}

<<< caused by >>>

Failed to connect to the host via ssh: ** WARNING: connection is not using a post-quantum key exchange algorithm.
** This session may be vulnerable to "store now, decrypt later" attacks.
** The server may need to be upgraded. See https://openssh.com/pq.html

-----BEGIN CERTIFICATE-----
MIIB6jCCAXCgAwIBAgIMAQAAAAAAAAABGh1XMAoGCCqGSM49BAMDMBsxGTAXBgNV
BAMTEFNwYWNlWCBSb3V0ZXIgQ0EwHhcNMjQwNjA3MDAwMDAwWhcNNDQwNjA3MDAw
MDAwWjBIMQswCQYDVQQGEwJVUzEPMA0GA1UEChMGU3BhY2VYMSgwJgYDVQQDEx9S
b3V0ZXItMDEwMDAwMDAwMDAwMDAwMDAxMUExRDU3MHYwEAYHKoZIzj0CAQYFK4EE
ACIDYgAEXRZTFP0rn8/yKtjO0RZjfvbfzxKzbYvDxpgbWCVzwYZMcGrvtSPOSPYn
4VPzyWZd3ygyxEfBInLFhun7d85AhTBBX55ZXS/A/yn2884QaePBEsLbRvUp/Z43
jD9aO9UQo1AwTjAdBgNVHQ4EFgQU+6o4qZYeCTJbgsYiefKD1phzePUwHwYDVR0j
BBgwFoAUXK1XuFQFitF8QKLiv/LDgeiTQiAwDAYDVR0TBAUwAwEBADAKBggqhkjO
PQQDAwNoADBlAjEAt0CNN6rRrEe1ZRfBgLtYP1Bg7D93tuT2eF+OBfcczKfD4rly
a+pB00hcjDxDUydyAjA5pu823zm3ybto9sTCCvmDMj+gxRv0YDb4gjVOTvlDrus2
KqSBAfJHtaFU40/lnxA=
-----END CERTIFICATE-----

                                                                   +
                                                    +
                                          +    +
                                   +     +
                              +      +
   + + + + +              +     +
     +        +       +     +
        +       + +      +
           +   +      +
             +      + +                      +-------------------------+
         +      +        +                   |                         |
      +       +    +        +                |           ._.           |
    +       +         +        +             |                         |
   + + + + +             + + + + +           +-------------------------+
--------------------------------------------------------------------------------
 That day, for no particular reason, I decided to go for a little route. So I
 routed to the end of the ethernet cable. And when I got there, I thought maybe
 I'd route to the end of the dishy. And when I got there, I thought maybe I'd
 just route across the satellites. And I figured, since I route this far, maybe
 I'd just route across the space lasers. And that's what I did. I routed clear
 across the Internet. For no particular reason I just kept on going. I routed
 clear to the old Club Penguin servers. And when I got there, I figured, since
 I'd gone this far, I might as well turn around, just keep on routing. When I
 got to a firewall, I figured, since I'd gone this far, I might as well just
 turn back, keep right on routing.

  2025.12.01.mr65826                        Router-0100000000000000011A1D57
--------------------------------------------------------------------------------
admin@192.168.1.1: Permission denied (publickey,keyboard-interactive).


2025-12-16 17:02:43,979 p=62593 u=maharavo n=ansible INFO| router1 | UNREACHABLE! => {
    "changed": false,
    "msg": "Task failed: Failed to connect to the host via ssh: ** WARNING: connection is not using a post-quantum key exchange algorithm.\r\n** This session may be vulnerable to \"store now, decrypt later\" attacks.\r\n** The server may need to be upgraded. See https://openssh.com/pq.html\r\n\n-----BEGIN CERTIFICATE-----\nMIIB6jCCAXCgAwIBAgIMAQAAAAAAAAABGh1XMAoGCCqGSM49BAMDMBsxGTAXBgNV\nBAMTEFNwYWNlWCBSb3V0ZXIgQ0EwHhcNMjQwNjA3MDAwMDAwWhcNNDQwNjA3MDAw\nMDAwWjBIMQswCQYDVQQGEwJVUzEPMA0GA1UEChMGU3BhY2VYMSgwJgYDVQQDEx9S\nb3V0ZXItMDEwMDAwMDAwMDAwMDAwMDAxMUExRDU3MHYwEAYHKoZIzj0CAQYFK4EE\nACIDYgAEXRZTFP0rn8/yKtjO0RZjfvbfzxKzbYvDxpgbWCVzwYZMcGrvtSPOSPYn\n4VPzyWZd3ygyxEfBInLFhun7d85AhTBBX55ZXS/A/yn2884QaePBEsLbRvUp/Z43\njD9aO9UQo1AwTjAdBgNVHQ4EFgQU+6o4qZYeCTJbgsYiefKD1phzePUwHwYDVR0j\nBBgwFoAUXK1XuFQFitF8QKLiv/LDgeiTQiAwDAYDVR0TBAUwAwEBADAKBggqhkjO\nPQQDAwNoADBlAjEAt0CNN6rRrEe1ZRfBgLtYP1Bg7D93tuT2eF+OBfcczKfD4rly\na+pB00hcjDxDUydyAjA5pu823zm3ybto9sTCCvmDMj+gxRv0YDb4gjVOTvlDrus2\nKqSBAfJHtaFU40/lnxA=\n-----END CERTIFICATE-----\n\n                                                                   +\n                                                    +\n                                          +    +\n                                   +     +\n                              +      +\n   + + + + +              +     +\n     +        +       +     +\n        +       + +      +\n           +   +      +\n             +      + +                      +-------------------------+\n         +      +        +                   |                         |\n      +       +    +        +                |           ._.           |\n    +       +         +        +             |                         |\n   + + + + +             + + + + +           +-------------------------+\n--------------------------------------------------------------------------------\n That day, for no particular reason, I decided to go for a little route. So I\n routed to the end of the ethernet cable. And when I got there, I thought maybe\n I'd route to the end of the dishy. And when I got there, I thought maybe I'd\n just route across the satellites. And I figured, since I route this far, maybe\n I'd just route across the space lasers. And that's what I did. I routed clear\n across the Internet. For no particular reason I just kept on going. I routed\n clear to the old Club Penguin servers. And when I got there, I figured, since\n I'd gone this far, I might as well turn around, just keep on routing. When I\n got to a firewall, I figured, since I'd gone this far, I might as well just\n turn back, keep right on routing.\n\n  2025.12.01.mr65826                        Router-0100000000000000011A1D57\n--------------------------------------------------------------------------------\nadmin@192.168.1.1: Permission denied (publickey,keyboard-interactive).",
    "unreachable": true
}
2025-12-16 17:02:44,105 p=62593 u=maharavo n=ansible WARNING| [WARNING]: Host 'test' is using the discovered Python interpreter at '/usr/bin/python3.10', but future installation of another Python interpreter could cause a different interpreter to be discovered. See https://docs.ansible.com/ansible-core/2.20/reference_appendices/interpreter_discovery.html for more information.

2025-12-16 17:02:44,107 p=62593 u=maharavo n=ansible INFO| test | SUCCESS => {
    "ansible_facts": {
        "discovered_interpreter_python": "/usr/bin/python3.10"
    },
    "changed": false,
    "ping": "pong"
}
2025-12-16 17:02:44,375 p=62593 u=maharavo n=ansible INFO| localhost | SUCCESS => {
    "changed": false,
    "ping": "pong"
}
2025-12-16 17:03:03,398 p=62653 u=maharavo n=ansible WARNING| [WARNING]: Host 'test' is using the discovered Python interpreter at '/usr/bin/python3.10', but future installation of another Python interpreter could cause a different interpreter to be discovered. See https://docs.ansible.com/ansible-core/2.20/reference_appendices/interpreter_discovery.html for more information.

2025-12-16 17:03:03,399 p=62653 u=maharavo n=ansible INFO| test | SUCCESS => {
    "ansible_facts": {
        "discovered_interpreter_python": "/usr/bin/python3.10"
    },
    "changed": false,
    "ping": "pong"
}
2025-12-16 17:03:22,691 p=62690 u=maharavo n=ansible INFO| PLAY [Maintenance complète du système] *****************************************
2025-12-16 17:03:22,715 p=62690 u=maharavo n=ansible INFO| TASK [Gathering Facts] *********************************************************
2025-12-16 17:03:23,864 p=62690 u=maharavo n=ansible ERROR| [ERROR]: Task failed: Failed to connect to the host via ssh: ** WARNING: connection is not using a post-quantum key exchange algorithm.
** This session may be vulnerable to "store now, decrypt later" attacks.
** The server may need to be upgraded. See https://openssh.com/pq.html

-----BEGIN CERTIFICATE-----
MIIB6jCCAXCgAwIBAgIMAQAAAAAAAAABGh1XMAoGCCqGSM49BAMDMBsxGTAXBgNV
BAMTEFNwYWNlWCBSb3V0ZXIgQ0EwHhcNMjQwNjA3MDAwMDAwWhcNNDQwNjA3MDAw
MDAwWjBIMQswCQYDVQQGEwJVUzEPMA0GA1UEChMGU3BhY2VYMSgwJgYDVQQDEx9S
b3V0ZXItMDEwMDAwMDAwMDAwMDAwMDAxMUExRDU3MHYwEAYHKoZIzj0CAQYFK4EE
ACIDYgAEXRZTFP0rn8/yKtjO0RZjfvbfzxKzbYvDxpgbWCVzwYZMcGrvtSPOSPYn
4VPzyWZd3ygyxEfBInLFhun7d85AhTBBX55ZXS/A/yn2884QaePBEsLbRvUp/Z43
jD9aO9UQo1AwTjAdBgNVHQ4EFgQU+6o4qZYeCTJbgsYiefKD1phzePUwHwYDVR0j
BBgwFoAUXK1XuFQFitF8QKLiv/LDgeiTQiAwDAYDVR0TBAUwAwEBADAKBggqhkjO
PQQDAwNoADBlAjEAt0CNN6rRrEe1ZRfBgLtYP1Bg7D93tuT2eF+OBfcczKfD4rly
a+pB00hcjDxDUydyAjA5pu823zm3ybto9sTCCvmDMj+gxRv0YDb4gjVOTvlDrus2
KqSBAfJHtaFU40/lnxA=
-----END CERTIFICATE-----

                                                                   +
                                                    +
                                          +    +
                                   +     +
                              +      +
   + + + + +              +     +
     +        +       +     +
        +       + +      +
           +   +      +
             +      + +                      +-------------------------+
         +      +        +                   |                         |
      +       +    +        +                |           ._.           |
    +       +         +        +             |                         |
   + + + + +             + + + + +           +-------------------------+
--------------------------------------------------------------------------------
 That day, for no particular reason, I decided to go for a little route. So I
 routed to the end of the ethernet cable. And when I got there, I thought maybe
 I'd route to the end of the dishy. And when I got there, I thought maybe I'd
 just route across the satellites. And I figured, since I route this far, maybe
 I'd just route across the space lasers. And that's what I did. I routed clear
 across the Internet. For no particular reason I just kept on going. I routed
 clear to the old Club Penguin servers. And when I got there, I figured, since
 I'd gone this far, I might as well turn around, just keep on routing. When I
 got to a firewall, I figured, since I'd gone this far, I might as well just
 turn back, keep right on routing.

  2025.12.01.mr65826                        Router-0100000000000000011A1D57
--------------------------------------------------------------------------------
admin@192.168.1.1: Permission denied (publickey,keyboard-interactive).

Task failed.

<<< caused by >>>

Failed to connect to the host via ssh: ** WARNING: connection is not using a post-quantum key exchange algorithm.
** This session may be vulnerable to "store now, decrypt later" attacks.
** The server may need to be upgraded. See https://openssh.com/pq.html

-----BEGIN CERTIFICATE-----
MIIB6jCCAXCgAwIBAgIMAQAAAAAAAAABGh1XMAoGCCqGSM49BAMDMBsxGTAXBgNV
BAMTEFNwYWNlWCBSb3V0ZXIgQ0EwHhcNMjQwNjA3MDAwMDAwWhcNNDQwNjA3MDAw
MDAwWjBIMQswCQYDVQQGEwJVUzEPMA0GA1UEChMGU3BhY2VYMSgwJgYDVQQDEx9S
b3V0ZXItMDEwMDAwMDAwMDAwMDAwMDAxMUExRDU3MHYwEAYHKoZIzj0CAQYFK4EE
ACIDYgAEXRZTFP0rn8/yKtjO0RZjfvbfzxKzbYvDxpgbWCVzwYZMcGrvtSPOSPYn
4VPzyWZd3ygyxEfBInLFhun7d85AhTBBX55ZXS/A/yn2884QaePBEsLbRvUp/Z43
jD9aO9UQo1AwTjAdBgNVHQ4EFgQU+6o4qZYeCTJbgsYiefKD1phzePUwHwYDVR0j
BBgwFoAUXK1XuFQFitF8QKLiv/LDgeiTQiAwDAYDVR0TBAUwAwEBADAKBggqhkjO
PQQDAwNoADBlAjEAt0CNN6rRrEe1ZRfBgLtYP1Bg7D93tuT2eF+OBfcczKfD4rly
a+pB00hcjDxDUydyAjA5pu823zm3ybto9sTCCvmDMj+gxRv0YDb4gjVOTvlDrus2
KqSBAfJHtaFU40/lnxA=
-----END CERTIFICATE-----

                                                                   +
                                                    +
                                          +    +
                                   +     +
                              +      +
   + + + + +              +     +
     +        +       +     +
        +       + +      +
           +   +      +
             +      + +                      +-------------------------+
         +      +        +                   |                         |
      +       +    +        +                |           ._.           |
    +       +         +        +             |                         |
   + + + + +             + + + + +           +-------------------------+
--------------------------------------------------------------------------------
 That day, for no particular reason, I decided to go for a little route. So I
 routed to the end of the ethernet cable. And when I got there, I thought maybe
 I'd route to the end of the dishy. And when I got there, I thought maybe I'd
 just route across the satellites. And I figured, since I route this far, maybe
 I'd just route across the space lasers. And that's what I did. I routed clear
 across the Internet. For no particular reason I just kept on going. I routed
 clear to the old Club Penguin servers. And when I got there, I figured, since
 I'd gone this far, I might as well turn around, just keep on routing. When I
 got to a firewall, I figured, since I'd gone this far, I might as well just
 turn back, keep right on routing.

  2025.12.01.mr65826                        Router-0100000000000000011A1D57
--------------------------------------------------------------------------------
admin@192.168.1.1: Permission denied (publickey,keyboard-interactive).


2025-12-16 17:03:23,864 p=62690 u=maharavo n=ansible INFO| fatal: [router1]: UNREACHABLE! => {"changed": false, "msg": "Task failed: Failed to connect to the host via ssh: ** WARNING: connection is not using a post-quantum key exchange algorithm.\r\n** This session may be vulnerable to \"store now, decrypt later\" attacks.\r\n** The server may need to be upgraded. See https://openssh.com/pq.html\r\n\n-----BEGIN CERTIFICATE-----\nMIIB6jCCAXCgAwIBAgIMAQAAAAAAAAABGh1XMAoGCCqGSM49BAMDMBsxGTAXBgNV\nBAMTEFNwYWNlWCBSb3V0ZXIgQ0EwHhcNMjQwNjA3MDAwMDAwWhcNNDQwNjA3MDAw\nMDAwWjBIMQswCQYDVQQGEwJVUzEPMA0GA1UEChMGU3BhY2VYMSgwJgYDVQQDEx9S\nb3V0ZXItMDEwMDAwMDAwMDAwMDAwMDAxMUExRDU3MHYwEAYHKoZIzj0CAQYFK4EE\nACIDYgAEXRZTFP0rn8/yKtjO0RZjfvbfzxKzbYvDxpgbWCVzwYZMcGrvtSPOSPYn\n4VPzyWZd3ygyxEfBInLFhun7d85AhTBBX55ZXS/A/yn2884QaePBEsLbRvUp/Z43\njD9aO9UQo1AwTjAdBgNVHQ4EFgQU+6o4qZYeCTJbgsYiefKD1phzePUwHwYDVR0j\nBBgwFoAUXK1XuFQFitF8QKLiv/LDgeiTQiAwDAYDVR0TBAUwAwEBADAKBggqhkjO\nPQQDAwNoADBlAjEAt0CNN6rRrEe1ZRfBgLtYP1Bg7D93tuT2eF+OBfcczKfD4rly\na+pB00hcjDxDUydyAjA5pu823zm3ybto9sTCCvmDMj+gxRv0YDb4gjVOTvlDrus2\nKqSBAfJHtaFU40/lnxA=\n-----END CERTIFICATE-----\n\n                                                                   +\n                                                    +\n                                          +    +\n                                   +     +\n                              +      +\n   + + + + +              +     +\n     +        +       +     +\n        +       + +      +\n           +   +      +\n             +      + +                      +-------------------------+\n         +      +        +                   |                         |\n      +       +    +        +                |           ._.           |\n    +       +         +        +             |                         |\n   + + + + +             + + + + +           +-------------------------+\n--------------------------------------------------------------------------------\n That day, for no particular reason, I decided to go for a little route. So I\n routed to the end of the ethernet cable. And when I got there, I thought maybe\n I'd route to the end of the dishy. And when I got there, I thought maybe I'd\n just route across the satellites. And I figured, since I route this far, maybe\n I'd just route across the space lasers. And that's what I did. I routed clear\n across the Internet. For no particular reason I just kept on going. I routed\n clear to the old Club Penguin servers. And when I got there, I figured, since\n I'd gone this far, I might as well turn around, just keep on routing. When I\n got to a firewall, I figured, since I'd gone this far, I might as well just\n turn back, keep right on routing.\n\n  2025.12.01.mr65826                        Router-0100000000000000011A1D57\n--------------------------------------------------------------------------------\nadmin@192.168.1.1: Permission denied (publickey,keyboard-interactive).", "unreachable": true}
2025-12-16 17:03:24,878 p=62690 u=maharavo n=ansible WARNING| [WARNING]: Host 'test' is using the discovered Python interpreter at '/usr/bin/python3.10', but future installation of another Python interpreter could cause a different interpreter to be discovered. See https://docs.ansible.com/ansible-core/2.20/reference_appendices/interpreter_discovery.html for more information.

2025-12-16 17:03:24,878 p=62690 u=maharavo n=ansible INFO| ok: [test]
2025-12-16 17:03:24,887 p=62690 u=maharavo n=ansible INFO| TASK [Inclure le rôle de mise à jour] ******************************************
2025-12-16 17:03:24,928 p=62690 u=maharavo n=ansible INFO| included: /home/maharavo/L2/projet_ansible/roles/update.yml for test
2025-12-16 17:03:24,936 p=62690 u=maharavo n=ansible INFO| PLAY [Mise à jour uniquement] **************************************************
2025-12-16 17:03:24,993 p=62690 u=maharavo n=ansible INFO| TASK [Validating arguments against arg spec None] ******************************
2025-12-16 17:03:25,016 p=62690 u=maharavo n=ansible INFO| ok: [test]
2025-12-16 17:03:25,019 p=62690 u=maharavo n=ansible INFO| PLAY [Nettoyage uniquement] ****************************************************
2025-12-16 17:03:25,027 p=62690 u=maharavo n=ansible INFO| TASK [Validating arguments against arg spec None] ******************************
2025-12-16 17:03:25,047 p=62690 u=maharavo n=ansible INFO| ok: [test]
2025-12-16 17:03:25,050 p=62690 u=maharavo n=ansible INFO| PLAY [Configuration réseau uniquement] *****************************************
2025-12-16 17:03:25,058 p=62690 u=maharavo n=ansible INFO| TASK [Validating arguments against arg spec None] ******************************
2025-12-16 17:03:25,078 p=62690 u=maharavo n=ansible INFO| ok: [test]
2025-12-16 17:03:25,085 p=62690 u=maharavo n=ansible INFO| PLAY [Installation MariaDB uniquement] *****************************************
2025-12-16 17:03:25,094 p=62690 u=maharavo n=ansible INFO| TASK [Validating arguments against arg spec None] ******************************
2025-12-16 17:03:25,115 p=62690 u=maharavo n=ansible INFO| ok: [test]
2025-12-16 17:03:25,115 p=62690 u=maharavo n=ansible INFO| PLAY RECAP *********************************************************************
2025-12-16 17:03:25,116 p=62690 u=maharavo n=ansible INFO| router1                    : ok=0    changed=0    unreachable=1    failed=0    skipped=0    rescued=0    ignored=0   
2025-12-16 17:03:25,116 p=62690 u=maharavo n=ansible INFO| test                       : ok=6    changed=0    unreachable=0    failed=0    skipped=0    rescued=0    ignored=0   
2025-12-16 17:03:30,676 p=62731 u=maharavo n=ansible INFO| PLAY [Maintenance complète du système] *****************************************
2025-12-16 17:03:30,692 p=62731 u=maharavo n=ansible INFO| TASK [Gathering Facts] *********************************************************
2025-12-16 17:03:32,602 p=62731 u=maharavo n=ansible WARNING| [WARNING]: Host 'test' is using the discovered Python interpreter at '/usr/bin/python3.10', but future installation of another Python interpreter could cause a different interpreter to be discovered. See https://docs.ansible.com/ansible-core/2.20/reference_appendices/interpreter_discovery.html for more information.

2025-12-16 17:03:32,602 p=62731 u=maharavo n=ansible INFO| ok: [test]
2025-12-16 17:03:32,612 p=62731 u=maharavo n=ansible INFO| TASK [Inclure le rôle de mise à jour] ******************************************
2025-12-16 17:03:32,641 p=62731 u=maharavo n=ansible INFO| included: /home/maharavo/L2/projet_ansible/roles/update.yml for test
2025-12-16 17:03:32,649 p=62731 u=maharavo n=ansible INFO| PLAY [Mise à jour uniquement] **************************************************
2025-12-16 17:03:32,658 p=62731 u=maharavo n=ansible INFO| TASK [Validating arguments against arg spec None] ******************************
2025-12-16 17:03:32,679 p=62731 u=maharavo n=ansible INFO| ok: [test]
2025-12-16 17:03:32,683 p=62731 u=maharavo n=ansible INFO| PLAY [Nettoyage uniquement] ****************************************************
2025-12-16 17:03:32,692 p=62731 u=maharavo n=ansible INFO| TASK [Validating arguments against arg spec None] ******************************
2025-12-16 17:03:32,713 p=62731 u=maharavo n=ansible INFO| ok: [test]
2025-12-16 17:03:32,716 p=62731 u=maharavo n=ansible INFO| PLAY [Configuration réseau uniquement] *****************************************
2025-12-16 17:03:32,730 p=62731 u=maharavo n=ansible INFO| TASK [Validating arguments against arg spec None] ******************************
2025-12-16 17:03:32,750 p=62731 u=maharavo n=ansible INFO| ok: [test]
2025-12-16 17:03:32,755 p=62731 u=maharavo n=ansible INFO| PLAY [Installation MariaDB uniquement] *****************************************
2025-12-16 17:03:32,765 p=62731 u=maharavo n=ansible INFO| TASK [Validating arguments against arg spec None] ******************************
2025-12-16 17:03:32,785 p=62731 u=maharavo n=ansible INFO| ok: [test]
2025-12-16 17:03:32,786 p=62731 u=maharavo n=ansible INFO| PLAY RECAP *********************************************************************
2025-12-16 17:03:32,786 p=62731 u=maharavo n=ansible INFO| test                       : ok=6    changed=0    unreachable=0    failed=0    skipped=0    rescued=0    ignored=0   
2025-12-16 17:08:51,094 p=63068 u=maharavo n=ansible ERROR| [ERROR]: Task failed: Failed to connect to the host via ssh: ssh: connect to host 192.168.11.150 port 22: Connection timed out

Task failed.
Origin: <adhoc 'ping' task>

{'action': 'ping', 'args': {}, 'timeout': 0, 'async_val': 0, 'poll': 15}

<<< caused by >>>

Failed to connect to the host via ssh: ssh: connect to host 192.168.11.150 port 22: Connection timed out


2025-12-16 17:08:51,094 p=63068 u=maharavo n=ansible INFO| test2 | UNREACHABLE! => {
    "changed": false,
    "msg": "Task failed: Failed to connect to the host via ssh: ssh: connect to host 192.168.11.150 port 22: Connection timed out",
    "unreachable": true
}
2025-12-18 14:21:09,714 p=11597 u=maharavo n=ansible WARNING| [WARNING]: Host 'mahatoky' is using the discovered Python interpreter at '/usr/bin/python3.12', but future installation of another Python interpreter could cause a different interpreter to be discovered. See https://docs.ansible.com/ansible-core/2.20/reference_appendices/interpreter_discovery.html for more information.

2025-12-18 14:21:09,730 p=11597 u=maharavo n=ansible INFO| mahatoky | SUCCESS => {
    "ansible_facts": {
        "discovered_interpreter_python": "/usr/bin/python3.12"
    },
    "changed": false,
    "ping": "pong"
}
2025-12-18 14:21:22,629 p=11638 u=maharavo n=ansible INFO| PLAY [Maintenance complète du système] *****************************************
2025-12-18 14:21:22,663 p=11638 u=maharavo n=ansible INFO| TASK [Gathering Facts] *********************************************************
2025-12-18 14:21:23,860 p=11638 u=maharavo n=ansible ERROR| [ERROR]: Task failed: Failed to connect to the host via ssh: ** WARNING: connection is not using a post-quantum key exchange algorithm.
** This session may be vulnerable to "store now, decrypt later" attacks.
** The server may need to be upgraded. See https://openssh.com/pq.html

-----BEGIN CERTIFICATE-----
MIIB6jCCAXCgAwIBAgIMAQAAAAAAAAABGh1XMAoGCCqGSM49BAMDMBsxGTAXBgNV
BAMTEFNwYWNlWCBSb3V0ZXIgQ0EwHhcNMjQwNjA3MDAwMDAwWhcNNDQwNjA3MDAw
MDAwWjBIMQswCQYDVQQGEwJVUzEPMA0GA1UEChMGU3BhY2VYMSgwJgYDVQQDEx9S
b3V0ZXItMDEwMDAwMDAwMDAwMDAwMDAxMUExRDU3MHYwEAYHKoZIzj0CAQYFK4EE
ACIDYgAEXRZTFP0rn8/yKtjO0RZjfvbfzxKzbYvDxpgbWCVzwYZMcGrvtSPOSPYn
4VPzyWZd3ygyxEfBInLFhun7d85AhTBBX55ZXS/A/yn2884QaePBEsLbRvUp/Z43
jD9aO9UQo1AwTjAdBgNVHQ4EFgQU+6o4qZYeCTJbgsYiefKD1phzePUwHwYDVR0j
BBgwFoAUXK1XuFQFitF8QKLiv/LDgeiTQiAwDAYDVR0TBAUwAwEBADAKBggqhkjO
PQQDAwNoADBlAjEAt0CNN6rRrEe1ZRfBgLtYP1Bg7D93tuT2eF+OBfcczKfD4rly
a+pB00hcjDxDUydyAjA5pu823zm3ybto9sTCCvmDMj+gxRv0YDb4gjVOTvlDrus2
KqSBAfJHtaFU40/lnxA=
-----END CERTIFICATE-----

                                                                   +
                                                    +
                                          +    +
                                   +     +
                              +      +
   + + + + +              +     +
     +        +       +     +
        +       + +      +
           +   +      +
             +      + +                      +-------------------------+
         +      +        +                   |                         |
      +       +    +        +                |           ._.           |
    +       +         +        +             |                         |
   + + + + +             + + + + +           +-------------------------+
--------------------------------------------------------------------------------
 That day, for no particular reason, I decided to go for a little route. So I
 routed to the end of the ethernet cable. And when I got there, I thought maybe
 I'd route to the end of the dishy. And when I got there, I thought maybe I'd
 just route across the satellites. And I figured, since I route this far, maybe
 I'd just route across the space lasers. And that's what I did. I routed clear
 across the Internet. For no particular reason I just kept on going. I routed
 clear to the old Club Penguin servers. And when I got there, I figured, since
 I'd gone this far, I might as well turn around, just keep on routing. When I
 got to a firewall, I figured, since I'd gone this far, I might as well just
 turn back, keep right on routing.

  2025.12.08.mr66328                        Router-0100000000000000011A1D57
--------------------------------------------------------------------------------
admin@192.168.1.1: Permission denied (publickey,keyboard-interactive).

Task failed.

<<< caused by >>>

Failed to connect to the host via ssh: ** WARNING: connection is not using a post-quantum key exchange algorithm.
** This session may be vulnerable to "store now, decrypt later" attacks.
** The server may need to be upgraded. See https://openssh.com/pq.html

-----BEGIN CERTIFICATE-----
MIIB6jCCAXCgAwIBAgIMAQAAAAAAAAABGh1XMAoGCCqGSM49BAMDMBsxGTAXBgNV
BAMTEFNwYWNlWCBSb3V0ZXIgQ0EwHhcNMjQwNjA3MDAwMDAwWhcNNDQwNjA3MDAw
MDAwWjBIMQswCQYDVQQGEwJVUzEPMA0GA1UEChMGU3BhY2VYMSgwJgYDVQQDEx9S
b3V0ZXItMDEwMDAwMDAwMDAwMDAwMDAxMUExRDU3MHYwEAYHKoZIzj0CAQYFK4EE
ACIDYgAEXRZTFP0rn8/yKtjO0RZjfvbfzxKzbYvDxpgbWCVzwYZMcGrvtSPOSPYn
4VPzyWZd3ygyxEfBInLFhun7d85AhTBBX55ZXS/A/yn2884QaePBEsLbRvUp/Z43
jD9aO9UQo1AwTjAdBgNVHQ4EFgQU+6o4qZYeCTJbgsYiefKD1phzePUwHwYDVR0j
BBgwFoAUXK1XuFQFitF8QKLiv/LDgeiTQiAwDAYDVR0TBAUwAwEBADAKBggqhkjO
PQQDAwNoADBlAjEAt0CNN6rRrEe1ZRfBgLtYP1Bg7D93tuT2eF+OBfcczKfD4rly
a+pB00hcjDxDUydyAjA5pu823zm3ybto9sTCCvmDMj+gxRv0YDb4gjVOTvlDrus2
KqSBAfJHtaFU40/lnxA=
-----END CERTIFICATE-----

                                                                   +
                                                    +
                                          +    +
                                   +     +
                              +      +
   + + + + +              +     +
     +        +       +     +
        +       + +      +
           +   +      +
             +      + +                      +-------------------------+
         +      +        +                   |                         |
      +       +    +        +                |           ._.           |
    +       +         +        +             |                         |
   + + + + +             + + + + +           +-------------------------+
--------------------------------------------------------------------------------
 That day, for no particular reason, I decided to go for a little route. So I
 routed to the end of the ethernet cable. And when I got there, I thought maybe
 I'd route to the end of the dishy. And when I got there, I thought maybe I'd
 just route across the satellites. And I figured, since I route this far, maybe
 I'd just route across the space lasers. And that's what I did. I routed clear
 across the Internet. For no particular reason I just kept on going. I routed
 clear to the old Club Penguin servers. And when I got there, I figured, since
 I'd gone this far, I might as well turn around, just keep on routing. When I
 got to a firewall, I figured, since I'd gone this far, I might as well just
 turn back, keep right on routing.

  2025.12.08.mr66328                        Router-0100000000000000011A1D57
--------------------------------------------------------------------------------
admin@192.168.1.1: Permission denied (publickey,keyboard-interactive).


2025-12-18 14:21:23,860 p=11638 u=maharavo n=ansible INFO| fatal: [router1]: UNREACHABLE! => {"changed": false, "msg": "Task failed: Failed to connect to the host via ssh: ** WARNING: connection is not using a post-quantum key exchange algorithm.\r\n** This session may be vulnerable to \"store now, decrypt later\" attacks.\r\n** The server may need to be upgraded. See https://openssh.com/pq.html\r\n\n-----BEGIN CERTIFICATE-----\nMIIB6jCCAXCgAwIBAgIMAQAAAAAAAAABGh1XMAoGCCqGSM49BAMDMBsxGTAXBgNV\nBAMTEFNwYWNlWCBSb3V0ZXIgQ0EwHhcNMjQwNjA3MDAwMDAwWhcNNDQwNjA3MDAw\nMDAwWjBIMQswCQYDVQQGEwJVUzEPMA0GA1UEChMGU3BhY2VYMSgwJgYDVQQDEx9S\nb3V0ZXItMDEwMDAwMDAwMDAwMDAwMDAxMUExRDU3MHYwEAYHKoZIzj0CAQYFK4EE\nACIDYgAEXRZTFP0rn8/yKtjO0RZjfvbfzxKzbYvDxpgbWCVzwYZMcGrvtSPOSPYn\n4VPzyWZd3ygyxEfBInLFhun7d85AhTBBX55ZXS/A/yn2884QaePBEsLbRvUp/Z43\njD9aO9UQo1AwTjAdBgNVHQ4EFgQU+6o4qZYeCTJbgsYiefKD1phzePUwHwYDVR0j\nBBgwFoAUXK1XuFQFitF8QKLiv/LDgeiTQiAwDAYDVR0TBAUwAwEBADAKBggqhkjO\nPQQDAwNoADBlAjEAt0CNN6rRrEe1ZRfBgLtYP1Bg7D93tuT2eF+OBfcczKfD4rly\na+pB00hcjDxDUydyAjA5pu823zm3ybto9sTCCvmDMj+gxRv0YDb4gjVOTvlDrus2\nKqSBAfJHtaFU40/lnxA=\n-----END CERTIFICATE-----\n\n                                                                   +\n                                                    +\n                                          +    +\n                                   +     +\n                              +      +\n   + + + + +              +     +\n     +        +       +     +\n        +       + +      +\n           +   +      +\n             +      + +                      +-------------------------+\n         +      +        +                   |                         |\n      +       +    +        +                |           ._.           |\n    +       +         +        +             |                         |\n   + + + + +             + + + + +           +-------------------------+\n--------------------------------------------------------------------------------\n That day, for no particular reason, I decided to go for a little route. So I\n routed to the end of the ethernet cable. And when I got there, I thought maybe\n I'd route to the end of the dishy. And when I got there, I thought maybe I'd\n just route across the satellites. And I figured, since I route this far, maybe\n I'd just route across the space lasers. And that's what I did. I routed clear\n across the Internet. For no particular reason I just kept on going. I routed\n clear to the old Club Penguin servers. And when I got there, I figured, since\n I'd gone this far, I might as well turn around, just keep on routing. When I\n got to a firewall, I figured, since I'd gone this far, I might as well just\n turn back, keep right on routing.\n\n  2025.12.08.mr66328                        Router-0100000000000000011A1D57\n--------------------------------------------------------------------------------\nadmin@192.168.1.1: Permission denied (publickey,keyboard-interactive).", "unreachable": true}
2025-12-18 14:21:25,565 p=11638 u=maharavo n=ansible WARNING| [WARNING]: Host 'mahatoky' is using the discovered Python interpreter at '/usr/bin/python3.12', but future installation of another Python interpreter could cause a different interpreter to be discovered. See https://docs.ansible.com/ansible-core/2.20/reference_appendices/interpreter_discovery.html for more information.

2025-12-18 14:21:25,565 p=11638 u=maharavo n=ansible INFO| ok: [mahatoky]
2025-12-18 14:21:26,585 p=11638 u=maharavo n=ansible ERROR| [ERROR]: Task failed: Failed to connect to the host via ssh: ssh: connect to host 192.168.1.158 port 22: No route to host

Task failed.

<<< caused by >>>

Failed to connect to the host via ssh: ssh: connect to host 192.168.1.158 port 22: No route to host


2025-12-18 14:21:26,585 p=11638 u=maharavo n=ansible INFO| fatal: [test]: UNREACHABLE! => {"changed": false, "msg": "Task failed: Failed to connect to the host via ssh: ssh: connect to host 192.168.1.158 port 22: No route to host", "unreachable": true}
2025-12-18 14:21:53,558 p=11638 u=maharavo n=ansible ERROR| [ERROR]: Task failed: Failed to connect to the host via ssh: ssh: connect to host 192.168.11.150 port 22: Connection timed out

Task failed.

<<< caused by >>>

Failed to connect to the host via ssh: ssh: connect to host 192.168.11.150 port 22: Connection timed out


2025-12-18 14:21:53,559 p=11638 u=maharavo n=ansible INFO| fatal: [test2]: UNREACHABLE! => {"changed": false, "msg": "Task failed: Failed to connect to the host via ssh: ssh: connect to host 192.168.11.150 port 22: Connection timed out", "unreachable": true}
2025-12-18 14:21:53,567 p=11638 u=maharavo n=ansible INFO| TASK [Inclure le rôle de mise à jour] ******************************************
2025-12-18 14:21:53,593 p=11638 u=maharavo n=ansible INFO| included: /home/maharavo/L2/projet_ansible/roles/update.yml for mahatoky
2025-12-18 14:21:53,597 p=11638 u=maharavo n=ansible INFO| PLAY [Mise à jour uniquement] **************************************************
2025-12-18 14:21:53,654 p=11638 u=maharavo n=ansible INFO| TASK [Validating arguments against arg spec None] ******************************
2025-12-18 14:21:53,678 p=11638 u=maharavo n=ansible INFO| ok: [mahatoky]
2025-12-18 14:21:53,680 p=11638 u=maharavo n=ansible INFO| PLAY [Nettoyage uniquement] ****************************************************
2025-12-18 14:21:53,688 p=11638 u=maharavo n=ansible INFO| TASK [Validating arguments against arg spec None] ******************************
2025-12-18 14:21:53,705 p=11638 u=maharavo n=ansible INFO| ok: [mahatoky]
2025-12-18 14:21:53,707 p=11638 u=maharavo n=ansible INFO| PLAY [Configuration réseau uniquement] *****************************************
2025-12-18 14:21:53,716 p=11638 u=maharavo n=ansible INFO| TASK [Validating arguments against arg spec None] ******************************
2025-12-18 14:21:53,732 p=11638 u=maharavo n=ansible INFO| ok: [mahatoky]
2025-12-18 14:21:53,738 p=11638 u=maharavo n=ansible INFO| PLAY [Installation MariaDB uniquement] *****************************************
2025-12-18 14:21:53,747 p=11638 u=maharavo n=ansible INFO| TASK [Validating arguments against arg spec None] ******************************
2025-12-18 14:21:53,762 p=11638 u=maharavo n=ansible INFO| ok: [mahatoky]
2025-12-18 14:21:53,763 p=11638 u=maharavo n=ansible INFO| PLAY RECAP *********************************************************************
2025-12-18 14:21:53,763 p=11638 u=maharavo n=ansible INFO| mahatoky                   : ok=6    changed=0    unreachable=0    failed=0    skipped=0    rescued=0    ignored=0   
2025-12-18 14:21:53,763 p=11638 u=maharavo n=ansible INFO| router1                    : ok=0    changed=0    unreachable=1    failed=0    skipped=0    rescued=0    ignored=0   
2025-12-18 14:21:53,763 p=11638 u=maharavo n=ansible INFO| test                       : ok=0    changed=0    unreachable=1    failed=0    skipped=0    rescued=0    ignored=0   
2025-12-18 14:21:53,763 p=11638 u=maharavo n=ansible INFO| test2                      : ok=0    changed=0    unreachable=1    failed=0    skipped=0    rescued=0    ignored=0   
2025-12-18 14:21:59,006 p=11709 u=maharavo n=ansible INFO| PLAY [Maintenance complète du système] *****************************************
2025-12-18 14:21:59,022 p=11709 u=maharavo n=ansible INFO| TASK [Gathering Facts] *********************************************************
2025-12-18 14:22:01,661 p=11709 u=maharavo n=ansible WARNING| [WARNING]: Host 'mahatoky' is using the discovered Python interpreter at '/usr/bin/python3.12', but future installation of another Python interpreter could cause a different interpreter to be discovered. See https://docs.ansible.com/ansible-core/2.20/reference_appendices/interpreter_discovery.html for more information.

2025-12-18 14:22:01,661 p=11709 u=maharavo n=ansible INFO| ok: [mahatoky]
2025-12-18 14:22:01,670 p=11709 u=maharavo n=ansible INFO| TASK [Inclure le rôle de mise à jour] ******************************************
2025-12-18 14:22:01,703 p=11709 u=maharavo n=ansible INFO| included: /home/maharavo/L2/projet_ansible/roles/update.yml for mahatoky
2025-12-18 14:22:01,711 p=11709 u=maharavo n=ansible INFO| PLAY [Mise à jour uniquement] **************************************************
2025-12-18 14:22:01,731 p=11709 u=maharavo n=ansible INFO| TASK [Validating arguments against arg spec None] ******************************
2025-12-18 14:22:01,751 p=11709 u=maharavo n=ansible INFO| ok: [mahatoky]
2025-12-18 14:22:01,755 p=11709 u=maharavo n=ansible INFO| PLAY [Nettoyage uniquement] ****************************************************
2025-12-18 14:22:01,766 p=11709 u=maharavo n=ansible INFO| TASK [Validating arguments against arg spec None] ******************************
2025-12-18 14:22:01,785 p=11709 u=maharavo n=ansible INFO| ok: [mahatoky]
2025-12-18 14:22:01,788 p=11709 u=maharavo n=ansible INFO| PLAY [Configuration réseau uniquement] *****************************************
2025-12-18 14:22:01,799 p=11709 u=maharavo n=ansible INFO| TASK [Validating arguments against arg spec None] ******************************
2025-12-18 14:22:01,818 p=11709 u=maharavo n=ansible INFO| ok: [mahatoky]
2025-12-18 14:22:01,824 p=11709 u=maharavo n=ansible INFO| PLAY [Installation MariaDB uniquement] *****************************************
2025-12-18 14:22:01,835 p=11709 u=maharavo n=ansible INFO| TASK [Validating arguments against arg spec None] ******************************
2025-12-18 14:22:01,855 p=11709 u=maharavo n=ansible INFO| ok: [mahatoky]
2025-12-18 14:22:01,856 p=11709 u=maharavo n=ansible INFO| PLAY RECAP *********************************************************************
2025-12-18 14:22:01,856 p=11709 u=maharavo n=ansible INFO| mahatoky                   : ok=6    changed=0    unreachable=0    failed=0    skipped=0    rescued=0    ignored=0   
2025-12-18 14:22:18,517 p=11746 u=maharavo n=ansible WARNING| [WARNING]: Host 'mahatoky' is using the discovered Python interpreter at '/usr/bin/python3.12', but future installation of another Python interpreter could cause a different interpreter to be discovered. See https://docs.ansible.com/ansible-core/2.20/reference_appendices/interpreter_discovery.html for more information.

2025-12-18 14:22:18,519 p=11746 u=maharavo n=ansible INFO| mahatoky | SUCCESS => {
    "ansible_facts": {
        "discovered_interpreter_python": "/usr/bin/python3.12"
    },
    "changed": false,
    "ping": "pong"
}
2025-12-18 14:22:22,574 p=11774 u=maharavo n=ansible INFO| PLAY [Maintenance complète du système] *****************************************
2025-12-18 14:22:22,590 p=11774 u=maharavo n=ansible INFO| TASK [Gathering Facts] *********************************************************
2025-12-18 14:22:25,163 p=11774 u=maharavo n=ansible WARNING| [WARNING]: Host 'mahatoky' is using the discovered Python interpreter at '/usr/bin/python3.12', but future installation of another Python interpreter could cause a different interpreter to be discovered. See https://docs.ansible.com/ansible-core/2.20/reference_appendices/interpreter_discovery.html for more information.

2025-12-18 14:22:25,164 p=11774 u=maharavo n=ansible INFO| ok: [mahatoky]
2025-12-18 14:22:25,187 p=11774 u=maharavo n=ansible INFO| TASK [Inclure le rôle de mise à jour] ******************************************
2025-12-18 14:22:25,231 p=11774 u=maharavo n=ansible INFO| included: /home/maharavo/L2/projet_ansible/roles/update.yml for mahatoky
2025-12-18 14:22:25,242 p=11774 u=maharavo n=ansible INFO| PLAY [Mise à jour uniquement] **************************************************
2025-12-18 14:22:25,264 p=11774 u=maharavo n=ansible INFO| TASK [Validating arguments against arg spec None] ******************************
2025-12-18 14:22:25,283 p=11774 u=maharavo n=ansible INFO| ok: [mahatoky]
2025-12-18 14:22:25,287 p=11774 u=maharavo n=ansible INFO| PLAY [Nettoyage uniquement] ****************************************************
2025-12-18 14:22:25,298 p=11774 u=maharavo n=ansible INFO| TASK [Validating arguments against arg spec None] ******************************
2025-12-18 14:22:25,317 p=11774 u=maharavo n=ansible INFO| ok: [mahatoky]
2025-12-18 14:22:25,321 p=11774 u=maharavo n=ansible INFO| PLAY [Configuration réseau uniquement] *****************************************
2025-12-18 14:22:25,331 p=11774 u=maharavo n=ansible INFO| TASK [Validating arguments against arg spec None] ******************************
2025-12-18 14:22:25,350 p=11774 u=maharavo n=ansible INFO| ok: [mahatoky]
2025-12-18 14:22:25,358 p=11774 u=maharavo n=ansible INFO| PLAY [Installation MariaDB uniquement] *****************************************
2025-12-18 14:22:25,369 p=11774 u=maharavo n=ansible INFO| TASK [Validating arguments against arg spec None] ******************************
2025-12-18 14:22:25,389 p=11774 u=maharavo n=ansible INFO| ok: [mahatoky]
2025-12-18 14:22:25,390 p=11774 u=maharavo n=ansible INFO| PLAY RECAP *********************************************************************
2025-12-18 14:22:25,390 p=11774 u=maharavo n=ansible INFO| mahatoky                   : ok=6    changed=0    unreachable=0    failed=0    skipped=0    rescued=0    ignored=0   
2025-12-18 14:22:31,380 p=11823 u=maharavo n=ansible INFO| PLAY [Maintenance complète du système] *****************************************
2025-12-18 14:22:31,399 p=11823 u=maharavo n=ansible INFO| TASK [Gathering Facts] *********************************************************
2025-12-18 14:22:32,266 p=11823 u=maharavo n=ansible ERROR| [ERROR]: Task failed: Failed to connect to the host via ssh: ** WARNING: connection is not using a post-quantum key exchange algorithm.
** This session may be vulnerable to "store now, decrypt later" attacks.
** The server may need to be upgraded. See https://openssh.com/pq.html

-----BEGIN CERTIFICATE-----
MIIB6jCCAXCgAwIBAgIMAQAAAAAAAAABGh1XMAoGCCqGSM49BAMDMBsxGTAXBgNV
BAMTEFNwYWNlWCBSb3V0ZXIgQ0EwHhcNMjQwNjA3MDAwMDAwWhcNNDQwNjA3MDAw
MDAwWjBIMQswCQYDVQQGEwJVUzEPMA0GA1UEChMGU3BhY2VYMSgwJgYDVQQDEx9S
b3V0ZXItMDEwMDAwMDAwMDAwMDAwMDAxMUExRDU3MHYwEAYHKoZIzj0CAQYFK4EE
ACIDYgAEXRZTFP0rn8/yKtjO0RZjfvbfzxKzbYvDxpgbWCVzwYZMcGrvtSPOSPYn
4VPzyWZd3ygyxEfBInLFhun7d85AhTBBX55ZXS/A/yn2884QaePBEsLbRvUp/Z43
jD9aO9UQo1AwTjAdBgNVHQ4EFgQU+6o4qZYeCTJbgsYiefKD1phzePUwHwYDVR0j
BBgwFoAUXK1XuFQFitF8QKLiv/LDgeiTQiAwDAYDVR0TBAUwAwEBADAKBggqhkjO
PQQDAwNoADBlAjEAt0CNN6rRrEe1ZRfBgLtYP1Bg7D93tuT2eF+OBfcczKfD4rly
a+pB00hcjDxDUydyAjA5pu823zm3ybto9sTCCvmDMj+gxRv0YDb4gjVOTvlDrus2
KqSBAfJHtaFU40/lnxA=
-----END CERTIFICATE-----

                                                                   +
                                                    +
                                          +    +
                                   +     +
                              +      +
   + + + + +              +     +
     +        +       +     +
        +       + +      +
           +   +      +
             +      + +                      +-------------------------+
         +      +        +                   |                         |
      +       +    +        +                |           ._.           |
    +       +         +        +             |                         |
   + + + + +             + + + + +           +-------------------------+
--------------------------------------------------------------------------------
 That day, for no particular reason, I decided to go for a little route. So I
 routed to the end of the ethernet cable. And when I got there, I thought maybe
 I'd route to the end of the dishy. And when I got there, I thought maybe I'd
 just route across the satellites. And I figured, since I route this far, maybe
 I'd just route across the space lasers. And that's what I did. I routed clear
 across the Internet. For no particular reason I just kept on going. I routed
 clear to the old Club Penguin servers. And when I got there, I figured, since
 I'd gone this far, I might as well turn around, just keep on routing. When I
 got to a firewall, I figured, since I'd gone this far, I might as well just
 turn back, keep right on routing.

  2025.12.08.mr66328                        Router-0100000000000000011A1D57
--------------------------------------------------------------------------------
admin@192.168.1.1: Permission denied (publickey,keyboard-interactive).

Task failed.

<<< caused by >>>

Failed to connect to the host via ssh: ** WARNING: connection is not using a post-quantum key exchange algorithm.
** This session may be vulnerable to "store now, decrypt later" attacks.
** The server may need to be upgraded. See https://openssh.com/pq.html

-----BEGIN CERTIFICATE-----
MIIB6jCCAXCgAwIBAgIMAQAAAAAAAAABGh1XMAoGCCqGSM49BAMDMBsxGTAXBgNV
BAMTEFNwYWNlWCBSb3V0ZXIgQ0EwHhcNMjQwNjA3MDAwMDAwWhcNNDQwNjA3MDAw
MDAwWjBIMQswCQYDVQQGEwJVUzEPMA0GA1UEChMGU3BhY2VYMSgwJgYDVQQDEx9S
b3V0ZXItMDEwMDAwMDAwMDAwMDAwMDAxMUExRDU3MHYwEAYHKoZIzj0CAQYFK4EE
ACIDYgAEXRZTFP0rn8/yKtjO0RZjfvbfzxKzbYvDxpgbWCVzwYZMcGrvtSPOSPYn
4VPzyWZd3ygyxEfBInLFhun7d85AhTBBX55ZXS/A/yn2884QaePBEsLbRvUp/Z43
jD9aO9UQo1AwTjAdBgNVHQ4EFgQU+6o4qZYeCTJbgsYiefKD1phzePUwHwYDVR0j
BBgwFoAUXK1XuFQFitF8QKLiv/LDgeiTQiAwDAYDVR0TBAUwAwEBADAKBggqhkjO
PQQDAwNoADBlAjEAt0CNN6rRrEe1ZRfBgLtYP1Bg7D93tuT2eF+OBfcczKfD4rly
a+pB00hcjDxDUydyAjA5pu823zm3ybto9sTCCvmDMj+gxRv0YDb4gjVOTvlDrus2
KqSBAfJHtaFU40/lnxA=
-----END CERTIFICATE-----

                                                                   +
                                                    +
                                          +    +
                                   +     +
                              +      +
   + + + + +              +     +
     +        +       +     +
        +       + +      +
           +   +      +
             +      + +                      +-------------------------+
         +      +        +                   |                         |
      +       +    +        +                |           ._.           |
    +       +         +        +             |                         |
   + + + + +             + + + + +           +-------------------------+
--------------------------------------------------------------------------------
 That day, for no particular reason, I decided to go for a little route. So I
 routed to the end of the ethernet cable. And when I got there, I thought maybe
 I'd route to the end of the dishy. And when I got there, I thought maybe I'd
 just route across the satellites. And I figured, since I route this far, maybe
 I'd just route across the space lasers. And that's what I did. I routed clear
 across the Internet. For no particular reason I just kept on going. I routed
 clear to the old Club Penguin servers. And when I got there, I figured, since
 I'd gone this far, I might as well turn around, just keep on routing. When I
 got to a firewall, I figured, since I'd gone this far, I might as well just
 turn back, keep right on routing.

  2025.12.08.mr66328                        Router-0100000000000000011A1D57
--------------------------------------------------------------------------------
admin@192.168.1.1: Permission denied (publickey,keyboard-interactive).


2025-12-18 14:22:32,267 p=11823 u=maharavo n=ansible INFO| fatal: [router1]: UNREACHABLE! => {"changed": false, "msg": "Task failed: Failed to connect to the host via ssh: ** WARNING: connection is not using a post-quantum key exchange algorithm.\r\n** This session may be vulnerable to \"store now, decrypt later\" attacks.\r\n** The server may need to be upgraded. See https://openssh.com/pq.html\r\n\n-----BEGIN CERTIFICATE-----\nMIIB6jCCAXCgAwIBAgIMAQAAAAAAAAABGh1XMAoGCCqGSM49BAMDMBsxGTAXBgNV\nBAMTEFNwYWNlWCBSb3V0ZXIgQ0EwHhcNMjQwNjA3MDAwMDAwWhcNNDQwNjA3MDAw\nMDAwWjBIMQswCQYDVQQGEwJVUzEPMA0GA1UEChMGU3BhY2VYMSgwJgYDVQQDEx9S\nb3V0ZXItMDEwMDAwMDAwMDAwMDAwMDAxMUExRDU3MHYwEAYHKoZIzj0CAQYFK4EE\nACIDYgAEXRZTFP0rn8/yKtjO0RZjfvbfzxKzbYvDxpgbWCVzwYZMcGrvtSPOSPYn\n4VPzyWZd3ygyxEfBInLFhun7d85AhTBBX55ZXS/A/yn2884QaePBEsLbRvUp/Z43\njD9aO9UQo1AwTjAdBgNVHQ4EFgQU+6o4qZYeCTJbgsYiefKD1phzePUwHwYDVR0j\nBBgwFoAUXK1XuFQFitF8QKLiv/LDgeiTQiAwDAYDVR0TBAUwAwEBADAKBggqhkjO\nPQQDAwNoADBlAjEAt0CNN6rRrEe1ZRfBgLtYP1Bg7D93tuT2eF+OBfcczKfD4rly\na+pB00hcjDxDUydyAjA5pu823zm3ybto9sTCCvmDMj+gxRv0YDb4gjVOTvlDrus2\nKqSBAfJHtaFU40/lnxA=\n-----END CERTIFICATE-----\n\n                                                                   +\n                                                    +\n                                          +    +\n                                   +     +\n                              +      +\n   + + + + +              +     +\n     +        +       +     +\n        +       + +      +\n           +   +      +\n             +      + +                      +-------------------------+\n         +      +        +                   |                         |\n      +       +    +        +                |           ._.           |\n    +       +         +        +             |                         |\n   + + + + +             + + + + +           +-------------------------+\n--------------------------------------------------------------------------------\n That day, for no particular reason, I decided to go for a little route. So I\n routed to the end of the ethernet cable. And when I got there, I thought maybe\n I'd route to the end of the dishy. And when I got there, I thought maybe I'd\n just route across the satellites. And I figured, since I route this far, maybe\n I'd just route across the space lasers. And that's what I did. I routed clear\n across the Internet. For no particular reason I just kept on going. I routed\n clear to the old Club Penguin servers. And when I got there, I figured, since\n I'd gone this far, I might as well turn around, just keep on routing. When I\n got to a firewall, I figured, since I'd gone this far, I might as well just\n turn back, keep right on routing.\n\n  2025.12.08.mr66328                        Router-0100000000000000011A1D57\n--------------------------------------------------------------------------------\nadmin@192.168.1.1: Permission denied (publickey,keyboard-interactive).", "unreachable": true}
2025-12-18 14:22:33,797 p=11823 u=maharavo n=ansible WARNING| [WARNING]: Host 'mahatoky' is using the discovered Python interpreter at '/usr/bin/python3.12', but future installation of another Python interpreter could cause a different interpreter to be discovered. See https://docs.ansible.com/ansible-core/2.20/reference_appendices/interpreter_discovery.html for more information.

2025-12-18 14:22:33,797 p=11823 u=maharavo n=ansible INFO| ok: [mahatoky]
2025-12-18 14:22:35,003 p=11823 u=maharavo n=ansible ERROR| [ERROR]: Task failed: Failed to connect to the host via ssh: ssh: connect to host 192.168.1.158 port 22: No route to host

Task failed.

<<< caused by >>>

Failed to connect to the host via ssh: ssh: connect to host 192.168.1.158 port 22: No route to host


2025-12-18 14:22:35,004 p=11823 u=maharavo n=ansible INFO| fatal: [test]: UNREACHABLE! => {"changed": false, "msg": "Task failed: Failed to connect to the host via ssh: ssh: connect to host 192.168.1.158 port 22: No route to host", "unreachable": true}
2025-12-18 14:23:01,940 p=11823 u=maharavo n=ansible ERROR| [ERROR]: Task failed: Failed to connect to the host via ssh: ssh: connect to host 192.168.11.150 port 22: Connection timed out

Task failed.

<<< caused by >>>

Failed to connect to the host via ssh: ssh: connect to host 192.168.11.150 port 22: Connection timed out


2025-12-18 14:23:01,941 p=11823 u=maharavo n=ansible INFO| fatal: [test2]: UNREACHABLE! => {"changed": false, "msg": "Task failed: Failed to connect to the host via ssh: ssh: connect to host 192.168.11.150 port 22: Connection timed out", "unreachable": true}
2025-12-18 14:23:01,950 p=11823 u=maharavo n=ansible INFO| TASK [Inclure le rôle MariaDB] *************************************************
2025-12-18 14:23:02,078 p=11823 u=maharavo n=ansible INFO| skipping: [mahatoky]
2025-12-18 14:23:02,089 p=11823 u=maharavo n=ansible INFO| PLAY [Mise à jour uniquement] **************************************************
2025-12-18 14:23:02,104 p=11823 u=maharavo n=ansible INFO| TASK [Validating arguments against arg spec None] ******************************
2025-12-18 14:23:02,124 p=11823 u=maharavo n=ansible INFO| ok: [mahatoky]
2025-12-18 14:23:02,128 p=11823 u=maharavo n=ansible INFO| PLAY [Nettoyage uniquement] ****************************************************
2025-12-18 14:23:02,140 p=11823 u=maharavo n=ansible INFO| TASK [Validating arguments against arg spec None] ******************************
2025-12-18 14:23:02,161 p=11823 u=maharavo n=ansible INFO| ok: [mahatoky]
2025-12-18 14:23:02,164 p=11823 u=maharavo n=ansible INFO| PLAY [Configuration réseau uniquement] *****************************************
2025-12-18 14:23:02,176 p=11823 u=maharavo n=ansible INFO| TASK [Validating arguments against arg spec None] ******************************
2025-12-18 14:23:02,196 p=11823 u=maharavo n=ansible INFO| ok: [mahatoky]
2025-12-18 14:23:02,203 p=11823 u=maharavo n=ansible INFO| PLAY [Installation MariaDB uniquement] *****************************************
2025-12-18 14:23:02,223 p=11823 u=maharavo n=ansible INFO| TASK [Validating arguments against arg spec None] ******************************
2025-12-18 14:23:02,244 p=11823 u=maharavo n=ansible INFO| ok: [mahatoky]
2025-12-18 14:23:02,245 p=11823 u=maharavo n=ansible INFO| PLAY RECAP *********************************************************************
2025-12-18 14:23:02,245 p=11823 u=maharavo n=ansible INFO| mahatoky                   : ok=5    changed=0    unreachable=0    failed=0    skipped=1    rescued=0    ignored=0   
2025-12-18 14:23:02,245 p=11823 u=maharavo n=ansible INFO| router1                    : ok=0    changed=0    unreachable=1    failed=0    skipped=0    rescued=0    ignored=0   
2025-12-18 14:23:02,245 p=11823 u=maharavo n=ansible INFO| test                       : ok=0    changed=0    unreachable=1    failed=0    skipped=0    rescued=0    ignored=0   
2025-12-18 14:23:02,245 p=11823 u=maharavo n=ansible INFO| test2                      : ok=0    changed=0    unreachable=1    failed=0    skipped=0    rescued=0    ignored=0   
2025-12-18 14:23:03,716 p=11883 u=maharavo n=ansible INFO| PLAY [Maintenance complète du système] *****************************************
2025-12-18 14:23:03,732 p=11883 u=maharavo n=ansible INFO| TASK [Gathering Facts] *********************************************************
2025-12-18 14:23:04,756 p=11883 u=maharavo n=ansible ERROR| [ERROR]: Task failed: Failed to connect to the host via ssh: ** WARNING: connection is not using a post-quantum key exchange algorithm.
** This session may be vulnerable to "store now, decrypt later" attacks.
** The server may need to be upgraded. See https://openssh.com/pq.html

-----BEGIN CERTIFICATE-----
MIIB6jCCAXCgAwIBAgIMAQAAAAAAAAABGh1XMAoGCCqGSM49BAMDMBsxGTAXBgNV
BAMTEFNwYWNlWCBSb3V0ZXIgQ0EwHhcNMjQwNjA3MDAwMDAwWhcNNDQwNjA3MDAw
MDAwWjBIMQswCQYDVQQGEwJVUzEPMA0GA1UEChMGU3BhY2VYMSgwJgYDVQQDEx9S
b3V0ZXItMDEwMDAwMDAwMDAwMDAwMDAxMUExRDU3MHYwEAYHKoZIzj0CAQYFK4EE
ACIDYgAEXRZTFP0rn8/yKtjO0RZjfvbfzxKzbYvDxpgbWCVzwYZMcGrvtSPOSPYn
4VPzyWZd3ygyxEfBInLFhun7d85AhTBBX55ZXS/A/yn2884QaePBEsLbRvUp/Z43
jD9aO9UQo1AwTjAdBgNVHQ4EFgQU+6o4qZYeCTJbgsYiefKD1phzePUwHwYDVR0j
BBgwFoAUXK1XuFQFitF8QKLiv/LDgeiTQiAwDAYDVR0TBAUwAwEBADAKBggqhkjO
PQQDAwNoADBlAjEAt0CNN6rRrEe1ZRfBgLtYP1Bg7D93tuT2eF+OBfcczKfD4rly
a+pB00hcjDxDUydyAjA5pu823zm3ybto9sTCCvmDMj+gxRv0YDb4gjVOTvlDrus2
KqSBAfJHtaFU40/lnxA=
-----END CERTIFICATE-----

                                                                   +
                                                    +
                                          +    +
                                   +     +
                              +      +
   + + + + +              +     +
     +        +       +     +
        +       + +      +
           +   +      +
             +      + +                      +-------------------------+
         +      +        +                   |                         |
      +       +    +        +                |           ._.           |
    +       +         +        +             |                         |
   + + + + +             + + + + +           +-------------------------+
--------------------------------------------------------------------------------
 That day, for no particular reason, I decided to go for a little route. So I
 routed to the end of the ethernet cable. And when I got there, I thought maybe
 I'd route to the end of the dishy. And when I got there, I thought maybe I'd
 just route across the satellites. And I figured, since I route this far, maybe
 I'd just route across the space lasers. And that's what I did. I routed clear
 across the Internet. For no particular reason I just kept on going. I routed
 clear to the old Club Penguin servers. And when I got there, I figured, since
 I'd gone this far, I might as well turn around, just keep on routing. When I
 got to a firewall, I figured, since I'd gone this far, I might as well just
 turn back, keep right on routing.

  2025.12.08.mr66328                        Router-0100000000000000011A1D57
--------------------------------------------------------------------------------
admin@192.168.1.1: Permission denied (publickey,keyboard-interactive).

Task failed.

<<< caused by >>>

Failed to connect to the host via ssh: ** WARNING: connection is not using a post-quantum key exchange algorithm.
** This session may be vulnerable to "store now, decrypt later" attacks.
** The server may need to be upgraded. See https://openssh.com/pq.html

-----BEGIN CERTIFICATE-----
MIIB6jCCAXCgAwIBAgIMAQAAAAAAAAABGh1XMAoGCCqGSM49BAMDMBsxGTAXBgNV
BAMTEFNwYWNlWCBSb3V0ZXIgQ0EwHhcNMjQwNjA3MDAwMDAwWhcNNDQwNjA3MDAw
MDAwWjBIMQswCQYDVQQGEwJVUzEPMA0GA1UEChMGU3BhY2VYMSgwJgYDVQQDEx9S
b3V0ZXItMDEwMDAwMDAwMDAwMDAwMDAxMUExRDU3MHYwEAYHKoZIzj0CAQYFK4EE
ACIDYgAEXRZTFP0rn8/yKtjO0RZjfvbfzxKzbYvDxpgbWCVzwYZMcGrvtSPOSPYn
4VPzyWZd3ygyxEfBInLFhun7d85AhTBBX55ZXS/A/yn2884QaePBEsLbRvUp/Z43
jD9aO9UQo1AwTjAdBgNVHQ4EFgQU+6o4qZYeCTJbgsYiefKD1phzePUwHwYDVR0j
BBgwFoAUXK1XuFQFitF8QKLiv/LDgeiTQiAwDAYDVR0TBAUwAwEBADAKBggqhkjO
PQQDAwNoADBlAjEAt0CNN6rRrEe1ZRfBgLtYP1Bg7D93tuT2eF+OBfcczKfD4rly
a+pB00hcjDxDUydyAjA5pu823zm3ybto9sTCCvmDMj+gxRv0YDb4gjVOTvlDrus2
KqSBAfJHtaFU40/lnxA=
-----END CERTIFICATE-----

                                                                   +
                                                    +
                                          +    +
                                   +     +
                              +      +
   + + + + +              +     +
     +        +       +     +
        +       + +      +
           +   +      +
             +      + +                      +-------------------------+
         +      +        +                   |                         |
      +       +    +        +                |           ._.           |
    +       +         +        +             |                         |
   + + + + +             + + + + +           +-------------------------+
--------------------------------------------------------------------------------
 That day, for no particular reason, I decided to go for a little route. So I
 routed to the end of the ethernet cable. And when I got there, I thought maybe
 I'd route to the end of the dishy. And when I got there, I thought maybe I'd
 just route across the satellites. And I figured, since I route this far, maybe
 I'd just route across the space lasers. And that's what I did. I routed clear
 across the Internet. For no particular reason I just kept on going. I routed
 clear to the old Club Penguin servers. And when I got there, I figured, since
 I'd gone this far, I might as well turn around, just keep on routing. When I
 got to a firewall, I figured, since I'd gone this far, I might as well just
 turn back, keep right on routing.

  2025.12.08.mr66328                        Router-0100000000000000011A1D57
--------------------------------------------------------------------------------
admin@192.168.1.1: Permission denied (publickey,keyboard-interactive).


2025-12-18 14:23:04,757 p=11883 u=maharavo n=ansible INFO| fatal: [router1]: UNREACHABLE! => {"changed": false, "msg": "Task failed: Failed to connect to the host via ssh: ** WARNING: connection is not using a post-quantum key exchange algorithm.\r\n** This session may be vulnerable to \"store now, decrypt later\" attacks.\r\n** The server may need to be upgraded. See https://openssh.com/pq.html\r\n\n-----BEGIN CERTIFICATE-----\nMIIB6jCCAXCgAwIBAgIMAQAAAAAAAAABGh1XMAoGCCqGSM49BAMDMBsxGTAXBgNV\nBAMTEFNwYWNlWCBSb3V0ZXIgQ0EwHhcNMjQwNjA3MDAwMDAwWhcNNDQwNjA3MDAw\nMDAwWjBIMQswCQYDVQQGEwJVUzEPMA0GA1UEChMGU3BhY2VYMSgwJgYDVQQDEx9S\nb3V0ZXItMDEwMDAwMDAwMDAwMDAwMDAxMUExRDU3MHYwEAYHKoZIzj0CAQYFK4EE\nACIDYgAEXRZTFP0rn8/yKtjO0RZjfvbfzxKzbYvDxpgbWCVzwYZMcGrvtSPOSPYn\n4VPzyWZd3ygyxEfBInLFhun7d85AhTBBX55ZXS/A/yn2884QaePBEsLbRvUp/Z43\njD9aO9UQo1AwTjAdBgNVHQ4EFgQU+6o4qZYeCTJbgsYiefKD1phzePUwHwYDVR0j\nBBgwFoAUXK1XuFQFitF8QKLiv/LDgeiTQiAwDAYDVR0TBAUwAwEBADAKBggqhkjO\nPQQDAwNoADBlAjEAt0CNN6rRrEe1ZRfBgLtYP1Bg7D93tuT2eF+OBfcczKfD4rly\na+pB00hcjDxDUydyAjA5pu823zm3ybto9sTCCvmDMj+gxRv0YDb4gjVOTvlDrus2\nKqSBAfJHtaFU40/lnxA=\n-----END CERTIFICATE-----\n\n                                                                   +\n                                                    +\n                                          +    +\n                                   +     +\n                              +      +\n   + + + + +              +     +\n     +        +       +     +\n        +       + +      +\n           +   +      +\n             +      + +                      +-------------------------+\n         +      +        +                   |                         |\n      +       +    +        +                |           ._.           |\n    +       +         +        +             |                         |\n   + + + + +             + + + + +           +-------------------------+\n--------------------------------------------------------------------------------\n That day, for no particular reason, I decided to go for a little route. So I\n routed to the end of the ethernet cable. And when I got there, I thought maybe\n I'd route to the end of the dishy. And when I got there, I thought maybe I'd\n just route across the satellites. And I figured, since I route this far, maybe\n I'd just route across the space lasers. And that's what I did. I routed clear\n across the Internet. For no particular reason I just kept on going. I routed\n clear to the old Club Penguin servers. And when I got there, I figured, since\n I'd gone this far, I might as well turn around, just keep on routing. When I\n got to a firewall, I figured, since I'd gone this far, I might as well just\n turn back, keep right on routing.\n\n  2025.12.08.mr66328                        Router-0100000000000000011A1D57\n--------------------------------------------------------------------------------\nadmin@192.168.1.1: Permission denied (publickey,keyboard-interactive).", "unreachable": true}
2025-12-18 14:23:06,677 p=11883 u=maharavo n=ansible WARNING| [WARNING]: Host 'mahatoky' is using the discovered Python interpreter at '/usr/bin/python3.12', but future installation of another Python interpreter could cause a different interpreter to be discovered. See https://docs.ansible.com/ansible-core/2.20/reference_appendices/interpreter_discovery.html for more information.

2025-12-18 14:23:06,678 p=11883 u=maharavo n=ansible INFO| ok: [mahatoky]
2025-12-18 14:23:07,387 p=11883 u=maharavo n=ansible ERROR| [ERROR]: Task failed: Failed to connect to the host via ssh: ssh: connect to host 192.168.1.158 port 22: No route to host

Task failed.

<<< caused by >>>

Failed to connect to the host via ssh: ssh: connect to host 192.168.1.158 port 22: No route to host


2025-12-18 14:23:07,388 p=11883 u=maharavo n=ansible INFO| fatal: [test]: UNREACHABLE! => {"changed": false, "msg": "Task failed: Failed to connect to the host via ssh: ssh: connect to host 192.168.1.158 port 22: No route to host", "unreachable": true}
2025-12-18 14:23:34,336 p=11883 u=maharavo n=ansible ERROR| [ERROR]: Task failed: Failed to connect to the host via ssh: ssh: connect to host 192.168.11.150 port 22: Connection timed out

Task failed.

<<< caused by >>>

Failed to connect to the host via ssh: ssh: connect to host 192.168.11.150 port 22: Connection timed out


2025-12-18 14:23:34,337 p=11883 u=maharavo n=ansible INFO| fatal: [test2]: UNREACHABLE! => {"changed": false, "msg": "Task failed: Failed to connect to the host via ssh: ssh: connect to host 192.168.11.150 port 22: Connection timed out", "unreachable": true}
2025-12-18 14:23:34,347 p=11883 u=maharavo n=ansible INFO| TASK [Inclure le rôle MariaDB] *************************************************
2025-12-18 14:23:34,366 p=11883 u=maharavo n=ansible INFO| skipping: [mahatoky]
2025-12-18 14:23:34,371 p=11883 u=maharavo n=ansible INFO| PLAY [Mise à jour uniquement] **************************************************
2025-12-18 14:23:34,382 p=11883 u=maharavo n=ansible INFO| TASK [Validating arguments against arg spec None] ******************************
2025-12-18 14:23:34,398 p=11883 u=maharavo n=ansible INFO| ok: [mahatoky]
2025-12-18 14:23:34,401 p=11883 u=maharavo n=ansible INFO| PLAY [Nettoyage uniquement] ****************************************************
2025-12-18 14:23:34,410 p=11883 u=maharavo n=ansible INFO| TASK [Validating arguments against arg spec None] ******************************
2025-12-18 14:23:34,427 p=11883 u=maharavo n=ansible INFO| ok: [mahatoky]
2025-12-18 14:23:34,430 p=11883 u=maharavo n=ansible INFO| PLAY [Configuration réseau uniquement] *****************************************
2025-12-18 14:23:34,438 p=11883 u=maharavo n=ansible INFO| TASK [Validating arguments against arg spec None] ******************************
2025-12-18 14:23:34,454 p=11883 u=maharavo n=ansible INFO| ok: [mahatoky]
2025-12-18 14:23:34,459 p=11883 u=maharavo n=ansible INFO| PLAY [Installation MariaDB uniquement] *****************************************
2025-12-18 14:23:34,472 p=11883 u=maharavo n=ansible INFO| TASK [Validating arguments against arg spec None] ******************************
2025-12-18 14:23:34,488 p=11883 u=maharavo n=ansible INFO| ok: [mahatoky]
2025-12-18 14:23:34,489 p=11883 u=maharavo n=ansible INFO| PLAY RECAP *********************************************************************
2025-12-18 14:23:34,489 p=11883 u=maharavo n=ansible INFO| mahatoky                   : ok=5    changed=0    unreachable=0    failed=0    skipped=1    rescued=0    ignored=0   
2025-12-18 14:23:34,489 p=11883 u=maharavo n=ansible INFO| router1                    : ok=0    changed=0    unreachable=1    failed=0    skipped=0    rescued=0    ignored=0   
2025-12-18 14:23:34,489 p=11883 u=maharavo n=ansible INFO| test                       : ok=0    changed=0    unreachable=1    failed=0    skipped=0    rescued=0    ignored=0   
2025-12-18 14:23:34,489 p=11883 u=maharavo n=ansible INFO| test2                      : ok=0    changed=0    unreachable=1    failed=0    skipped=0    rescued=0    ignored=0   
2025-12-18 14:23:54,733 p=12001 u=maharavo n=ansible INFO| PLAY [Maintenance complète du système] *****************************************
2025-12-18 14:23:54,752 p=12001 u=maharavo n=ansible INFO| TASK [Gathering Facts] *********************************************************
2025-12-18 14:23:57,440 p=12001 u=maharavo n=ansible WARNING| [WARNING]: Host 'mahatoky' is using the discovered Python interpreter at '/usr/bin/python3.12', but future installation of another Python interpreter could cause a different interpreter to be discovered. See https://docs.ansible.com/ansible-core/2.20/reference_appendices/interpreter_discovery.html for more information.

2025-12-18 14:23:57,441 p=12001 u=maharavo n=ansible INFO| ok: [mahatoky]
2025-12-18 14:23:57,449 p=12001 u=maharavo n=ansible INFO| TASK [Inclure le rôle MariaDB] *************************************************
2025-12-18 14:23:57,471 p=12001 u=maharavo n=ansible INFO| skipping: [mahatoky]
2025-12-18 14:23:57,479 p=12001 u=maharavo n=ansible INFO| PLAY [Mise à jour uniquement] **************************************************
2025-12-18 14:23:57,491 p=12001 u=maharavo n=ansible INFO| TASK [Validating arguments against arg spec None] ******************************
2025-12-18 14:23:57,512 p=12001 u=maharavo n=ansible INFO| ok: [mahatoky]
2025-12-18 14:23:57,515 p=12001 u=maharavo n=ansible INFO| PLAY [Nettoyage uniquement] ****************************************************
2025-12-18 14:23:57,527 p=12001 u=maharavo n=ansible INFO| TASK [Validating arguments against arg spec None] ******************************
2025-12-18 14:23:57,547 p=12001 u=maharavo n=ansible INFO| ok: [mahatoky]
2025-12-18 14:23:57,550 p=12001 u=maharavo n=ansible INFO| PLAY [Configuration réseau uniquement] *****************************************
2025-12-18 14:23:57,560 p=12001 u=maharavo n=ansible INFO| TASK [Validating arguments against arg spec None] ******************************
2025-12-18 14:23:57,580 p=12001 u=maharavo n=ansible INFO| ok: [mahatoky]
2025-12-18 14:23:57,585 p=12001 u=maharavo n=ansible INFO| PLAY [Installation MariaDB uniquement] *****************************************
2025-12-18 14:23:57,596 p=12001 u=maharavo n=ansible INFO| TASK [Validating arguments against arg spec None] ******************************
2025-12-18 14:23:57,615 p=12001 u=maharavo n=ansible INFO| ok: [mahatoky]
2025-12-18 14:23:57,616 p=12001 u=maharavo n=ansible INFO| PLAY RECAP *********************************************************************
2025-12-18 14:23:57,616 p=12001 u=maharavo n=ansible INFO| mahatoky                   : ok=5    changed=0    unreachable=0    failed=0    skipped=1    rescued=0    ignored=0   
2025-12-18 14:35:09,674 p=12862 u=maharavo n=ansible INFO| localhost | SUCCESS => {
    "changed": false,
    "ping": "pong"
}
2025-12-18 14:35:09,857 p=12862 u=maharavo n=ansible WARNING| [WARNING]: Host 'mahatoky' is using the discovered Python interpreter at '/usr/bin/python3.12', but future installation of another Python interpreter could cause a different interpreter to be discovered. See https://docs.ansible.com/ansible-core/2.20/reference_appendices/interpreter_discovery.html for more information.

2025-12-18 14:35:09,857 p=12862 u=maharavo n=ansible INFO| mahatoky | SUCCESS => {
    "ansible_facts": {
        "discovered_interpreter_python": "/usr/bin/python3.12"
    },
    "changed": false,
    "ping": "pong"
}
2025-12-18 14:35:10,941 p=12906 u=maharavo n=ansible INFO| PLAY [Maintenance complète du système] *****************************************
2025-12-18 14:35:10,955 p=12906 u=maharavo n=ansible INFO| TASK [Gathering Facts] *********************************************************
2025-12-18 14:35:13,589 p=12906 u=maharavo n=ansible WARNING| [WARNING]: Host 'mahatoky' is using the discovered Python interpreter at '/usr/bin/python3.12', but future installation of another Python interpreter could cause a different interpreter to be discovered. See https://docs.ansible.com/ansible-core/2.20/reference_appendices/interpreter_discovery.html for more information.

2025-12-18 14:35:13,590 p=12906 u=maharavo n=ansible INFO| ok: [mahatoky]
2025-12-18 14:35:13,607 p=12906 u=maharavo n=ansible INFO| TASK [Inclure le rôle de mise à jour] ******************************************
2025-12-18 14:35:13,649 p=12906 u=maharavo n=ansible INFO| included: /home/maharavo/L2/projet_ansible/roles/update.yml for mahatoky
2025-12-18 14:35:13,655 p=12906 u=maharavo n=ansible INFO| PLAY [Mise à jour uniquement] **************************************************
2025-12-18 14:35:13,672 p=12906 u=maharavo n=ansible INFO| TASK [Validating arguments against arg spec None] ******************************
2025-12-18 14:35:13,692 p=12906 u=maharavo n=ansible INFO| ok: [mahatoky]
2025-12-18 14:35:13,695 p=12906 u=maharavo n=ansible INFO| PLAY [Nettoyage uniquement] ****************************************************
2025-12-18 14:35:13,706 p=12906 u=maharavo n=ansible INFO| TASK [Validating arguments against arg spec None] ******************************
2025-12-18 14:35:13,726 p=12906 u=maharavo n=ansible INFO| ok: [mahatoky]
2025-12-18 14:35:13,730 p=12906 u=maharavo n=ansible INFO| PLAY [Configuration réseau uniquement] *****************************************
2025-12-18 14:35:13,740 p=12906 u=maharavo n=ansible INFO| TASK [Validating arguments against arg spec None] ******************************
2025-12-18 14:35:13,760 p=12906 u=maharavo n=ansible INFO| ok: [mahatoky]
2025-12-18 14:35:13,768 p=12906 u=maharavo n=ansible INFO| PLAY [Installation MariaDB uniquement] *****************************************
2025-12-18 14:35:13,780 p=12906 u=maharavo n=ansible INFO| TASK [Validating arguments against arg spec None] ******************************
2025-12-18 14:35:13,802 p=12906 u=maharavo n=ansible INFO| ok: [mahatoky]
2025-12-18 14:35:13,803 p=12906 u=maharavo n=ansible INFO| PLAY RECAP *********************************************************************
2025-12-18 14:35:13,803 p=12906 u=maharavo n=ansible INFO| mahatoky                   : ok=6    changed=0    unreachable=0    failed=0    skipped=0    rescued=0    ignored=0   
2025-12-18 14:35:19,312 p=12940 u=maharavo n=ansible INFO| localhost | SUCCESS => {
    "changed": false,
    "ping": "pong"
}
2025-12-18 14:35:19,905 p=12940 u=maharavo n=ansible WARNING| [WARNING]: Host 'mahatoky' is using the discovered Python interpreter at '/usr/bin/python3.12', but future installation of another Python interpreter could cause a different interpreter to be discovered. See https://docs.ansible.com/ansible-core/2.20/reference_appendices/interpreter_discovery.html for more information.

2025-12-18 14:35:19,905 p=12940 u=maharavo n=ansible INFO| mahatoky | SUCCESS => {
    "ansible_facts": {
        "discovered_interpreter_python": "/usr/bin/python3.12"
    },
    "changed": false,
    "ping": "pong"
}
2025-12-18 14:35:20,745 p=12979 u=maharavo n=ansible INFO| PLAY [Maintenance complète du système] *****************************************
2025-12-18 14:35:20,757 p=12979 u=maharavo n=ansible INFO| TASK [Gathering Facts] *********************************************************
2025-12-18 14:35:23,966 p=12979 u=maharavo n=ansible WARNING| [WARNING]: Host 'mahatoky' is using the discovered Python interpreter at '/usr/bin/python3.12', but future installation of another Python interpreter could cause a different interpreter to be discovered. See https://docs.ansible.com/ansible-core/2.20/reference_appendices/interpreter_discovery.html for more information.

2025-12-18 14:35:23,966 p=12979 u=maharavo n=ansible INFO| ok: [mahatoky]
2025-12-18 14:35:23,985 p=12979 u=maharavo n=ansible INFO| TASK [Inclure le rôle de mise à jour] ******************************************
2025-12-18 14:35:24,015 p=12979 u=maharavo n=ansible INFO| included: /home/maharavo/L2/projet_ansible/roles/update.yml for mahatoky
2025-12-18 14:35:24,021 p=12979 u=maharavo n=ansible INFO| PLAY [Mise à jour uniquement] **************************************************
2025-12-18 14:35:24,039 p=12979 u=maharavo n=ansible INFO| TASK [Validating arguments against arg spec None] ******************************
2025-12-18 14:35:24,060 p=12979 u=maharavo n=ansible INFO| ok: [mahatoky]
2025-12-18 14:35:24,063 p=12979 u=maharavo n=ansible INFO| PLAY [Nettoyage uniquement] ****************************************************
2025-12-18 14:35:24,072 p=12979 u=maharavo n=ansible INFO| TASK [Validating arguments against arg spec None] ******************************
2025-12-18 14:35:24,088 p=12979 u=maharavo n=ansible INFO| ok: [mahatoky]
2025-12-18 14:35:24,091 p=12979 u=maharavo n=ansible INFO| PLAY [Configuration réseau uniquement] *****************************************
2025-12-18 14:35:24,099 p=12979 u=maharavo n=ansible INFO| TASK [Validating arguments against arg spec None] ******************************
2025-12-18 14:35:24,115 p=12979 u=maharavo n=ansible INFO| ok: [mahatoky]
2025-12-18 14:35:24,120 p=12979 u=maharavo n=ansible INFO| PLAY [Installation MariaDB uniquement] *****************************************
2025-12-18 14:35:24,129 p=12979 u=maharavo n=ansible INFO| TASK [Validating arguments against arg spec None] ******************************
2025-12-18 14:35:24,144 p=12979 u=maharavo n=ansible INFO| ok: [mahatoky]
2025-12-18 14:35:24,145 p=12979 u=maharavo n=ansible INFO| PLAY RECAP *********************************************************************
2025-12-18 14:35:24,146 p=12979 u=maharavo n=ansible INFO| mahatoky                   : ok=6    changed=0    unreachable=0    failed=0    skipped=0    rescued=0    ignored=0   
2025-12-18 14:46:08,115 p=14105 u=maharavo n=ansible INFO| localhost | SUCCESS => {
    "changed": false,
    "ping": "pong"
}
2025-12-18 14:46:08,756 p=14105 u=maharavo n=ansible WARNING| [WARNING]: Host 'mahatoky' is using the discovered Python interpreter at '/usr/bin/python3.12', but future installation of another Python interpreter could cause a different interpreter to be discovered. See https://docs.ansible.com/ansible-core/2.20/reference_appendices/interpreter_discovery.html for more information.

2025-12-18 14:46:08,794 p=14105 u=maharavo n=ansible INFO| mahatoky | SUCCESS => {
    "ansible_facts": {
        "discovered_interpreter_python": "/usr/bin/python3.12"
    },
    "changed": false,
    "ping": "pong"
}
2025-12-18 14:46:10,595 p=14152 u=maharavo n=ansible INFO| PLAY [Maintenance complète du système] *****************************************
2025-12-18 14:46:10,678 p=14152 u=maharavo n=ansible INFO| TASK [Gathering Facts] *********************************************************
2025-12-18 14:46:13,158 p=14152 u=maharavo n=ansible WARNING| [WARNING]: Host 'mahatoky' is using the discovered Python interpreter at '/usr/bin/python3.12', but future installation of another Python interpreter could cause a different interpreter to be discovered. See https://docs.ansible.com/ansible-core/2.20/reference_appendices/interpreter_discovery.html for more information.

2025-12-18 14:46:13,159 p=14152 u=maharavo n=ansible INFO| ok: [mahatoky]
2025-12-18 14:46:13,171 p=14152 u=maharavo n=ansible INFO| TASK [Inclure le rôle de mise à jour] ******************************************
2025-12-18 14:46:13,211 p=14152 u=maharavo n=ansible INFO| included: /home/maharavo/L2/projet_ansible/roles/update.yml for mahatoky
2025-12-18 14:46:13,219 p=14152 u=maharavo n=ansible INFO| PLAY [Mise à jour uniquement] **************************************************
2025-12-18 14:46:13,291 p=14152 u=maharavo n=ansible INFO| TASK [Validating arguments against arg spec None] ******************************
2025-12-18 14:46:13,312 p=14152 u=maharavo n=ansible INFO| ok: [mahatoky]
2025-12-18 14:46:13,315 p=14152 u=maharavo n=ansible INFO| PLAY [Nettoyage uniquement] ****************************************************
2025-12-18 14:46:13,329 p=14152 u=maharavo n=ansible INFO| TASK [Validating arguments against arg spec None] ******************************
2025-12-18 14:46:13,352 p=14152 u=maharavo n=ansible INFO| ok: [mahatoky]
2025-12-18 14:46:13,356 p=14152 u=maharavo n=ansible INFO| PLAY [Configuration réseau uniquement] *****************************************
2025-12-18 14:46:13,368 p=14152 u=maharavo n=ansible INFO| TASK [Validating arguments against arg spec None] ******************************
2025-12-18 14:46:13,394 p=14152 u=maharavo n=ansible INFO| ok: [mahatoky]
2025-12-18 14:46:13,400 p=14152 u=maharavo n=ansible INFO| PLAY [Installation MariaDB uniquement] *****************************************
2025-12-18 14:46:13,414 p=14152 u=maharavo n=ansible INFO| TASK [Validating arguments against arg spec None] ******************************
2025-12-18 14:46:13,439 p=14152 u=maharavo n=ansible INFO| ok: [mahatoky]
2025-12-18 14:46:13,440 p=14152 u=maharavo n=ansible INFO| PLAY RECAP *********************************************************************
2025-12-18 14:46:13,440 p=14152 u=maharavo n=ansible INFO| mahatoky                   : ok=6    changed=0    unreachable=0    failed=0    skipped=0    rescued=0    ignored=0   
2025-12-18 14:49:47,620 p=14532 u=maharavo n=ansible INFO| PLAY [Maintenance complète du système] ***************************************************
2025-12-18 14:49:47,686 p=14532 u=maharavo n=ansible INFO| skipping: no hosts matched
2025-12-18 14:49:47,697 p=14532 u=maharavo n=ansible INFO| PLAY [Mise à jour uniquement] ************************************************************
2025-12-18 14:49:47,697 p=14532 u=maharavo n=ansible INFO| skipping: no hosts matched
2025-12-18 14:49:47,700 p=14532 u=maharavo n=ansible INFO| PLAY [Nettoyage uniquement] **************************************************************
2025-12-18 14:49:47,700 p=14532 u=maharavo n=ansible INFO| skipping: no hosts matched
2025-12-18 14:49:47,702 p=14532 u=maharavo n=ansible INFO| PLAY [Configuration réseau uniquement] ***************************************************
2025-12-18 14:49:47,703 p=14532 u=maharavo n=ansible INFO| skipping: no hosts matched
2025-12-18 14:49:47,712 p=14532 u=maharavo n=ansible INFO| PLAY [Installation MariaDB uniquement] ***************************************************
2025-12-18 14:49:47,712 p=14532 u=maharavo n=ansible INFO| skipping: no hosts matched
2025-12-18 14:49:47,712 p=14532 u=maharavo n=ansible INFO| PLAY RECAP *******************************************************************************
2025-12-18 14:50:28,560 p=14725 u=maharavo n=ansible INFO| PLAY [Test notification par email] *******************************************************
2025-12-18 14:50:28,575 p=14725 u=maharavo n=ansible INFO| TASK [Gathering Facts] *******************************************************************
2025-12-18 14:50:32,825 p=14725 u=maharavo n=ansible INFO| ok: [localhost]
2025-12-18 14:50:32,866 p=14725 u=maharavo n=ansible INFO| TASK [Préparer le rapport d'exécution] ***************************************************
2025-12-18 14:50:33,078 p=14725 u=maharavo n=ansible WARNING| [WARNING]: Deprecation warnings can be disabled by setting `deprecation_warnings=False` in ansible.cfg.

2025-12-18 14:50:33,079 p=14725 u=maharavo n=ansible INFO| [DEPRECATION WARNING]: INJECT_FACTS_AS_VARS default to `True` is deprecated, top-level facts will not be auto injected after the change. This feature will be removed from ansible-core version 2.24.
Origin: /home/maharavo/L2/projet_ansible/test_notification.yml:14:23

12     - name: Préparer le rapport d'exécution
13       set_fact:
14         rapport_date: '{{ ansible_date_time.iso8601 }}'
                         ^ column 23

Use `ansible_facts["fact_name"]` (no `ansible_` prefix) instead.


2025-12-18 14:50:33,081 p=14725 u=maharavo n=ansible INFO| [DEPRECATION WARNING]: INJECT_FACTS_AS_VARS default to `True` is deprecated, top-level facts will not be auto injected after the change. This feature will be removed from ansible-core version 2.24.
Origin: /home/maharavo/L2/projet_ansible/test_notification.yml:15:27

13       set_fact:
14         rapport_date: '{{ ansible_date_time.iso8601 }}'
15         rapport_hostname: '{{ ansible_hostname }}'
                             ^ column 27

Use `ansible_facts["fact_name"]` (no `ansible_` prefix) instead.


2025-12-18 14:50:33,083 p=14725 u=maharavo n=ansible INFO| [DEPRECATION WARNING]: INJECT_FACTS_AS_VARS default to `True` is deprecated, top-level facts will not be auto injected after the change. This feature will be removed from ansible-core version 2.24.
Origin: /home/maharavo/L2/projet_ansible/test_notification.yml:16:21

14         rapport_date: '{{ ansible_date_time.iso8601 }}'
15         rapport_hostname: '{{ ansible_hostname }}'
16         rapport_ip: "{{ ansible_default_ipv4.address | default('N/A') }}"
                       ^ column 21

Use `ansible_facts["fact_name"]` (no `ansible_` prefix) instead.


2025-12-18 14:50:33,086 p=14725 u=maharavo n=ansible INFO| [DEPRECATION WARNING]: INJECT_FACTS_AS_VARS default to `True` is deprecated, top-level facts will not be auto injected after the change. This feature will be removed from ansible-core version 2.24.
Origin: /home/maharavo/L2/projet_ansible/test_notification.yml:17:21

15         rapport_hostname: '{{ ansible_hostname }}'
16         rapport_ip: "{{ ansible_default_ipv4.address | default('N/A') }}"
17         rapport_os: '{{ ansible_distribution }} {{ ansible_distribution_version }}'
                       ^ column 21

Use `ansible_facts["fact_name"]` (no `ansible_` prefix) instead.


2025-12-18 14:50:33,087 p=14725 u=maharavo n=ansible INFO| [DEPRECATION WARNING]: INJECT_FACTS_AS_VARS default to `True` is deprecated, top-level facts will not be auto injected after the change. This feature will be removed from ansible-core version 2.24.
Origin: /home/maharavo/L2/projet_ansible/test_notification.yml:18:25

16         rapport_ip: "{{ ansible_default_ipv4.address | default('N/A') }}"
17         rapport_os: '{{ ansible_distribution }} {{ ansible_distribution_version }}'
18         rapport_uptime: '{{ ansible_uptime_seconds | int // 3600 }} heures'
                           ^ column 25

Use `ansible_facts["fact_name"]` (no `ansible_` prefix) instead.


2025-12-18 14:50:33,088 p=14725 u=maharavo n=ansible INFO| ok: [localhost]
2025-12-18 14:50:33,101 p=14725 u=maharavo n=ansible INFO| TASK [Envoyer l'email de notification] ***************************************************
2025-12-18 14:50:39,299 p=14725 u=maharavo n=ansible INFO| [DEPRECATION WARNING]: INJECT_FACTS_AS_VARS default to `True` is deprecated, top-level facts will not be auto injected after the change. This feature will be removed from ansible-core version 2.24.
Origin: /home/maharavo/L2/projet_ansible/test_notification.yml:29:15

27         subject: '✅ Ansible - Test de notification'
28         subtype: html
29         body: |
                 ^ column 15

Use `ansible_facts["fact_name"]` (no `ansible_` prefix) instead.


2025-12-18 14:50:39,300 p=14725 u=maharavo n=ansible INFO| ok: [localhost]
2025-12-18 14:50:39,490 p=14725 u=maharavo n=ansible INFO| TASK [Confirmation] **********************************************************************
2025-12-18 14:50:39,516 p=14725 u=maharavo n=ansible INFO| ok: [localhost] => {
    "msg": "✅ Email envoyé avec succès à maharavonyony@gmail.com"
}
2025-12-18 14:50:39,518 p=14725 u=maharavo n=ansible INFO| PLAY RECAP *******************************************************************************
2025-12-18 14:50:39,518 p=14725 u=maharavo n=ansible INFO| localhost                  : ok=4    changed=0    unreachable=0    failed=0    skipped=0    rescued=0    ignored=0   
2025-12-18 14:54:36,950 p=15532 u=maharavo n=ansible INFO| PLAY [Test notification par email] *********************************************
2025-12-18 14:54:37,124 p=15532 u=maharavo n=ansible INFO| TASK [Gathering Facts] *********************************************************
2025-12-18 14:54:37,831 p=15522 u=maharavo n=ansible INFO| localhost | SUCCESS => {
    "changed": false,
    "ping": "pong"
}
2025-12-18 14:54:38,364 p=15522 u=maharavo n=ansible WARNING| [WARNING]: Host 'mahatoky' is using the discovered Python interpreter at '/usr/bin/python3.12', but future installation of another Python interpreter could cause a different interpreter to be discovered. See https://docs.ansible.com/ansible-core/2.20/reference_appendices/interpreter_discovery.html for more information.

2025-12-18 14:54:38,366 p=15522 u=maharavo n=ansible INFO| mahatoky | SUCCESS => {
    "ansible_facts": {
        "discovered_interpreter_python": "/usr/bin/python3.12"
    },
    "changed": false,
    "ping": "pong"
}
2025-12-18 14:54:40,075 p=15532 u=maharavo n=ansible INFO| ok: [localhost]
2025-12-18 14:54:40,105 p=15532 u=maharavo n=ansible INFO| TASK [Préparer le rapport d'exécution] *****************************************
2025-12-18 14:54:40,265 p=15586 u=maharavo n=ansible INFO| PLAY [Maintenance complète du système] *****************************************
2025-12-18 14:54:40,310 p=15532 u=maharavo n=ansible WARNING| [WARNING]: Deprecation warnings can be disabled by setting `deprecation_warnings=False` in ansible.cfg.

2025-12-18 14:54:40,311 p=15532 u=maharavo n=ansible INFO| [DEPRECATION WARNING]: INJECT_FACTS_AS_VARS default to `True` is deprecated, top-level facts will not be auto injected after the change. This feature will be removed from ansible-core version 2.24.
Origin: /home/maharavo/L2/projet_ansible/test_notification.yml:14:23

12     - name: Préparer le rapport d'exécution
13       set_fact:
14         rapport_date: '{{ ansible_date_time.iso8601 }}'
                         ^ column 23

Use `ansible_facts["fact_name"]` (no `ansible_` prefix) instead.


2025-12-18 14:54:40,311 p=15532 u=maharavo n=ansible INFO| [DEPRECATION WARNING]: INJECT_FACTS_AS_VARS default to `True` is deprecated, top-level facts will not be auto injected after the change. This feature will be removed from ansible-core version 2.24.
Origin: /home/maharavo/L2/projet_ansible/test_notification.yml:15:27

13       set_fact:
14         rapport_date: '{{ ansible_date_time.iso8601 }}'
15         rapport_hostname: '{{ ansible_hostname }}'
                             ^ column 27

Use `ansible_facts["fact_name"]` (no `ansible_` prefix) instead.


2025-12-18 14:54:40,311 p=15532 u=maharavo n=ansible INFO| [DEPRECATION WARNING]: INJECT_FACTS_AS_VARS default to `True` is deprecated, top-level facts will not be auto injected after the change. This feature will be removed from ansible-core version 2.24.
Origin: /home/maharavo/L2/projet_ansible/test_notification.yml:16:21

14         rapport_date: '{{ ansible_date_time.iso8601 }}'
15         rapport_hostname: '{{ ansible_hostname }}'
16         rapport_ip: "{{ ansible_default_ipv4.address | default('N/A') }}"
                       ^ column 21

Use `ansible_facts["fact_name"]` (no `ansible_` prefix) instead.


2025-12-18 14:54:40,312 p=15532 u=maharavo n=ansible INFO| [DEPRECATION WARNING]: INJECT_FACTS_AS_VARS default to `True` is deprecated, top-level facts will not be auto injected after the change. This feature will be removed from ansible-core version 2.24.
Origin: /home/maharavo/L2/projet_ansible/test_notification.yml:17:21

15         rapport_hostname: '{{ ansible_hostname }}'
16         rapport_ip: "{{ ansible_default_ipv4.address | default('N/A') }}"
17         rapport_os: '{{ ansible_distribution }} {{ ansible_distribution_version }}'
                       ^ column 21

Use `ansible_facts["fact_name"]` (no `ansible_` prefix) instead.


2025-12-18 14:54:40,312 p=15532 u=maharavo n=ansible INFO| [DEPRECATION WARNING]: INJECT_FACTS_AS_VARS default to `True` is deprecated, top-level facts will not be auto injected after the change. This feature will be removed from ansible-core version 2.24.
Origin: /home/maharavo/L2/projet_ansible/test_notification.yml:18:25

16         rapport_ip: "{{ ansible_default_ipv4.address | default('N/A') }}"
17         rapport_os: '{{ ansible_distribution }} {{ ansible_distribution_version }}'
18         rapport_uptime: '{{ ansible_uptime_seconds | int // 3600 }} heures'
                           ^ column 25

Use `ansible_facts["fact_name"]` (no `ansible_` prefix) instead.


2025-12-18 14:54:40,312 p=15532 u=maharavo n=ansible INFO| ok: [localhost]
2025-12-18 14:54:40,322 p=15532 u=maharavo n=ansible INFO| TASK [Envoyer l'email de notification] *****************************************
2025-12-18 14:54:40,457 p=15586 u=maharavo n=ansible INFO| TASK [Gathering Facts] *********************************************************
2025-12-18 14:54:43,043 p=15586 u=maharavo n=ansible WARNING| [WARNING]: Host 'mahatoky' is using the discovered Python interpreter at '/usr/bin/python3.12', but future installation of another Python interpreter could cause a different interpreter to be discovered. See https://docs.ansible.com/ansible-core/2.20/reference_appendices/interpreter_discovery.html for more information.

2025-12-18 14:54:43,043 p=15586 u=maharavo n=ansible INFO| ok: [mahatoky]
2025-12-18 14:54:43,068 p=15586 u=maharavo n=ansible INFO| TASK [Inclure le rôle de mise à jour] ******************************************
2025-12-18 14:54:43,111 p=15586 u=maharavo n=ansible INFO| included: /home/maharavo/L2/projet_ansible/roles/update.yml for mahatoky
2025-12-18 14:54:43,120 p=15586 u=maharavo n=ansible INFO| PLAY [Mise à jour uniquement] **************************************************
2025-12-18 14:54:43,179 p=15586 u=maharavo n=ansible INFO| TASK [Validating arguments against arg spec None] ******************************
2025-12-18 14:54:43,202 p=15586 u=maharavo n=ansible INFO| ok: [mahatoky]
2025-12-18 14:54:43,205 p=15586 u=maharavo n=ansible INFO| PLAY [Nettoyage uniquement] ****************************************************
2025-12-18 14:54:43,221 p=15586 u=maharavo n=ansible INFO| TASK [Validating arguments against arg spec None] ******************************
2025-12-18 14:54:43,246 p=15586 u=maharavo n=ansible INFO| ok: [mahatoky]
2025-12-18 14:54:43,251 p=15586 u=maharavo n=ansible INFO| PLAY [Configuration réseau uniquement] *****************************************
2025-12-18 14:54:43,262 p=15586 u=maharavo n=ansible INFO| TASK [Validating arguments against arg spec None] ******************************
2025-12-18 14:54:43,286 p=15586 u=maharavo n=ansible INFO| ok: [mahatoky]
2025-12-18 14:54:43,295 p=15586 u=maharavo n=ansible INFO| PLAY [Installation MariaDB uniquement] *****************************************
2025-12-18 14:54:43,308 p=15586 u=maharavo n=ansible INFO| TASK [Validating arguments against arg spec None] ******************************
2025-12-18 14:54:43,335 p=15586 u=maharavo n=ansible INFO| ok: [mahatoky]
2025-12-18 14:54:43,335 p=15586 u=maharavo n=ansible INFO| PLAY RECAP *********************************************************************
2025-12-18 14:54:43,336 p=15586 u=maharavo n=ansible INFO| mahatoky                   : ok=6    changed=0    unreachable=0    failed=0    skipped=0    rescued=0    ignored=0   
2025-12-18 14:54:49,141 p=15532 u=maharavo n=ansible INFO| [DEPRECATION WARNING]: INJECT_FACTS_AS_VARS default to `True` is deprecated, top-level facts will not be auto injected after the change. This feature will be removed from ansible-core version 2.24.
Origin: /home/maharavo/L2/projet_ansible/test_notification.yml:29:15

27         subject: '✅ Ansible - Test de notification'
28         subtype: html
29         body: |
                 ^ column 15

Use `ansible_facts["fact_name"]` (no `ansible_` prefix) instead.


2025-12-18 14:54:49,142 p=15532 u=maharavo n=ansible INFO| ok: [localhost]
2025-12-18 14:54:49,206 p=15532 u=maharavo n=ansible INFO| TASK [Confirmation] ************************************************************
2025-12-18 14:54:49,282 p=15532 u=maharavo n=ansible INFO| ok: [localhost] => {
    "msg": "✅ Email envoyé avec succès à maharavonyony@gmail.com"
}
2025-12-18 14:54:49,288 p=15532 u=maharavo n=ansible INFO| PLAY RECAP *********************************************************************
2025-12-18 14:54:49,289 p=15532 u=maharavo n=ansible INFO| localhost                  : ok=4    changed=0    unreachable=0    failed=0    skipped=0    rescued=0    ignored=0   
