2025-12-15 15:19:53,546 p=19194 u=maharavo n=ansible INFO| localhost | SUCCESS => {
    "changed": false,
    "ping": "pong"
}
2025-12-15 15:20:22,874 p=19431 u=maharavo n=ansible INFO| PLAY [Test Ansible sur localhost] **********************************************
2025-12-15 15:20:22,897 p=19431 u=maharavo n=ansible INFO| TASK [Gathering Facts] *********************************************************
2025-12-15 15:20:26,630 p=19431 u=maharavo n=ansible INFO| ok: [localhost]
2025-12-15 15:20:26,635 p=19431 u=maharavo n=ansible INFO| TASK [Test de connexion (ping)] ************************************************
2025-12-15 15:20:27,288 p=19431 u=maharavo n=ansible INFO| ok: [localhost]
2025-12-15 15:20:27,344 p=19431 u=maharavo n=ansible INFO| TASK [Afficher le résultat du ping] ********************************************
2025-12-15 15:20:27,363 p=19431 u=maharavo n=ansible INFO| ok: [localhost] => {
    "msg": "✅ Connexion réussie!"
}
2025-12-15 15:20:27,368 p=19431 u=maharavo n=ansible INFO| TASK [Récupérer les informations système] **************************************
2025-12-15 15:20:27,403 p=19431 u=maharavo n=ansible WARNING| [WARNING]: Deprecation warnings can be disabled by setting `deprecation_warnings=False` in ansible.cfg.

2025-12-15 15:20:27,404 p=19431 u=maharavo n=ansible INFO| [DEPRECATION WARNING]: INJECT_FACTS_AS_VARS default to `True` is deprecated, top-level facts will not be auto injected after the change. This feature will be removed from ansible-core version 2.24.
Origin: /home/maharavo/L2/projet_ansible/test_local.yml:25:14

23     - name: Récupérer les informations système
24       debug:
25         msg: |
                ^ column 14

Use `ansible_facts["fact_name"]` (no `ansible_` prefix) instead.


2025-12-15 15:20:27,405 p=19431 u=maharavo n=ansible INFO| ok: [localhost] => {
    "msg": "📊 Informations système:\n- Hostname: customer\n- OS: Archlinux NA\n- Kernel: 6.17.9-arch1-1\n- Architecture: x86_64\n- CPU: 1 cores\n- RAM: 5812 MB\n"
}
2025-12-15 15:20:27,409 p=19431 u=maharavo n=ansible INFO| TASK [Mise à jour du cache APT (test)] *****************************************
2025-12-15 15:20:27,427 p=19431 u=maharavo n=ansible INFO| [DEPRECATION WARNING]: INJECT_FACTS_AS_VARS default to `True` is deprecated, top-level facts will not be auto injected after the change. This feature will be removed from ansible-core version 2.24.
Origin: /home/maharavo/L2/projet_ansible/test_local.yml:39:13

37         update_cache: yes
38         cache_valid_time: 3600
39       when: ansible_os_family == "Debian"
               ^ column 13

Use `ansible_facts["fact_name"]` (no `ansible_` prefix) instead.


2025-12-15 15:20:27,427 p=19431 u=maharavo n=ansible INFO| skipping: [localhost]
2025-12-15 15:20:27,456 p=19431 u=maharavo n=ansible INFO| TASK [Créer un fichier de test] ************************************************
2025-12-15 15:20:28,904 p=19431 u=maharavo n=ansible INFO| [DEPRECATION WARNING]: INJECT_FACTS_AS_VARS default to `True` is deprecated, top-level facts will not be auto injected after the change. This feature will be removed from ansible-core version 2.24.
Origin: /home/maharavo/L2/projet_ansible/test_local.yml:44:18

42     - name: Créer un fichier de test
43       copy:
44         content: |
                    ^ column 18

Use `ansible_facts["fact_name"]` (no `ansible_` prefix) instead.


2025-12-15 15:20:28,904 p=19431 u=maharavo n=ansible INFO| changed: [localhost]
2025-12-15 15:20:28,910 p=19431 u=maharavo n=ansible INFO| TASK [Vérifier que le fichier a été créé] **************************************
2025-12-15 15:20:29,494 p=19431 u=maharavo n=ansible INFO| ok: [localhost]
2025-12-15 15:20:29,498 p=19431 u=maharavo n=ansible INFO| TASK [Confirmer la création du fichier] ****************************************
2025-12-15 15:20:29,527 p=19431 u=maharavo n=ansible INFO| ok: [localhost] => {
    "msg": "✅ Fichier /tmp/ansible_test.txt créé avec succès!"
}
2025-12-15 15:20:29,532 p=19431 u=maharavo n=ansible INFO| TASK [Compter les paquets installés] *******************************************
2025-12-15 15:20:29,553 p=19431 u=maharavo n=ansible INFO| [DEPRECATION WARNING]: INJECT_FACTS_AS_VARS default to `True` is deprecated, top-level facts will not be auto injected after the change. This feature will be removed from ansible-core version 2.24.
Origin: /home/maharavo/L2/projet_ansible/test_local.yml:67:13

65       register: pkg_count
66       changed_when: false
67       when: ansible_os_family == "Debian"
               ^ column 13

Use `ansible_facts["fact_name"]` (no `ansible_` prefix) instead.


2025-12-15 15:20:29,554 p=19431 u=maharavo n=ansible INFO| skipping: [localhost]
2025-12-15 15:20:29,561 p=19431 u=maharavo n=ansible INFO| TASK [Afficher le nombre de paquets] *******************************************
2025-12-15 15:20:29,588 p=19431 u=maharavo n=ansible INFO| [DEPRECATION WARNING]: INJECT_FACTS_AS_VARS default to `True` is deprecated, top-level facts will not be auto injected after the change. This feature will be removed from ansible-core version 2.24.
Origin: /home/maharavo/L2/projet_ansible/test_local.yml:72:13

70       debug:
71         msg: '📦 Nombre de paquets installés: {{ pkg_count.stdout }}'
72       when: ansible_os_family == "Debian"
               ^ column 13

Use `ansible_facts["fact_name"]` (no `ansible_` prefix) instead.


2025-12-15 15:20:29,589 p=19431 u=maharavo n=ansible INFO| skipping: [localhost]
2025-12-15 15:20:29,596 p=19431 u=maharavo n=ansible INFO| TASK [Résumé du test] **********************************************************
2025-12-15 15:20:29,624 p=19431 u=maharavo n=ansible INFO| ok: [localhost] => {
    "msg": "\n========================================\n✅ TOUS LES TESTS ONT RÉUSSI!\n========================================\n\nVous pouvez maintenant:\n1. Ajouter des VMs ou serveurs distants dans le fichier 'hosts'\n2. Exécuter: ansible-playbook site.yml\n3. Ou lancer l'interface web: cd webapp && python3 app.py\n\n========================================\n"
}
2025-12-15 15:20:29,625 p=19431 u=maharavo n=ansible INFO| PLAY RECAP *********************************************************************
2025-12-15 15:20:29,626 p=19431 u=maharavo n=ansible INFO| localhost                  : ok=8    changed=1    unreachable=0    failed=0    skipped=3    rescued=0    ignored=0   
2025-12-15 15:26:55,085 p=22133 u=maharavo n=ansible ERROR| [ERROR]: Task failed: Failed to connect to the host via ssh: Warning: Permanently added '192.168.1.1' (ECDSA) to the list of known hosts.
** WARNING: connection is not using a post-quantum key exchange algorithm.
** This session may be vulnerable to "store now, decrypt later" attacks.
** The server may need to be upgraded. See https://openssh.com/pq.html

-----BEGIN CERTIFICATE-----
MIIB6jCCAXCgAwIBAgIMAQAAAAAAAAABGh1XMAoGCCqGSM49BAMDMBsxGTAXBgNV
BAMTEFNwYWNlWCBSb3V0ZXIgQ0EwHhcNMjQwNjA3MDAwMDAwWhcNNDQwNjA3MDAw
MDAwWjBIMQswCQYDVQQGEwJVUzEPMA0GA1UEChMGU3BhY2VYMSgwJgYDVQQDEx9S
b3V0ZXItMDEwMDAwMDAwMDAwMDAwMDAxMUExRDU3MHYwEAYHKoZIzj0CAQYFK4EE
ACIDYgAEXRZTFP0rn8/yKtjO0RZjfvbfzxKzbYvDxpgbWCVzwYZMcGrvtSPOSPYn
4VPzyWZd3ygyxEfBInLFhun7d85AhTBBX55ZXS/A/yn2884QaePBEsLbRvUp/Z43
jD9aO9UQo1AwTjAdBgNVHQ4EFgQU+6o4qZYeCTJbgsYiefKD1phzePUwHwYDVR0j
BBgwFoAUXK1XuFQFitF8QKLiv/LDgeiTQiAwDAYDVR0TBAUwAwEBADAKBggqhkjO
PQQDAwNoADBlAjEAt0CNN6rRrEe1ZRfBgLtYP1Bg7D93tuT2eF+OBfcczKfD4rly
a+pB00hcjDxDUydyAjA5pu823zm3ybto9sTCCvmDMj+gxRv0YDb4gjVOTvlDrus2
KqSBAfJHtaFU40/lnxA=
-----END CERTIFICATE-----

                                                                   +
                                                    +
                                          +    +
                                   +     +
                              +      +
   + + + + +              +     +
     +        +       +     +
        +       + +      +
           +   +      +
             +      + +                      +-------------------------+
         +      +        +                   |                         |
      +       +    +        +                |           ._.           |
    +       +         +        +             |                         |
   + + + + +             + + + + +           +-------------------------+
--------------------------------------------------------------------------------
 That day, for no particular reason, I decided to go for a little route. So I
 routed to the end of the ethernet cable. And when I got there, I thought maybe
 I'd route to the end of the dishy. And when I got there, I thought maybe I'd
 just route across the satellites. And I figured, since I route this far, maybe
 I'd just route across the space lasers. And that's what I did. I routed clear
 across the Internet. For no particular reason I just kept on going. I routed
 clear to the old Club Penguin servers. And when I got there, I figured, since
 I'd gone this far, I might as well turn around, just keep on routing. When I
 got to a firewall, I figured, since I'd gone this far, I might as well just
 turn back, keep right on routing.

  2025.12.01.mr65826                        Router-0100000000000000011A1D57
--------------------------------------------------------------------------------
admin@192.168.1.1: Permission denied (publickey,keyboard-interactive).

Task failed.
Origin: <adhoc 'ping' task>

{'action': 'ping', 'args': {}, 'timeout': 0, 'async_val': 0, 'poll': 15}

<<< caused by >>>

Failed to connect to the host via ssh: Warning: Permanently added '192.168.1.1' (ECDSA) to the list of known hosts.
** WARNING: connection is not using a post-quantum key exchange algorithm.
** This session may be vulnerable to "store now, decrypt later" attacks.
** The server may need to be upgraded. See https://openssh.com/pq.html

-----BEGIN CERTIFICATE-----
MIIB6jCCAXCgAwIBAgIMAQAAAAAAAAABGh1XMAoGCCqGSM49BAMDMBsxGTAXBgNV
BAMTEFNwYWNlWCBSb3V0ZXIgQ0EwHhcNMjQwNjA3MDAwMDAwWhcNNDQwNjA3MDAw
MDAwWjBIMQswCQYDVQQGEwJVUzEPMA0GA1UEChMGU3BhY2VYMSgwJgYDVQQDEx9S
b3V0ZXItMDEwMDAwMDAwMDAwMDAwMDAxMUExRDU3MHYwEAYHKoZIzj0CAQYFK4EE
ACIDYgAEXRZTFP0rn8/yKtjO0RZjfvbfzxKzbYvDxpgbWCVzwYZMcGrvtSPOSPYn
4VPzyWZd3ygyxEfBInLFhun7d85AhTBBX55ZXS/A/yn2884QaePBEsLbRvUp/Z43
jD9aO9UQo1AwTjAdBgNVHQ4EFgQU+6o4qZYeCTJbgsYiefKD1phzePUwHwYDVR0j
BBgwFoAUXK1XuFQFitF8QKLiv/LDgeiTQiAwDAYDVR0TBAUwAwEBADAKBggqhkjO
PQQDAwNoADBlAjEAt0CNN6rRrEe1ZRfBgLtYP1Bg7D93tuT2eF+OBfcczKfD4rly
a+pB00hcjDxDUydyAjA5pu823zm3ybto9sTCCvmDMj+gxRv0YDb4gjVOTvlDrus2
KqSBAfJHtaFU40/lnxA=
-----END CERTIFICATE-----

                                                                   +
                                                    +
                                          +    +
                                   +     +
                              +      +
   + + + + +              +     +
     +        +       +     +
        +       + +      +
           +   +      +
             +      + +                      +-------------------------+
         +      +        +                   |                         |
      +       +    +        +                |           ._.           |
    +       +         +        +             |                         |
   + + + + +             + + + + +           +-------------------------+
--------------------------------------------------------------------------------
 That day, for no particular reason, I decided to go for a little route. So I
 routed to the end of the ethernet cable. And when I got there, I thought maybe
 I'd route to the end of the dishy. And when I got there, I thought maybe I'd
 just route across the satellites. And I figured, since I route this far, maybe
 I'd just route across the space lasers. And that's what I did. I routed clear
 across the Internet. For no particular reason I just kept on going. I routed
 clear to the old Club Penguin servers. And when I got there, I figured, since
 I'd gone this far, I might as well turn around, just keep on routing. When I
 got to a firewall, I figured, since I'd gone this far, I might as well just
 turn back, keep right on routing.

  2025.12.01.mr65826                        Router-0100000000000000011A1D57
--------------------------------------------------------------------------------
admin@192.168.1.1: Permission denied (publickey,keyboard-interactive).


2025-12-15 15:26:55,087 p=22133 u=maharavo n=ansible INFO| router1 | UNREACHABLE! => {
    "changed": false,
    "msg": "Task failed: Failed to connect to the host via ssh: Warning: Permanently added '192.168.1.1' (ECDSA) to the list of known hosts.\r\n** WARNING: connection is not using a post-quantum key exchange algorithm.\r\n** This session may be vulnerable to \"store now, decrypt later\" attacks.\r\n** The server may need to be upgraded. See https://openssh.com/pq.html\r\n\n-----BEGIN CERTIFICATE-----\nMIIB6jCCAXCgAwIBAgIMAQAAAAAAAAABGh1XMAoGCCqGSM49BAMDMBsxGTAXBgNV\nBAMTEFNwYWNlWCBSb3V0ZXIgQ0EwHhcNMjQwNjA3MDAwMDAwWhcNNDQwNjA3MDAw\nMDAwWjBIMQswCQYDVQQGEwJVUzEPMA0GA1UEChMGU3BhY2VYMSgwJgYDVQQDEx9S\nb3V0ZXItMDEwMDAwMDAwMDAwMDAwMDAxMUExRDU3MHYwEAYHKoZIzj0CAQYFK4EE\nACIDYgAEXRZTFP0rn8/yKtjO0RZjfvbfzxKzbYvDxpgbWCVzwYZMcGrvtSPOSPYn\n4VPzyWZd3ygyxEfBInLFhun7d85AhTBBX55ZXS/A/yn2884QaePBEsLbRvUp/Z43\njD9aO9UQo1AwTjAdBgNVHQ4EFgQU+6o4qZYeCTJbgsYiefKD1phzePUwHwYDVR0j\nBBgwFoAUXK1XuFQFitF8QKLiv/LDgeiTQiAwDAYDVR0TBAUwAwEBADAKBggqhkjO\nPQQDAwNoADBlAjEAt0CNN6rRrEe1ZRfBgLtYP1Bg7D93tuT2eF+OBfcczKfD4rly\na+pB00hcjDxDUydyAjA5pu823zm3ybto9sTCCvmDMj+gxRv0YDb4gjVOTvlDrus2\nKqSBAfJHtaFU40/lnxA=\n-----END CERTIFICATE-----\n\n                                                                   +\n                                                    +\n                                          +    +\n                                   +     +\n                              +      +\n   + + + + +              +     +\n     +        +       +     +\n        +       + +      +\n           +   +      +\n             +      + +                      +-------------------------+\n         +      +        +                   |                         |\n      +       +    +        +                |           ._.           |\n    +       +         +        +             |                         |\n   + + + + +             + + + + +           +-------------------------+\n--------------------------------------------------------------------------------\n That day, for no particular reason, I decided to go for a little route. So I\n routed to the end of the ethernet cable. And when I got there, I thought maybe\n I'd route to the end of the dishy. And when I got there, I thought maybe I'd\n just route across the satellites. And I figured, since I route this far, maybe\n I'd just route across the space lasers. And that's what I did. I routed clear\n across the Internet. For no particular reason I just kept on going. I routed\n clear to the old Club Penguin servers. And when I got there, I figured, since\n I'd gone this far, I might as well turn around, just keep on routing. When I\n got to a firewall, I figured, since I'd gone this far, I might as well just\n turn back, keep right on routing.\n\n  2025.12.01.mr65826                        Router-0100000000000000011A1D57\n--------------------------------------------------------------------------------\nadmin@192.168.1.1: Permission denied (publickey,keyboard-interactive).",
    "unreachable": true
}
2025-12-15 15:26:57,214 p=22133 u=maharavo n=ansible ERROR| [ERROR]: Task failed: Failed to connect to the host via ssh: ssh: connect to host 192.168.1.21 port 22: No route to host

Task failed.
Origin: <adhoc 'ping' task>

{'action': 'ping', 'args': {}, 'timeout': 0, 'async_val': 0, 'poll': 15}

<<< caused by >>>

Failed to connect to the host via ssh: ssh: connect to host 192.168.1.21 port 22: No route to host


2025-12-15 15:26:57,215 p=22133 u=maharavo n=ansible INFO| pc1 | UNREACHABLE! => {
    "changed": false,
    "msg": "Task failed: Failed to connect to the host via ssh: ssh: connect to host 192.168.1.21 port 22: No route to host",
    "unreachable": true
}
2025-12-15 15:26:57,215 p=22133 u=maharavo n=ansible ERROR| [ERROR]: Task failed: Failed to connect to the host via ssh: ssh: connect to host 192.168.1.22 port 22: No route to host

Task failed.
Origin: <adhoc 'ping' task>

{'action': 'ping', 'args': {}, 'timeout': 0, 'async_val': 0, 'poll': 15}

<<< caused by >>>

Failed to connect to the host via ssh: ssh: connect to host 192.168.1.22 port 22: No route to host


2025-12-15 15:26:57,215 p=22133 u=maharavo n=ansible INFO| pc2 | UNREACHABLE! => {
    "changed": false,
    "msg": "Task failed: Failed to connect to the host via ssh: ssh: connect to host 192.168.1.22 port 22: No route to host",
    "unreachable": true
}
2025-12-15 15:28:11,979 p=22711 u=maharavo n=ansible INFO| PLAY [Maintenance complète du système] *****************************************
2025-12-15 15:28:12,002 p=22711 u=maharavo n=ansible INFO| TASK [Gathering Facts] *********************************************************
2025-12-15 15:28:12,982 p=22711 u=maharavo n=ansible ERROR| [ERROR]: Task failed: Failed to connect to the host via ssh: ** WARNING: connection is not using a post-quantum key exchange algorithm.
** This session may be vulnerable to "store now, decrypt later" attacks.
** The server may need to be upgraded. See https://openssh.com/pq.html

-----BEGIN CERTIFICATE-----
MIIB6jCCAXCgAwIBAgIMAQAAAAAAAAABGh1XMAoGCCqGSM49BAMDMBsxGTAXBgNV
BAMTEFNwYWNlWCBSb3V0ZXIgQ0EwHhcNMjQwNjA3MDAwMDAwWhcNNDQwNjA3MDAw
MDAwWjBIMQswCQYDVQQGEwJVUzEPMA0GA1UEChMGU3BhY2VYMSgwJgYDVQQDEx9S
b3V0ZXItMDEwMDAwMDAwMDAwMDAwMDAxMUExRDU3MHYwEAYHKoZIzj0CAQYFK4EE
ACIDYgAEXRZTFP0rn8/yKtjO0RZjfvbfzxKzbYvDxpgbWCVzwYZMcGrvtSPOSPYn
4VPzyWZd3ygyxEfBInLFhun7d85AhTBBX55ZXS/A/yn2884QaePBEsLbRvUp/Z43
jD9aO9UQo1AwTjAdBgNVHQ4EFgQU+6o4qZYeCTJbgsYiefKD1phzePUwHwYDVR0j
BBgwFoAUXK1XuFQFitF8QKLiv/LDgeiTQiAwDAYDVR0TBAUwAwEBADAKBggqhkjO
PQQDAwNoADBlAjEAt0CNN6rRrEe1ZRfBgLtYP1Bg7D93tuT2eF+OBfcczKfD4rly
a+pB00hcjDxDUydyAjA5pu823zm3ybto9sTCCvmDMj+gxRv0YDb4gjVOTvlDrus2
KqSBAfJHtaFU40/lnxA=
-----END CERTIFICATE-----

                                                                   +
                                                    +
                                          +    +
                                   +     +
                              +      +
   + + + + +              +     +
     +        +       +     +
        +       + +      +
           +   +      +
             +      + +                      +-------------------------+
         +      +        +                   |                         |
      +       +    +        +                |           ._.           |
    +       +         +        +             |                         |
   + + + + +             + + + + +           +-------------------------+
--------------------------------------------------------------------------------
 That day, for no particular reason, I decided to go for a little route. So I
 routed to the end of the ethernet cable. And when I got there, I thought maybe
 I'd route to the end of the dishy. And when I got there, I thought maybe I'd
 just route across the satellites. And I figured, since I route this far, maybe
 I'd just route across the space lasers. And that's what I did. I routed clear
 across the Internet. For no particular reason I just kept on going. I routed
 clear to the old Club Penguin servers. And when I got there, I figured, since
 I'd gone this far, I might as well turn around, just keep on routing. When I
 got to a firewall, I figured, since I'd gone this far, I might as well just
 turn back, keep right on routing.

  2025.12.01.mr65826                        Router-0100000000000000011A1D57
--------------------------------------------------------------------------------
admin@192.168.1.1: Permission denied (publickey,keyboard-interactive).

Task failed.

<<< caused by >>>

Failed to connect to the host via ssh: ** WARNING: connection is not using a post-quantum key exchange algorithm.
** This session may be vulnerable to "store now, decrypt later" attacks.
** The server may need to be upgraded. See https://openssh.com/pq.html

-----BEGIN CERTIFICATE-----
MIIB6jCCAXCgAwIBAgIMAQAAAAAAAAABGh1XMAoGCCqGSM49BAMDMBsxGTAXBgNV
BAMTEFNwYWNlWCBSb3V0ZXIgQ0EwHhcNMjQwNjA3MDAwMDAwWhcNNDQwNjA3MDAw
MDAwWjBIMQswCQYDVQQGEwJVUzEPMA0GA1UEChMGU3BhY2VYMSgwJgYDVQQDEx9S
b3V0ZXItMDEwMDAwMDAwMDAwMDAwMDAxMUExRDU3MHYwEAYHKoZIzj0CAQYFK4EE
ACIDYgAEXRZTFP0rn8/yKtjO0RZjfvbfzxKzbYvDxpgbWCVzwYZMcGrvtSPOSPYn
4VPzyWZd3ygyxEfBInLFhun7d85AhTBBX55ZXS/A/yn2884QaePBEsLbRvUp/Z43
jD9aO9UQo1AwTjAdBgNVHQ4EFgQU+6o4qZYeCTJbgsYiefKD1phzePUwHwYDVR0j
BBgwFoAUXK1XuFQFitF8QKLiv/LDgeiTQiAwDAYDVR0TBAUwAwEBADAKBggqhkjO
PQQDAwNoADBlAjEAt0CNN6rRrEe1ZRfBgLtYP1Bg7D93tuT2eF+OBfcczKfD4rly
a+pB00hcjDxDUydyAjA5pu823zm3ybto9sTCCvmDMj+gxRv0YDb4gjVOTvlDrus2
KqSBAfJHtaFU40/lnxA=
-----END CERTIFICATE-----

                                                                   +
                                                    +
                                          +    +
                                   +     +
                              +      +
   + + + + +              +     +
     +        +       +     +
        +       + +      +
           +   +      +
             +      + +                      +-------------------------+
         +      +        +                   |                         |
      +       +    +        +                |           ._.           |
    +       +         +        +             |                         |
   + + + + +             + + + + +           +-------------------------+
--------------------------------------------------------------------------------
 That day, for no particular reason, I decided to go for a little route. So I
 routed to the end of the ethernet cable. And when I got there, I thought maybe
 I'd route to the end of the dishy. And when I got there, I thought maybe I'd
 just route across the satellites. And I figured, since I route this far, maybe
 I'd just route across the space lasers. And that's what I did. I routed clear
 across the Internet. For no particular reason I just kept on going. I routed
 clear to the old Club Penguin servers. And when I got there, I figured, since
 I'd gone this far, I might as well turn around, just keep on routing. When I
 got to a firewall, I figured, since I'd gone this far, I might as well just
 turn back, keep right on routing.

  2025.12.01.mr65826                        Router-0100000000000000011A1D57
--------------------------------------------------------------------------------
admin@192.168.1.1: Permission denied (publickey,keyboard-interactive).


2025-12-15 15:28:12,983 p=22711 u=maharavo n=ansible INFO| fatal: [router1]: UNREACHABLE! => {"changed": false, "msg": "Task failed: Failed to connect to the host via ssh: ** WARNING: connection is not using a post-quantum key exchange algorithm.\r\n** This session may be vulnerable to \"store now, decrypt later\" attacks.\r\n** The server may need to be upgraded. See https://openssh.com/pq.html\r\n\n-----BEGIN CERTIFICATE-----\nMIIB6jCCAXCgAwIBAgIMAQAAAAAAAAABGh1XMAoGCCqGSM49BAMDMBsxGTAXBgNV\nBAMTEFNwYWNlWCBSb3V0ZXIgQ0EwHhcNMjQwNjA3MDAwMDAwWhcNNDQwNjA3MDAw\nMDAwWjBIMQswCQYDVQQGEwJVUzEPMA0GA1UEChMGU3BhY2VYMSgwJgYDVQQDEx9S\nb3V0ZXItMDEwMDAwMDAwMDAwMDAwMDAxMUExRDU3MHYwEAYHKoZIzj0CAQYFK4EE\nACIDYgAEXRZTFP0rn8/yKtjO0RZjfvbfzxKzbYvDxpgbWCVzwYZMcGrvtSPOSPYn\n4VPzyWZd3ygyxEfBInLFhun7d85AhTBBX55ZXS/A/yn2884QaePBEsLbRvUp/Z43\njD9aO9UQo1AwTjAdBgNVHQ4EFgQU+6o4qZYeCTJbgsYiefKD1phzePUwHwYDVR0j\nBBgwFoAUXK1XuFQFitF8QKLiv/LDgeiTQiAwDAYDVR0TBAUwAwEBADAKBggqhkjO\nPQQDAwNoADBlAjEAt0CNN6rRrEe1ZRfBgLtYP1Bg7D93tuT2eF+OBfcczKfD4rly\na+pB00hcjDxDUydyAjA5pu823zm3ybto9sTCCvmDMj+gxRv0YDb4gjVOTvlDrus2\nKqSBAfJHtaFU40/lnxA=\n-----END CERTIFICATE-----\n\n                                                                   +\n                                                    +\n                                          +    +\n                                   +     +\n                              +      +\n   + + + + +              +     +\n     +        +       +     +\n        +       + +      +\n           +   +      +\n             +      + +                      +-------------------------+\n         +      +        +                   |                         |\n      +       +    +        +                |           ._.           |\n    +       +         +        +             |                         |\n   + + + + +             + + + + +           +-------------------------+\n--------------------------------------------------------------------------------\n That day, for no particular reason, I decided to go for a little route. So I\n routed to the end of the ethernet cable. And when I got there, I thought maybe\n I'd route to the end of the dishy. And when I got there, I thought maybe I'd\n just route across the satellites. And I figured, since I route this far, maybe\n I'd just route across the space lasers. And that's what I did. I routed clear\n across the Internet. For no particular reason I just kept on going. I routed\n clear to the old Club Penguin servers. And when I got there, I figured, since\n I'd gone this far, I might as well turn around, just keep on routing. When I\n got to a firewall, I figured, since I'd gone this far, I might as well just\n turn back, keep right on routing.\n\n  2025.12.01.mr65826                        Router-0100000000000000011A1D57\n--------------------------------------------------------------------------------\nadmin@192.168.1.1: Permission denied (publickey,keyboard-interactive).", "unreachable": true}
2025-12-15 15:28:15,613 p=22711 u=maharavo n=ansible ERROR| [ERROR]: Task failed: Failed to connect to the host via ssh: ssh: connect to host 192.168.1.21 port 22: No route to host

Task failed.

<<< caused by >>>

Failed to connect to the host via ssh: ssh: connect to host 192.168.1.21 port 22: No route to host


2025-12-15 15:28:15,614 p=22711 u=maharavo n=ansible INFO| fatal: [pc1]: UNREACHABLE! => {"changed": false, "msg": "Task failed: Failed to connect to the host via ssh: ssh: connect to host 192.168.1.21 port 22: No route to host", "unreachable": true}
2025-12-15 15:28:15,617 p=22711 u=maharavo n=ansible ERROR| [ERROR]: Task failed: Failed to connect to the host via ssh: ssh: connect to host 192.168.1.22 port 22: No route to host

Task failed.

<<< caused by >>>

Failed to connect to the host via ssh: ssh: connect to host 192.168.1.22 port 22: No route to host


2025-12-15 15:28:15,617 p=22711 u=maharavo n=ansible INFO| fatal: [pc2]: UNREACHABLE! => {"changed": false, "msg": "Task failed: Failed to connect to the host via ssh: ssh: connect to host 192.168.1.22 port 22: No route to host", "unreachable": true}
2025-12-15 15:28:15,618 p=22711 u=maharavo n=ansible INFO| PLAY RECAP *********************************************************************
2025-12-15 15:28:15,619 p=22711 u=maharavo n=ansible INFO| pc1                        : ok=0    changed=0    unreachable=1    failed=0    skipped=0    rescued=0    ignored=0   
2025-12-15 15:28:15,619 p=22711 u=maharavo n=ansible INFO| pc2                        : ok=0    changed=0    unreachable=1    failed=0    skipped=0    rescued=0    ignored=0   
2025-12-15 15:28:15,619 p=22711 u=maharavo n=ansible INFO| router1                    : ok=0    changed=0    unreachable=1    failed=0    skipped=0    rescued=0    ignored=0   
2025-12-15 15:28:27,437 p=22765 u=maharavo n=ansible INFO| PLAY [Maintenance complète du système] *****************************************
2025-12-15 15:28:27,453 p=22765 u=maharavo n=ansible INFO| TASK [Gathering Facts] *********************************************************
2025-12-15 15:28:28,405 p=22765 u=maharavo n=ansible ERROR| [ERROR]: Task failed: Failed to connect to the host via ssh: ** WARNING: connection is not using a post-quantum key exchange algorithm.
** This session may be vulnerable to "store now, decrypt later" attacks.
** The server may need to be upgraded. See https://openssh.com/pq.html

-----BEGIN CERTIFICATE-----
MIIB6jCCAXCgAwIBAgIMAQAAAAAAAAABGh1XMAoGCCqGSM49BAMDMBsxGTAXBgNV
BAMTEFNwYWNlWCBSb3V0ZXIgQ0EwHhcNMjQwNjA3MDAwMDAwWhcNNDQwNjA3MDAw
MDAwWjBIMQswCQYDVQQGEwJVUzEPMA0GA1UEChMGU3BhY2VYMSgwJgYDVQQDEx9S
b3V0ZXItMDEwMDAwMDAwMDAwMDAwMDAxMUExRDU3MHYwEAYHKoZIzj0CAQYFK4EE
ACIDYgAEXRZTFP0rn8/yKtjO0RZjfvbfzxKzbYvDxpgbWCVzwYZMcGrvtSPOSPYn
4VPzyWZd3ygyxEfBInLFhun7d85AhTBBX55ZXS/A/yn2884QaePBEsLbRvUp/Z43
jD9aO9UQo1AwTjAdBgNVHQ4EFgQU+6o4qZYeCTJbgsYiefKD1phzePUwHwYDVR0j
BBgwFoAUXK1XuFQFitF8QKLiv/LDgeiTQiAwDAYDVR0TBAUwAwEBADAKBggqhkjO
PQQDAwNoADBlAjEAt0CNN6rRrEe1ZRfBgLtYP1Bg7D93tuT2eF+OBfcczKfD4rly
a+pB00hcjDxDUydyAjA5pu823zm3ybto9sTCCvmDMj+gxRv0YDb4gjVOTvlDrus2
KqSBAfJHtaFU40/lnxA=
-----END CERTIFICATE-----

                                                                   +
                                                    +
                                          +    +
                                   +     +
                              +      +
   + + + + +              +     +
     +        +       +     +
        +       + +      +
           +   +      +
             +      + +                      +-------------------------+
         +      +        +                   |                         |
      +       +    +        +                |           ._.           |
    +       +         +        +             |                         |
   + + + + +             + + + + +           +-------------------------+
--------------------------------------------------------------------------------
 That day, for no particular reason, I decided to go for a little route. So I
 routed to the end of the ethernet cable. And when I got there, I thought maybe
 I'd route to the end of the dishy. And when I got there, I thought maybe I'd
 just route across the satellites. And I figured, since I route this far, maybe
 I'd just route across the space lasers. And that's what I did. I routed clear
 across the Internet. For no particular reason I just kept on going. I routed
 clear to the old Club Penguin servers. And when I got there, I figured, since
 I'd gone this far, I might as well turn around, just keep on routing. When I
 got to a firewall, I figured, since I'd gone this far, I might as well just
 turn back, keep right on routing.

  2025.12.01.mr65826                        Router-0100000000000000011A1D57
--------------------------------------------------------------------------------
admin@192.168.1.1: Permission denied (publickey,keyboard-interactive).

Task failed.

<<< caused by >>>

Failed to connect to the host via ssh: ** WARNING: connection is not using a post-quantum key exchange algorithm.
** This session may be vulnerable to "store now, decrypt later" attacks.
** The server may need to be upgraded. See https://openssh.com/pq.html

-----BEGIN CERTIFICATE-----
MIIB6jCCAXCgAwIBAgIMAQAAAAAAAAABGh1XMAoGCCqGSM49BAMDMBsxGTAXBgNV
BAMTEFNwYWNlWCBSb3V0ZXIgQ0EwHhcNMjQwNjA3MDAwMDAwWhcNNDQwNjA3MDAw
MDAwWjBIMQswCQYDVQQGEwJVUzEPMA0GA1UEChMGU3BhY2VYMSgwJgYDVQQDEx9S
b3V0ZXItMDEwMDAwMDAwMDAwMDAwMDAxMUExRDU3MHYwEAYHKoZIzj0CAQYFK4EE
ACIDYgAEXRZTFP0rn8/yKtjO0RZjfvbfzxKzbYvDxpgbWCVzwYZMcGrvtSPOSPYn
4VPzyWZd3ygyxEfBInLFhun7d85AhTBBX55ZXS/A/yn2884QaePBEsLbRvUp/Z43
jD9aO9UQo1AwTjAdBgNVHQ4EFgQU+6o4qZYeCTJbgsYiefKD1phzePUwHwYDVR0j
BBgwFoAUXK1XuFQFitF8QKLiv/LDgeiTQiAwDAYDVR0TBAUwAwEBADAKBggqhkjO
PQQDAwNoADBlAjEAt0CNN6rRrEe1ZRfBgLtYP1Bg7D93tuT2eF+OBfcczKfD4rly
a+pB00hcjDxDUydyAjA5pu823zm3ybto9sTCCvmDMj+gxRv0YDb4gjVOTvlDrus2
KqSBAfJHtaFU40/lnxA=
-----END CERTIFICATE-----

                                                                   +
                                                    +
                                          +    +
                                   +     +
                              +      +
   + + + + +              +     +
     +        +       +     +
        +       + +      +
           +   +      +
             +      + +                      +-------------------------+
         +      +        +                   |                         |
      +       +    +        +                |           ._.           |
    +       +         +        +             |                         |
   + + + + +             + + + + +           +-------------------------+
--------------------------------------------------------------------------------
 That day, for no particular reason, I decided to go for a little route. So I
 routed to the end of the ethernet cable. And when I got there, I thought maybe
 I'd route to the end of the dishy. And when I got there, I thought maybe I'd
 just route across the satellites. And I figured, since I route this far, maybe
 I'd just route across the space lasers. And that's what I did. I routed clear
 across the Internet. For no particular reason I just kept on going. I routed
 clear to the old Club Penguin servers. And when I got there, I figured, since
 I'd gone this far, I might as well turn around, just keep on routing. When I
 got to a firewall, I figured, since I'd gone this far, I might as well just
 turn back, keep right on routing.

  2025.12.01.mr65826                        Router-0100000000000000011A1D57
--------------------------------------------------------------------------------
admin@192.168.1.1: Permission denied (publickey,keyboard-interactive).


2025-12-15 15:28:28,406 p=22765 u=maharavo n=ansible INFO| fatal: [router1]: UNREACHABLE! => {"changed": false, "msg": "Task failed: Failed to connect to the host via ssh: ** WARNING: connection is not using a post-quantum key exchange algorithm.\r\n** This session may be vulnerable to \"store now, decrypt later\" attacks.\r\n** The server may need to be upgraded. See https://openssh.com/pq.html\r\n\n-----BEGIN CERTIFICATE-----\nMIIB6jCCAXCgAwIBAgIMAQAAAAAAAAABGh1XMAoGCCqGSM49BAMDMBsxGTAXBgNV\nBAMTEFNwYWNlWCBSb3V0ZXIgQ0EwHhcNMjQwNjA3MDAwMDAwWhcNNDQwNjA3MDAw\nMDAwWjBIMQswCQYDVQQGEwJVUzEPMA0GA1UEChMGU3BhY2VYMSgwJgYDVQQDEx9S\nb3V0ZXItMDEwMDAwMDAwMDAwMDAwMDAxMUExRDU3MHYwEAYHKoZIzj0CAQYFK4EE\nACIDYgAEXRZTFP0rn8/yKtjO0RZjfvbfzxKzbYvDxpgbWCVzwYZMcGrvtSPOSPYn\n4VPzyWZd3ygyxEfBInLFhun7d85AhTBBX55ZXS/A/yn2884QaePBEsLbRvUp/Z43\njD9aO9UQo1AwTjAdBgNVHQ4EFgQU+6o4qZYeCTJbgsYiefKD1phzePUwHwYDVR0j\nBBgwFoAUXK1XuFQFitF8QKLiv/LDgeiTQiAwDAYDVR0TBAUwAwEBADAKBggqhkjO\nPQQDAwNoADBlAjEAt0CNN6rRrEe1ZRfBgLtYP1Bg7D93tuT2eF+OBfcczKfD4rly\na+pB00hcjDxDUydyAjA5pu823zm3ybto9sTCCvmDMj+gxRv0YDb4gjVOTvlDrus2\nKqSBAfJHtaFU40/lnxA=\n-----END CERTIFICATE-----\n\n                                                                   +\n                                                    +\n                                          +    +\n                                   +     +\n                              +      +\n   + + + + +              +     +\n     +        +       +     +\n        +       + +      +\n           +   +      +\n             +      + +                      +-------------------------+\n         +      +        +                   |                         |\n      +       +    +        +                |           ._.           |\n    +       +         +        +             |                         |\n   + + + + +             + + + + +           +-------------------------+\n--------------------------------------------------------------------------------\n That day, for no particular reason, I decided to go for a little route. So I\n routed to the end of the ethernet cable. And when I got there, I thought maybe\n I'd route to the end of the dishy. And when I got there, I thought maybe I'd\n just route across the satellites. And I figured, since I route this far, maybe\n I'd just route across the space lasers. And that's what I did. I routed clear\n across the Internet. For no particular reason I just kept on going. I routed\n clear to the old Club Penguin servers. And when I got there, I figured, since\n I'd gone this far, I might as well turn around, just keep on routing. When I\n got to a firewall, I figured, since I'd gone this far, I might as well just\n turn back, keep right on routing.\n\n  2025.12.01.mr65826                        Router-0100000000000000011A1D57\n--------------------------------------------------------------------------------\nadmin@192.168.1.1: Permission denied (publickey,keyboard-interactive).", "unreachable": true}
2025-12-15 15:28:30,970 p=22765 u=maharavo n=ansible ERROR| [ERROR]: Task failed: Failed to connect to the host via ssh: ssh: connect to host 192.168.1.21 port 22: No route to host

Task failed.

<<< caused by >>>

Failed to connect to the host via ssh: ssh: connect to host 192.168.1.21 port 22: No route to host


2025-12-15 15:28:30,971 p=22765 u=maharavo n=ansible INFO| fatal: [pc1]: UNREACHABLE! => {"changed": false, "msg": "Task failed: Failed to connect to the host via ssh: ssh: connect to host 192.168.1.21 port 22: No route to host", "unreachable": true}
2025-12-15 15:28:30,972 p=22765 u=maharavo n=ansible ERROR| [ERROR]: Task failed: Failed to connect to the host via ssh: ssh: connect to host 192.168.1.22 port 22: No route to host

Task failed.

<<< caused by >>>

Failed to connect to the host via ssh: ssh: connect to host 192.168.1.22 port 22: No route to host


2025-12-15 15:28:30,972 p=22765 u=maharavo n=ansible INFO| fatal: [pc2]: UNREACHABLE! => {"changed": false, "msg": "Task failed: Failed to connect to the host via ssh: ssh: connect to host 192.168.1.22 port 22: No route to host", "unreachable": true}
2025-12-15 15:28:30,973 p=22765 u=maharavo n=ansible INFO| PLAY RECAP *********************************************************************
2025-12-15 15:28:30,973 p=22765 u=maharavo n=ansible INFO| pc1                        : ok=0    changed=0    unreachable=1    failed=0    skipped=0    rescued=0    ignored=0   
2025-12-15 15:28:30,973 p=22765 u=maharavo n=ansible INFO| pc2                        : ok=0    changed=0    unreachable=1    failed=0    skipped=0    rescued=0    ignored=0   
2025-12-15 15:28:30,973 p=22765 u=maharavo n=ansible INFO| router1                    : ok=0    changed=0    unreachable=1    failed=0    skipped=0    rescued=0    ignored=0   
2025-12-15 15:39:13,390 p=24300 u=maharavo n=ansible INFO| {
    "_meta": {
        "hostvars": {
            "localhost": {
                "ansible_connection": "local",
                "ansible_python_interpreter": "/usr/bin/python3"
            },
            "pc1": {
                "ansible_host": "192.168.1.21",
                "ansible_user": "manda",
                "configure_network": true,
                "databases": [
                    {
                        "encoding": "utf8mb4",
                        "name": "pc1_production"
                    },
                    {
                        "encoding": "utf8mb4",
                        "name": "pc1_development"
                    }
                ],
                "db_users": [
                    {
                        "database": "pc1_production",
                        "host": "localhost",
                        "password": "{{ webapp_db_password }}",
                        "username": "pc1_admin"
                    }
                ],
                "dns": "8.8.8.8",
                "dns_secondary": "8.8.4.4",
                "gateway": "192.168.1.1",
                "install_mariadb": true,
                "interface_name": "ens33",
                "netmask": "24",
                "new_ip": "192.168.1.21"
            },
            "pc2": {
                "ansible_host": "192.168.1.22",
                "ansible_user": "mimi",
                "configure_network": true,
                "databases": [
                    {
                        "encoding": "utf8mb4",
                        "name": "pc2_production"
                    },
                    {
                        "encoding": "utf8mb4",
                        "name": "pc2_backup"
                    }
                ],
                "db_users": [
                    {
                        "database": "pc2_production",
                        "host": "localhost",
                        "password": "{{ webapp_db_password }}",
                        "username": "pc2_admin"
                    }
                ],
                "dns": "8.8.8.8",
                "dns_secondary": "8.8.4.4",
                "gateway": "192.168.1.1",
                "install_mariadb": true,
                "interface_name": "ens33",
                "netmask": "24",
                "new_ip": "192.168.1.22"
            },
            "router1": {
                "ansible_host": "192.168.1.1",
                "ansible_user": "admin",
                "configure_network": false,
                "databases": [
                    {
                        "collation": "utf8mb4_general_ci",
                        "encoding": "utf8mb4",
                        "name": "webapp_db"
                    },
                    {
                        "collation": "utf8mb4_general_ci",
                        "encoding": "utf8mb4",
                        "name": "monitoring_db"
                    }
                ],
                "db_users": [
                    {
                        "database": "webapp_db",
                        "host": "localhost",
                        "password": "{{ webapp_db_password }}",
                        "username": "webapp_user"
                    },
                    {
                        "database": "monitoring_db",
                        "host": "localhost",
                        "password": "{{ monitor_db_password }}",
                        "username": "monitor_user"
                    }
                ],
                "dns": "8.8.8.8",
                "dns_secondary": "8.8.4.4",
                "install_mariadb": false,
                "netmask": "24"
            }
        },
        "profile": "inventory_legacy"
    },
    "all": {
        "children": [
            "ungrouped",
            "all_servers"
        ]
    },
    "all_servers": {
        "children": [
            "local",
            "remote"
        ]
    },
    "local": {
        "hosts": [
            "localhost"
        ]
    },
    "remote": {
        "hosts": [
            "pc1",
            "pc2",
            "router1"
        ]
    }
}
2025-12-15 15:39:32,236 p=24472 u=maharavo n=ansible INFO| localhost | SUCCESS => {
    "changed": false,
    "ping": "pong"
}
2025-12-15 15:49:17,869 p=24735 u=maharavo n=ansible INFO| PLAY [Test Simple sur mon PC] *******************************************************
2025-12-15 15:49:17,886 p=24735 u=maharavo n=ansible INFO| TASK [Gathering Facts] **************************************************************
2025-12-15 15:49:19,739 p=24735 u=maharavo n=ansible INFO| ok: [localhost]
2025-12-15 15:49:19,811 p=24735 u=maharavo n=ansible INFO| TASK [Étape 1 - Dire bonjour] *******************************************************
2025-12-15 15:49:19,831 p=24735 u=maharavo n=ansible INFO| ok: [localhost] => {
    "msg": "👋 Bonjour! Ansible fonctionne sur votre PC!"
}
2025-12-15 15:49:19,835 p=24735 u=maharavo n=ansible INFO| TASK [Étape 2 - Afficher la date actuelle] ******************************************
2025-12-15 15:49:20,583 p=24735 u=maharavo n=ansible INFO| ok: [localhost]
2025-12-15 15:49:20,588 p=24735 u=maharavo n=ansible INFO| TASK [Étape 2 - Résultat] ***********************************************************
2025-12-15 15:49:20,608 p=24735 u=maharavo n=ansible INFO| ok: [localhost] => {
    "msg": "📅 Date actuelle: Mon Dec 15 03:49:20 PM EAT 2025"
}
2025-12-15 15:49:20,612 p=24735 u=maharavo n=ansible INFO| TASK [Étape 3 - Vérifier l'espace disque] *******************************************
2025-12-15 15:49:21,159 p=24735 u=maharavo n=ansible INFO| ok: [localhost]
2025-12-15 15:49:21,164 p=24735 u=maharavo n=ansible INFO| TASK [Étape 3 - Résultat] ***********************************************************
2025-12-15 15:49:21,189 p=24735 u=maharavo n=ansible INFO| ok: [localhost] => {
    "msg": "💾 Espace disque:\nFilesystem      Size  Used Avail Use% Mounted on\n/dev/sda3       140G  122G   16G  89% /"
}
2025-12-15 15:49:21,254 p=24735 u=maharavo n=ansible INFO| TASK [Étape 4 - Créer un fichier de test] *******************************************
2025-12-15 15:49:22,649 p=24735 u=maharavo n=ansible WARNING| [WARNING]: Deprecation warnings can be disabled by setting `deprecation_warnings=False` in ansible.cfg.

2025-12-15 15:49:22,650 p=24735 u=maharavo n=ansible INFO| [DEPRECATION WARNING]: INJECT_FACTS_AS_VARS default to `True` is deprecated, top-level facts will not be auto injected after the change. This feature will be removed from ansible-core version 2.24.
Origin: /home/maharavo/L2/projet_ansible/test_simple.yml:54:18

52     - name: 'Étape 4 - Créer un fichier de test'
53       copy:
54         content: |
                    ^ column 18

Use `ansible_facts["fact_name"]` (no `ansible_` prefix) instead.


2025-12-15 15:49:22,650 p=24735 u=maharavo n=ansible INFO| changed: [localhost]
2025-12-15 15:49:22,656 p=24735 u=maharavo n=ansible INFO| TASK [Étape 4 - Confirmer la création] **********************************************
2025-12-15 15:49:22,680 p=24735 u=maharavo n=ansible INFO| ok: [localhost] => {
    "msg": "📄 Fichier /tmp/test_ansible.txt créé avec succès!"
}
2025-12-15 15:49:22,684 p=24735 u=maharavo n=ansible INFO| TASK [Étape 5 - Lire le fichier créé] ***********************************************
2025-12-15 15:49:23,152 p=24735 u=maharavo n=ansible INFO| ok: [localhost]
2025-12-15 15:49:23,157 p=24735 u=maharavo n=ansible INFO| TASK [Étape 5 - Contenu du fichier] *************************************************
2025-12-15 15:49:23,183 p=24735 u=maharavo n=ansible INFO| ok: [localhost] => {
    "msg": "📖 Contenu:\nCe fichier a été créé par Ansible!\nDate de création: 2025-12-15T12:49:19Z\nNom de l'ordinateur: customer"
}
2025-12-15 15:49:23,187 p=24735 u=maharavo n=ansible INFO| TASK [🎉 TEST TERMINÉ] **************************************************************
2025-12-15 15:49:23,211 p=24735 u=maharavo n=ansible INFO| ok: [localhost] => {
    "msg": "\n╔════════════════════════════════════════╗\n║     ✅ TOUS LES TESTS ONT RÉUSSI!     ║\n╠════════════════════════════════════════╣\n║                                        ║\n║  Vous avez appris que Ansible peut:   ║\n║  • Afficher des messages              ║\n║  • Exécuter des commandes             ║\n║  • Créer des fichiers                 ║\n║  • Lire des fichiers                  ║\n║                                        ║\n║  Prochaine étape:                     ║\n║  Créer des machines virtuelles        ║\n║  pour tester sur plusieurs PCs!       ║\n║                                        ║\n╚════════════════════════════════════════╝\n"
}
2025-12-15 15:49:23,212 p=24735 u=maharavo n=ansible INFO| PLAY RECAP **************************************************************************
2025-12-15 15:49:23,213 p=24735 u=maharavo n=ansible INFO| localhost                  : ok=11   changed=1    unreachable=0    failed=0    skipped=0    rescued=0    ignored=0   
2025-12-15 15:58:49,417 p=27430 u=maharavo n=ansible INFO| Starting galaxy collection install process
2025-12-15 15:58:51,490 p=27430 u=maharavo n=ansible INFO| Nothing to do. All requested collections are already installed. If you want to reinstall them, consider using `--force`.
2025-12-15 15:59:18,330 p=27749 u=maharavo n=ansible INFO| Starting galaxy collection install process
2025-12-15 15:59:18,613 p=27749 u=maharavo n=ansible INFO| Process install dependency map
2025-12-15 15:59:18,617 p=27749 u=maharavo n=ansible INFO| |
2025-12-15 15:59:18,717 p=27749 u=maharavo n=ansible INFO| /
2025-12-15 15:59:18,820 p=27749 u=maharavo n=ansible INFO| -
2025-12-15 15:59:18,921 p=27749 u=maharavo n=ansible INFO| \
2025-12-15 15:59:19,021 p=27749 u=maharavo n=ansible INFO| |
2025-12-15 15:59:19,122 p=27749 u=maharavo n=ansible INFO| /
2025-12-15 15:59:19,222 p=27749 u=maharavo n=ansible INFO| -
2025-12-15 15:59:19,324 p=27749 u=maharavo n=ansible INFO| \
2025-12-15 15:59:19,426 p=27749 u=maharavo n=ansible INFO| |
2025-12-15 15:59:19,527 p=27749 u=maharavo n=ansible INFO| /
2025-12-15 15:59:19,629 p=27749 u=maharavo n=ansible INFO| -
2025-12-15 15:59:19,729 p=27749 u=maharavo n=ansible INFO| \
2025-12-15 15:59:19,830 p=27749 u=maharavo n=ansible INFO| |
2025-12-15 15:59:19,931 p=27749 u=maharavo n=ansible INFO| /
2025-12-15 15:59:20,033 p=27749 u=maharavo n=ansible INFO| -
2025-12-15 15:59:20,133 p=27749 u=maharavo n=ansible INFO| \
2025-12-15 15:59:20,234 p=27749 u=maharavo n=ansible INFO| |
2025-12-15 15:59:20,334 p=27749 u=maharavo n=ansible INFO| /
2025-12-15 15:59:20,468 p=27749 u=maharavo n=ansible INFO| -
2025-12-15 15:59:20,568 p=27749 u=maharavo n=ansible INFO| \
2025-12-15 15:59:20,669 p=27749 u=maharavo n=ansible INFO| |
2025-12-15 15:59:20,769 p=27749 u=maharavo n=ansible INFO| /
2025-12-15 15:59:20,869 p=27749 u=maharavo n=ansible INFO| -
2025-12-15 15:59:20,970 p=27749 u=maharavo n=ansible INFO| \
2025-12-15 15:59:21,070 p=27749 u=maharavo n=ansible INFO| |
2025-12-15 15:59:21,171 p=27749 u=maharavo n=ansible INFO| /
2025-12-15 15:59:21,272 p=27749 u=maharavo n=ansible INFO| -
2025-12-15 15:59:21,372 p=27749 u=maharavo n=ansible INFO| \
2025-12-15 15:59:21,472 p=27749 u=maharavo n=ansible INFO| |
2025-12-15 15:59:21,573 p=27749 u=maharavo n=ansible INFO| /
2025-12-15 15:59:21,673 p=27749 u=maharavo n=ansible INFO| -
2025-12-15 15:59:21,775 p=27749 u=maharavo n=ansible INFO| \
2025-12-15 15:59:21,875 p=27749 u=maharavo n=ansible INFO| |
2025-12-15 15:59:21,976 p=27749 u=maharavo n=ansible INFO| /
2025-12-15 15:59:22,076 p=27749 u=maharavo n=ansible INFO| -
2025-12-15 15:59:22,177 p=27749 u=maharavo n=ansible INFO| \
2025-12-15 15:59:22,278 p=27749 u=maharavo n=ansible INFO| |
2025-12-15 15:59:22,378 p=27749 u=maharavo n=ansible INFO| /
2025-12-15 15:59:22,479 p=27749 u=maharavo n=ansible INFO| -
2025-12-15 15:59:22,579 p=27749 u=maharavo n=ansible INFO| \
2025-12-15 15:59:22,679 p=27749 u=maharavo n=ansible INFO| |
2025-12-15 15:59:22,780 p=27749 u=maharavo n=ansible INFO| /
2025-12-15 15:59:22,880 p=27749 u=maharavo n=ansible INFO| -
2025-12-15 15:59:22,981 p=27749 u=maharavo n=ansible INFO| \
2025-12-15 15:59:23,081 p=27749 u=maharavo n=ansible INFO| |
2025-12-15 15:59:23,181 p=27749 u=maharavo n=ansible INFO| /
2025-12-15 15:59:23,282 p=27749 u=maharavo n=ansible INFO| -
2025-12-15 15:59:23,382 p=27749 u=maharavo n=ansible INFO| \
2025-12-15 15:59:23,483 p=27749 u=maharavo n=ansible INFO| |
2025-12-15 15:59:23,583 p=27749 u=maharavo n=ansible INFO| /
2025-12-15 15:59:23,684 p=27749 u=maharavo n=ansible INFO| -
2025-12-15 15:59:23,784 p=27749 u=maharavo n=ansible INFO| \
2025-12-15 15:59:23,884 p=27749 u=maharavo n=ansible INFO| |
2025-12-15 15:59:23,985 p=27749 u=maharavo n=ansible INFO| /
2025-12-15 15:59:24,085 p=27749 u=maharavo n=ansible INFO| -
2025-12-15 15:59:24,185 p=27749 u=maharavo n=ansible INFO| \
2025-12-15 15:59:24,286 p=27749 u=maharavo n=ansible INFO| |
2025-12-15 15:59:24,386 p=27749 u=maharavo n=ansible INFO| /
2025-12-15 15:59:24,486 p=27749 u=maharavo n=ansible INFO| -
2025-12-15 15:59:24,587 p=27749 u=maharavo n=ansible INFO| \
2025-12-15 15:59:24,687 p=27749 u=maharavo n=ansible INFO| |
2025-12-15 15:59:24,787 p=27749 u=maharavo n=ansible INFO| /
2025-12-15 15:59:24,888 p=27749 u=maharavo n=ansible INFO| -
2025-12-15 15:59:24,990 p=27749 u=maharavo n=ansible INFO| \
2025-12-15 15:59:25,090 p=27749 u=maharavo n=ansible INFO| |
2025-12-15 15:59:25,190 p=27749 u=maharavo n=ansible INFO| /
2025-12-15 15:59:25,292 p=27749 u=maharavo n=ansible INFO| -
2025-12-15 15:59:25,392 p=27749 u=maharavo n=ansible INFO| \
2025-12-15 15:59:25,493 p=27749 u=maharavo n=ansible INFO| |
2025-12-15 15:59:25,593 p=27749 u=maharavo n=ansible INFO| /
2025-12-15 15:59:25,693 p=27749 u=maharavo n=ansible INFO| -
2025-12-15 15:59:25,794 p=27749 u=maharavo n=ansible INFO| \
2025-12-15 15:59:25,894 p=27749 u=maharavo n=ansible INFO| |
2025-12-15 15:59:25,995 p=27749 u=maharavo n=ansible INFO| /
2025-12-15 15:59:26,097 p=27749 u=maharavo n=ansible INFO| -
2025-12-15 15:59:26,199 p=27749 u=maharavo n=ansible INFO| \
2025-12-15 15:59:26,299 p=27749 u=maharavo n=ansible INFO| |
2025-12-15 15:59:26,400 p=27749 u=maharavo n=ansible INFO| /
2025-12-15 15:59:26,500 p=27749 u=maharavo n=ansible INFO| -
2025-12-15 15:59:26,601 p=27749 u=maharavo n=ansible INFO| \
2025-12-15 15:59:26,702 p=27749 u=maharavo n=ansible INFO| |
2025-12-15 15:59:26,802 p=27749 u=maharavo n=ansible INFO| /
2025-12-15 15:59:26,902 p=27749 u=maharavo n=ansible INFO| -
2025-12-15 15:59:27,003 p=27749 u=maharavo n=ansible INFO| \
2025-12-15 15:59:27,104 p=27749 u=maharavo n=ansible INFO| |
2025-12-15 15:59:27,204 p=27749 u=maharavo n=ansible INFO| /
2025-12-15 15:59:27,304 p=27749 u=maharavo n=ansible INFO| -
2025-12-15 15:59:27,404 p=27749 u=maharavo n=ansible INFO| \
2025-12-15 15:59:27,505 p=27749 u=maharavo n=ansible INFO| |
2025-12-15 15:59:27,605 p=27749 u=maharavo n=ansible INFO| /
2025-12-15 15:59:27,706 p=27749 u=maharavo n=ansible INFO| -
2025-12-15 15:59:27,806 p=27749 u=maharavo n=ansible INFO| \
2025-12-15 15:59:27,907 p=27749 u=maharavo n=ansible INFO| |
2025-12-15 15:59:28,007 p=27749 u=maharavo n=ansible INFO| /
2025-12-15 15:59:28,108 p=27749 u=maharavo n=ansible INFO| -
2025-12-15 15:59:28,208 p=27749 u=maharavo n=ansible INFO| \
2025-12-15 15:59:28,309 p=27749 u=maharavo n=ansible INFO| |
2025-12-15 15:59:28,410 p=27749 u=maharavo n=ansible INFO| /
2025-12-15 15:59:28,510 p=27749 u=maharavo n=ansible INFO| -
2025-12-15 15:59:28,611 p=27749 u=maharavo n=ansible INFO| \
2025-12-15 15:59:28,712 p=27749 u=maharavo n=ansible INFO| |
2025-12-15 15:59:28,813 p=27749 u=maharavo n=ansible INFO| /
2025-12-15 15:59:28,914 p=27749 u=maharavo n=ansible INFO| -
2025-12-15 15:59:29,015 p=27749 u=maharavo n=ansible INFO| \
2025-12-15 15:59:29,115 p=27749 u=maharavo n=ansible INFO| |
2025-12-15 15:59:29,216 p=27749 u=maharavo n=ansible INFO| /
2025-12-15 15:59:29,316 p=27749 u=maharavo n=ansible INFO| -
2025-12-15 15:59:29,417 p=27749 u=maharavo n=ansible INFO| \
2025-12-15 15:59:29,518 p=27749 u=maharavo n=ansible INFO| |
2025-12-15 15:59:29,618 p=27749 u=maharavo n=ansible INFO| /
2025-12-15 15:59:29,719 p=27749 u=maharavo n=ansible INFO| -
2025-12-15 15:59:29,819 p=27749 u=maharavo n=ansible INFO| \
2025-12-15 15:59:29,920 p=27749 u=maharavo n=ansible INFO| |
2025-12-15 15:59:30,020 p=27749 u=maharavo n=ansible INFO| /
2025-12-15 15:59:30,121 p=27749 u=maharavo n=ansible INFO| -
2025-12-15 15:59:30,221 p=27749 u=maharavo n=ansible INFO| \
2025-12-15 15:59:30,322 p=27749 u=maharavo n=ansible INFO| |
2025-12-15 15:59:30,422 p=27749 u=maharavo n=ansible INFO| /
2025-12-15 15:59:30,523 p=27749 u=maharavo n=ansible INFO| -
2025-12-15 15:59:30,623 p=27749 u=maharavo n=ansible INFO| \
2025-12-15 15:59:30,723 p=27749 u=maharavo n=ansible INFO| |
2025-12-15 15:59:30,824 p=27749 u=maharavo n=ansible INFO| /
2025-12-15 15:59:30,926 p=27749 u=maharavo n=ansible INFO| -
2025-12-15 15:59:31,026 p=27749 u=maharavo n=ansible INFO| \
2025-12-15 15:59:31,127 p=27749 u=maharavo n=ansible INFO| |
2025-12-15 15:59:31,227 p=27749 u=maharavo n=ansible INFO| /
2025-12-15 15:59:31,327 p=27749 u=maharavo n=ansible INFO| -
2025-12-15 15:59:31,428 p=27749 u=maharavo n=ansible INFO| \
2025-12-15 15:59:31,529 p=27749 u=maharavo n=ansible INFO| |
2025-12-15 15:59:31,630 p=27749 u=maharavo n=ansible INFO| /
2025-12-15 15:59:31,731 p=27749 u=maharavo n=ansible INFO| -
2025-12-15 15:59:31,831 p=27749 u=maharavo n=ansible INFO| \
2025-12-15 15:59:31,932 p=27749 u=maharavo n=ansible INFO| |
2025-12-15 15:59:32,032 p=27749 u=maharavo n=ansible INFO| /
2025-12-15 15:59:32,133 p=27749 u=maharavo n=ansible INFO| -
2025-12-15 15:59:32,234 p=27749 u=maharavo n=ansible INFO| \
2025-12-15 15:59:32,335 p=27749 u=maharavo n=ansible INFO| |
2025-12-15 15:59:32,435 p=27749 u=maharavo n=ansible INFO| /
2025-12-15 15:59:32,536 p=27749 u=maharavo n=ansible INFO| -
2025-12-15 15:59:32,636 p=27749 u=maharavo n=ansible INFO| \
2025-12-15 15:59:32,737 p=27749 u=maharavo n=ansible INFO| |
2025-12-15 15:59:32,837 p=27749 u=maharavo n=ansible INFO| /
2025-12-15 15:59:32,937 p=27749 u=maharavo n=ansible INFO| -
2025-12-15 15:59:33,038 p=27749 u=maharavo n=ansible INFO| \
2025-12-15 15:59:33,138 p=27749 u=maharavo n=ansible INFO| |
2025-12-15 15:59:33,239 p=27749 u=maharavo n=ansible INFO| /
2025-12-15 15:59:33,339 p=27749 u=maharavo n=ansible INFO| -
2025-12-15 15:59:33,440 p=27749 u=maharavo n=ansible INFO| \
2025-12-15 15:59:33,540 p=27749 u=maharavo n=ansible INFO| |
2025-12-15 15:59:33,641 p=27749 u=maharavo n=ansible INFO| /
2025-12-15 15:59:33,741 p=27749 u=maharavo n=ansible INFO| -
2025-12-15 15:59:33,842 p=27749 u=maharavo n=ansible INFO| \
2025-12-15 15:59:33,943 p=27749 u=maharavo n=ansible INFO| |
2025-12-15 15:59:34,044 p=27749 u=maharavo n=ansible INFO| /
2025-12-15 15:59:34,144 p=27749 u=maharavo n=ansible INFO| -
2025-12-15 15:59:34,245 p=27749 u=maharavo n=ansible INFO| \
2025-12-15 15:59:34,346 p=27749 u=maharavo n=ansible INFO| |
2025-12-15 15:59:34,447 p=27749 u=maharavo n=ansible INFO| /
2025-12-15 15:59:34,548 p=27749 u=maharavo n=ansible INFO| -
2025-12-15 15:59:34,649 p=27749 u=maharavo n=ansible INFO| \
2025-12-15 15:59:34,749 p=27749 u=maharavo n=ansible INFO| |
2025-12-15 15:59:34,849 p=27749 u=maharavo n=ansible INFO| /
2025-12-15 15:59:34,950 p=27749 u=maharavo n=ansible INFO| -
2025-12-15 15:59:35,051 p=27749 u=maharavo n=ansible INFO| \
2025-12-15 15:59:35,151 p=27749 u=maharavo n=ansible INFO| |
2025-12-15 15:59:35,252 p=27749 u=maharavo n=ansible INFO| /
2025-12-15 15:59:35,353 p=27749 u=maharavo n=ansible INFO| -
2025-12-15 15:59:35,453 p=27749 u=maharavo n=ansible INFO| \
2025-12-15 15:59:35,553 p=27749 u=maharavo n=ansible INFO| |
2025-12-15 15:59:35,654 p=27749 u=maharavo n=ansible INFO| /
2025-12-15 15:59:35,754 p=27749 u=maharavo n=ansible INFO| -
2025-12-15 15:59:35,855 p=27749 u=maharavo n=ansible INFO| \
2025-12-15 15:59:35,956 p=27749 u=maharavo n=ansible INFO| |
2025-12-15 15:59:36,057 p=27749 u=maharavo n=ansible INFO| /
2025-12-15 15:59:36,157 p=27749 u=maharavo n=ansible INFO| -
2025-12-15 15:59:36,257 p=27749 u=maharavo n=ansible INFO| \
2025-12-15 15:59:36,358 p=27749 u=maharavo n=ansible INFO| |
2025-12-15 15:59:36,458 p=27749 u=maharavo n=ansible INFO| /
2025-12-15 15:59:36,559 p=27749 u=maharavo n=ansible INFO| -
2025-12-15 15:59:36,660 p=27749 u=maharavo n=ansible INFO| \
2025-12-15 15:59:36,760 p=27749 u=maharavo n=ansible INFO| |
2025-12-15 15:59:36,861 p=27749 u=maharavo n=ansible INFO| /
2025-12-15 15:59:36,961 p=27749 u=maharavo n=ansible INFO| -
2025-12-15 15:59:37,062 p=27749 u=maharavo n=ansible INFO| \
2025-12-15 15:59:37,163 p=27749 u=maharavo n=ansible INFO| |
2025-12-15 15:59:37,263 p=27749 u=maharavo n=ansible INFO| /
2025-12-15 15:59:37,364 p=27749 u=maharavo n=ansible INFO| -
2025-12-15 15:59:37,464 p=27749 u=maharavo n=ansible INFO| \
2025-12-15 15:59:37,566 p=27749 u=maharavo n=ansible INFO| |
2025-12-15 15:59:37,667 p=27749 u=maharavo n=ansible INFO| /
2025-12-15 15:59:37,767 p=27749 u=maharavo n=ansible INFO| -
2025-12-15 15:59:37,868 p=27749 u=maharavo n=ansible INFO| \
2025-12-15 15:59:37,968 p=27749 u=maharavo n=ansible INFO| |
2025-12-15 15:59:38,068 p=27749 u=maharavo n=ansible INFO| /
2025-12-15 15:59:38,168 p=27749 u=maharavo n=ansible INFO| -
2025-12-15 15:59:38,269 p=27749 u=maharavo n=ansible INFO| \
2025-12-15 15:59:38,369 p=27749 u=maharavo n=ansible INFO| |
2025-12-15 15:59:38,469 p=27749 u=maharavo n=ansible INFO| /
2025-12-15 15:59:38,570 p=27749 u=maharavo n=ansible INFO| -
2025-12-15 15:59:38,670 p=27749 u=maharavo n=ansible INFO| \
2025-12-15 15:59:38,770 p=27749 u=maharavo n=ansible INFO| |
2025-12-15 15:59:38,871 p=27749 u=maharavo n=ansible INFO| /
2025-12-15 15:59:38,971 p=27749 u=maharavo n=ansible INFO| -
2025-12-15 15:59:39,071 p=27749 u=maharavo n=ansible INFO| \
2025-12-15 15:59:39,172 p=27749 u=maharavo n=ansible INFO| |
2025-12-15 15:59:39,272 p=27749 u=maharavo n=ansible INFO| /
2025-12-15 15:59:39,372 p=27749 u=maharavo n=ansible INFO| -
2025-12-15 15:59:39,472 p=27749 u=maharavo n=ansible INFO| \
2025-12-15 15:59:39,573 p=27749 u=maharavo n=ansible INFO| |
2025-12-15 15:59:39,673 p=27749 u=maharavo n=ansible INFO| /
2025-12-15 15:59:39,774 p=27749 u=maharavo n=ansible INFO| -
2025-12-15 15:59:39,874 p=27749 u=maharavo n=ansible INFO| \
2025-12-15 15:59:39,976 p=27749 u=maharavo n=ansible INFO| |
2025-12-15 15:59:40,076 p=27749 u=maharavo n=ansible INFO| /
2025-12-15 15:59:40,176 p=27749 u=maharavo n=ansible INFO| -
2025-12-15 15:59:40,277 p=27749 u=maharavo n=ansible INFO| \
2025-12-15 15:59:40,378 p=27749 u=maharavo n=ansible INFO| |
2025-12-15 15:59:40,480 p=27749 u=maharavo n=ansible INFO| /
2025-12-15 15:59:40,581 p=27749 u=maharavo n=ansible INFO| -
2025-12-15 15:59:40,682 p=27749 u=maharavo n=ansible INFO| \
2025-12-15 15:59:40,782 p=27749 u=maharavo n=ansible INFO| |
2025-12-15 15:59:40,883 p=27749 u=maharavo n=ansible INFO| /
2025-12-15 15:59:40,983 p=27749 u=maharavo n=ansible INFO| -
2025-12-15 15:59:41,084 p=27749 u=maharavo n=ansible INFO| \
2025-12-15 15:59:41,184 p=27749 u=maharavo n=ansible INFO| |
2025-12-15 15:59:41,285 p=27749 u=maharavo n=ansible INFO| /
2025-12-15 15:59:41,385 p=27749 u=maharavo n=ansible INFO| -
2025-12-15 15:59:41,486 p=27749 u=maharavo n=ansible INFO| \
2025-12-15 15:59:41,586 p=27749 u=maharavo n=ansible INFO| |
2025-12-15 15:59:41,687 p=27749 u=maharavo n=ansible INFO| /
2025-12-15 15:59:41,787 p=27749 u=maharavo n=ansible INFO| -
2025-12-15 15:59:41,888 p=27749 u=maharavo n=ansible INFO| \
2025-12-15 15:59:41,988 p=27749 u=maharavo n=ansible INFO| |
2025-12-15 15:59:42,089 p=27749 u=maharavo n=ansible INFO| /
2025-12-15 15:59:42,189 p=27749 u=maharavo n=ansible INFO| -
2025-12-15 15:59:42,289 p=27749 u=maharavo n=ansible INFO| \
2025-12-15 15:59:42,390 p=27749 u=maharavo n=ansible INFO| |
2025-12-15 15:59:42,491 p=27749 u=maharavo n=ansible INFO| /
2025-12-15 15:59:42,591 p=27749 u=maharavo n=ansible INFO| -
2025-12-15 15:59:42,691 p=27749 u=maharavo n=ansible INFO| \
2025-12-15 15:59:42,792 p=27749 u=maharavo n=ansible INFO| |
2025-12-15 15:59:42,892 p=27749 u=maharavo n=ansible INFO| /
2025-12-15 15:59:42,993 p=27749 u=maharavo n=ansible INFO| -
2025-12-15 15:59:43,094 p=27749 u=maharavo n=ansible INFO| \
2025-12-15 15:59:43,194 p=27749 u=maharavo n=ansible INFO| |
2025-12-15 15:59:43,295 p=27749 u=maharavo n=ansible INFO| /
2025-12-15 15:59:43,396 p=27749 u=maharavo n=ansible INFO| -
2025-12-15 15:59:43,496 p=27749 u=maharavo n=ansible INFO| \
2025-12-15 15:59:43,596 p=27749 u=maharavo n=ansible INFO| |
2025-12-15 15:59:43,697 p=27749 u=maharavo n=ansible INFO| /
2025-12-15 15:59:43,798 p=27749 u=maharavo n=ansible INFO| -
2025-12-15 15:59:43,898 p=27749 u=maharavo n=ansible INFO| \
2025-12-15 15:59:43,999 p=27749 u=maharavo n=ansible INFO| |
2025-12-15 15:59:44,099 p=27749 u=maharavo n=ansible INFO| /
2025-12-15 15:59:44,200 p=27749 u=maharavo n=ansible INFO| -
2025-12-15 15:59:44,300 p=27749 u=maharavo n=ansible INFO| \
2025-12-15 15:59:44,401 p=27749 u=maharavo n=ansible INFO| |
2025-12-15 15:59:44,501 p=27749 u=maharavo n=ansible INFO| /
2025-12-15 15:59:44,602 p=27749 u=maharavo n=ansible INFO| -
2025-12-15 15:59:44,702 p=27749 u=maharavo n=ansible INFO| \
2025-12-15 15:59:44,803 p=27749 u=maharavo n=ansible INFO| |
2025-12-15 15:59:44,903 p=27749 u=maharavo n=ansible INFO| /
2025-12-15 15:59:45,004 p=27749 u=maharavo n=ansible INFO| -
2025-12-15 15:59:45,104 p=27749 u=maharavo n=ansible INFO| \
2025-12-15 15:59:45,206 p=27749 u=maharavo n=ansible INFO| |
2025-12-15 15:59:45,306 p=27749 u=maharavo n=ansible INFO| /
2025-12-15 15:59:45,407 p=27749 u=maharavo n=ansible INFO| -
2025-12-15 15:59:45,507 p=27749 u=maharavo n=ansible INFO| \
2025-12-15 15:59:45,608 p=27749 u=maharavo n=ansible INFO| |
2025-12-15 15:59:45,708 p=27749 u=maharavo n=ansible INFO| /
2025-12-15 15:59:45,809 p=27749 u=maharavo n=ansible INFO| -
2025-12-15 15:59:45,909 p=27749 u=maharavo n=ansible INFO| \
2025-12-15 15:59:46,010 p=27749 u=maharavo n=ansible INFO| |
2025-12-15 15:59:46,111 p=27749 u=maharavo n=ansible INFO| /
2025-12-15 15:59:46,212 p=27749 u=maharavo n=ansible INFO| -
2025-12-15 15:59:46,313 p=27749 u=maharavo n=ansible INFO| \
2025-12-15 15:59:46,413 p=27749 u=maharavo n=ansible INFO| |
2025-12-15 15:59:46,514 p=27749 u=maharavo n=ansible INFO| /
2025-12-15 15:59:46,614 p=27749 u=maharavo n=ansible INFO| -
2025-12-15 15:59:46,714 p=27749 u=maharavo n=ansible INFO| \
2025-12-15 15:59:46,815 p=27749 u=maharavo n=ansible INFO| |
2025-12-15 15:59:46,915 p=27749 u=maharavo n=ansible INFO| /
2025-12-15 15:59:47,016 p=27749 u=maharavo n=ansible INFO| -
2025-12-15 15:59:47,117 p=27749 u=maharavo n=ansible INFO| \
2025-12-15 15:59:47,217 p=27749 u=maharavo n=ansible INFO| |
2025-12-15 15:59:47,318 p=27749 u=maharavo n=ansible INFO| /
2025-12-15 15:59:47,419 p=27749 u=maharavo n=ansible INFO| -
2025-12-15 15:59:47,519 p=27749 u=maharavo n=ansible INFO| \
2025-12-15 15:59:47,619 p=27749 u=maharavo n=ansible INFO| |
2025-12-15 15:59:47,720 p=27749 u=maharavo n=ansible INFO| /
2025-12-15 15:59:47,820 p=27749 u=maharavo n=ansible INFO| -
2025-12-15 15:59:47,921 p=27749 u=maharavo n=ansible INFO| \
2025-12-15 15:59:48,021 p=27749 u=maharavo n=ansible INFO| |
2025-12-15 15:59:48,122 p=27749 u=maharavo n=ansible INFO| /
2025-12-15 15:59:48,222 p=27749 u=maharavo n=ansible INFO| -
2025-12-15 15:59:48,323 p=27749 u=maharavo n=ansible INFO| \
2025-12-15 15:59:48,423 p=27749 u=maharavo n=ansible INFO| |
2025-12-15 15:59:48,523 p=27749 u=maharavo n=ansible INFO| /
2025-12-15 15:59:48,624 p=27749 u=maharavo n=ansible INFO| -
2025-12-15 15:59:48,725 p=27749 u=maharavo n=ansible INFO| \
2025-12-15 15:59:48,825 p=27749 u=maharavo n=ansible INFO| |
2025-12-15 15:59:48,925 p=27749 u=maharavo n=ansible INFO| /
2025-12-15 15:59:49,026 p=27749 u=maharavo n=ansible INFO| -
2025-12-15 15:59:49,126 p=27749 u=maharavo n=ansible INFO| \
2025-12-15 15:59:49,227 p=27749 u=maharavo n=ansible INFO| |
2025-12-15 15:59:49,327 p=27749 u=maharavo n=ansible INFO| /
2025-12-15 15:59:49,428 p=27749 u=maharavo n=ansible INFO| -
2025-12-15 15:59:49,529 p=27749 u=maharavo n=ansible INFO| \
2025-12-15 15:59:49,629 p=27749 u=maharavo n=ansible INFO| |
2025-12-15 15:59:49,730 p=27749 u=maharavo n=ansible INFO| /
2025-12-15 15:59:49,830 p=27749 u=maharavo n=ansible INFO| -
2025-12-15 15:59:49,931 p=27749 u=maharavo n=ansible INFO| \
2025-12-15 15:59:50,031 p=27749 u=maharavo n=ansible INFO| |
2025-12-15 15:59:50,131 p=27749 u=maharavo n=ansible INFO| /
2025-12-15 15:59:50,232 p=27749 u=maharavo n=ansible INFO| -
2025-12-15 15:59:50,332 p=27749 u=maharavo n=ansible INFO| \
2025-12-15 15:59:50,433 p=27749 u=maharavo n=ansible INFO| |
2025-12-15 15:59:50,533 p=27749 u=maharavo n=ansible INFO| /
2025-12-15 15:59:50,634 p=27749 u=maharavo n=ansible INFO| -
2025-12-15 15:59:50,734 p=27749 u=maharavo n=ansible INFO| \
2025-12-15 15:59:50,835 p=27749 u=maharavo n=ansible INFO| |
2025-12-15 15:59:50,935 p=27749 u=maharavo n=ansible INFO| /
2025-12-15 15:59:51,036 p=27749 u=maharavo n=ansible INFO| -
2025-12-15 15:59:51,136 p=27749 u=maharavo n=ansible INFO| \
2025-12-15 15:59:51,237 p=27749 u=maharavo n=ansible INFO| |
2025-12-15 15:59:51,337 p=27749 u=maharavo n=ansible INFO| /
2025-12-15 15:59:51,438 p=27749 u=maharavo n=ansible INFO| -
2025-12-15 15:59:51,538 p=27749 u=maharavo n=ansible INFO| \
2025-12-15 15:59:51,639 p=27749 u=maharavo n=ansible INFO| |
2025-12-15 15:59:51,739 p=27749 u=maharavo n=ansible INFO| /
2025-12-15 15:59:51,840 p=27749 u=maharavo n=ansible INFO| -
2025-12-15 15:59:51,941 p=27749 u=maharavo n=ansible INFO| \
2025-12-15 15:59:52,041 p=27749 u=maharavo n=ansible INFO| |
2025-12-15 15:59:52,141 p=27749 u=maharavo n=ansible INFO| /
2025-12-15 15:59:52,242 p=27749 u=maharavo n=ansible INFO| -
2025-12-15 15:59:52,342 p=27749 u=maharavo n=ansible INFO| \
2025-12-15 15:59:52,442 p=27749 u=maharavo n=ansible INFO| |
2025-12-15 15:59:52,543 p=27749 u=maharavo n=ansible INFO| /
2025-12-15 15:59:52,643 p=27749 u=maharavo n=ansible INFO| -
2025-12-15 15:59:52,744 p=27749 u=maharavo n=ansible INFO| \
2025-12-15 15:59:52,844 p=27749 u=maharavo n=ansible INFO| |
2025-12-15 15:59:52,945 p=27749 u=maharavo n=ansible INFO| /
2025-12-15 15:59:53,046 p=27749 u=maharavo n=ansible INFO| -
2025-12-15 15:59:53,147 p=27749 u=maharavo n=ansible INFO| \
2025-12-15 15:59:53,247 p=27749 u=maharavo n=ansible INFO| |
2025-12-15 15:59:53,348 p=27749 u=maharavo n=ansible INFO| /
2025-12-15 15:59:53,448 p=27749 u=maharavo n=ansible INFO| -
2025-12-15 15:59:53,549 p=27749 u=maharavo n=ansible INFO| \
2025-12-15 15:59:53,650 p=27749 u=maharavo n=ansible INFO| |
2025-12-15 15:59:53,750 p=27749 u=maharavo n=ansible INFO| /
2025-12-15 15:59:53,851 p=27749 u=maharavo n=ansible INFO| -
2025-12-15 15:59:53,951 p=27749 u=maharavo n=ansible INFO| \
2025-12-15 15:59:54,052 p=27749 u=maharavo n=ansible INFO| |
2025-12-15 15:59:54,152 p=27749 u=maharavo n=ansible INFO| /
2025-12-15 15:59:54,252 p=27749 u=maharavo n=ansible INFO| -
2025-12-15 15:59:54,353 p=27749 u=maharavo n=ansible INFO| \
2025-12-15 15:59:54,453 p=27749 u=maharavo n=ansible INFO| |
2025-12-15 15:59:54,554 p=27749 u=maharavo n=ansible INFO| /
2025-12-15 15:59:54,654 p=27749 u=maharavo n=ansible INFO| -
2025-12-15 15:59:54,754 p=27749 u=maharavo n=ansible INFO| \
2025-12-15 15:59:54,855 p=27749 u=maharavo n=ansible INFO| |
2025-12-15 15:59:54,955 p=27749 u=maharavo n=ansible INFO| /
2025-12-15 15:59:55,055 p=27749 u=maharavo n=ansible INFO| -
2025-12-15 15:59:55,156 p=27749 u=maharavo n=ansible INFO| \
2025-12-15 15:59:55,256 p=27749 u=maharavo n=ansible INFO| |
2025-12-15 15:59:55,357 p=27749 u=maharavo n=ansible INFO| /
2025-12-15 15:59:55,458 p=27749 u=maharavo n=ansible INFO| -
2025-12-15 15:59:55,559 p=27749 u=maharavo n=ansible INFO| \
2025-12-15 15:59:55,659 p=27749 u=maharavo n=ansible INFO| |
2025-12-15 15:59:55,760 p=27749 u=maharavo n=ansible INFO| /
2025-12-15 15:59:55,861 p=27749 u=maharavo n=ansible INFO| -
2025-12-15 15:59:55,962 p=27749 u=maharavo n=ansible INFO| \
2025-12-15 15:59:56,062 p=27749 u=maharavo n=ansible INFO| |
2025-12-15 15:59:56,163 p=27749 u=maharavo n=ansible INFO| /
2025-12-15 15:59:56,263 p=27749 u=maharavo n=ansible INFO| -
2025-12-15 15:59:56,363 p=27749 u=maharavo n=ansible INFO| \
2025-12-15 15:59:56,464 p=27749 u=maharavo n=ansible INFO| |
2025-12-15 15:59:56,564 p=27749 u=maharavo n=ansible INFO| /
2025-12-15 15:59:56,665 p=27749 u=maharavo n=ansible INFO| -
2025-12-15 15:59:56,765 p=27749 u=maharavo n=ansible INFO| \
2025-12-15 15:59:56,866 p=27749 u=maharavo n=ansible INFO| |
2025-12-15 15:59:56,966 p=27749 u=maharavo n=ansible INFO| /
2025-12-15 15:59:57,067 p=27749 u=maharavo n=ansible INFO| -
2025-12-15 15:59:57,167 p=27749 u=maharavo n=ansible INFO| \
2025-12-15 15:59:57,268 p=27749 u=maharavo n=ansible INFO| |
2025-12-15 15:59:57,368 p=27749 u=maharavo n=ansible INFO| /
2025-12-15 15:59:57,469 p=27749 u=maharavo n=ansible INFO| -
2025-12-15 15:59:57,569 p=27749 u=maharavo n=ansible INFO| \
2025-12-15 15:59:57,670 p=27749 u=maharavo n=ansible INFO| |
2025-12-15 15:59:57,770 p=27749 u=maharavo n=ansible INFO| /
2025-12-15 15:59:57,871 p=27749 u=maharavo n=ansible INFO| -
2025-12-15 15:59:57,971 p=27749 u=maharavo n=ansible INFO| \
2025-12-15 15:59:58,072 p=27749 u=maharavo n=ansible INFO| |
2025-12-15 15:59:58,172 p=27749 u=maharavo n=ansible INFO| /
2025-12-15 15:59:58,273 p=27749 u=maharavo n=ansible INFO| -
2025-12-15 15:59:58,373 p=27749 u=maharavo n=ansible INFO| \
2025-12-15 15:59:58,474 p=27749 u=maharavo n=ansible INFO| |
2025-12-15 15:59:58,575 p=27749 u=maharavo n=ansible INFO| /
2025-12-15 15:59:58,675 p=27749 u=maharavo n=ansible INFO| -
2025-12-15 15:59:58,776 p=27749 u=maharavo n=ansible INFO| \
2025-12-15 15:59:58,879 p=27749 u=maharavo n=ansible INFO| |
2025-12-15 15:59:58,979 p=27749 u=maharavo n=ansible INFO| /
2025-12-15 15:59:59,081 p=27749 u=maharavo n=ansible INFO| -
2025-12-15 15:59:59,182 p=27749 u=maharavo n=ansible INFO| \
2025-12-15 15:59:59,282 p=27749 u=maharavo n=ansible INFO| |
2025-12-15 15:59:59,383 p=27749 u=maharavo n=ansible INFO| /
2025-12-15 15:59:59,484 p=27749 u=maharavo n=ansible INFO| -
2025-12-15 15:59:59,584 p=27749 u=maharavo n=ansible INFO| \
2025-12-15 15:59:59,685 p=27749 u=maharavo n=ansible INFO| |
2025-12-15 15:59:59,785 p=27749 u=maharavo n=ansible INFO| /
2025-12-15 15:59:59,886 p=27749 u=maharavo n=ansible INFO| -
2025-12-15 15:59:59,986 p=27749 u=maharavo n=ansible INFO| \
2025-12-15 16:00:00,086 p=27749 u=maharavo n=ansible INFO| |
2025-12-15 16:00:00,187 p=27749 u=maharavo n=ansible INFO| /
2025-12-15 16:00:00,288 p=27749 u=maharavo n=ansible INFO| -
2025-12-15 16:00:00,388 p=27749 u=maharavo n=ansible INFO| \
2025-12-15 16:00:00,489 p=27749 u=maharavo n=ansible INFO| |
2025-12-15 16:00:00,589 p=27749 u=maharavo n=ansible INFO| /
2025-12-15 16:00:00,689 p=27749 u=maharavo n=ansible INFO| -
2025-12-15 16:00:00,790 p=27749 u=maharavo n=ansible INFO| \
2025-12-15 16:00:00,891 p=27749 u=maharavo n=ansible INFO| |
2025-12-15 16:00:00,991 p=27749 u=maharavo n=ansible INFO| /
2025-12-15 16:00:01,092 p=27749 u=maharavo n=ansible INFO| -
2025-12-15 16:00:01,193 p=27749 u=maharavo n=ansible INFO| \
2025-12-15 16:00:01,293 p=27749 u=maharavo n=ansible INFO| |
2025-12-15 16:00:01,394 p=27749 u=maharavo n=ansible INFO| /
2025-12-15 16:00:01,494 p=27749 u=maharavo n=ansible INFO| -
2025-12-15 16:00:01,595 p=27749 u=maharavo n=ansible INFO| \
2025-12-15 16:00:01,695 p=27749 u=maharavo n=ansible INFO| |
2025-12-15 16:00:01,796 p=27749 u=maharavo n=ansible INFO| /
2025-12-15 16:00:01,896 p=27749 u=maharavo n=ansible INFO| -
2025-12-15 16:00:01,997 p=27749 u=maharavo n=ansible INFO| \
2025-12-15 16:00:02,097 p=27749 u=maharavo n=ansible INFO| |
2025-12-15 16:00:02,198 p=27749 u=maharavo n=ansible INFO| /
2025-12-15 16:00:02,298 p=27749 u=maharavo n=ansible INFO| -
2025-12-15 16:00:02,399 p=27749 u=maharavo n=ansible INFO| \
2025-12-15 16:00:02,500 p=27749 u=maharavo n=ansible INFO| |
2025-12-15 16:00:02,600 p=27749 u=maharavo n=ansible INFO| /
2025-12-15 16:00:02,701 p=27749 u=maharavo n=ansible INFO| -
2025-12-15 16:00:02,801 p=27749 u=maharavo n=ansible INFO| \
2025-12-15 16:00:02,902 p=27749 u=maharavo n=ansible INFO| |
2025-12-15 16:00:03,002 p=27749 u=maharavo n=ansible INFO| /
2025-12-15 16:00:03,103 p=27749 u=maharavo n=ansible INFO| -
2025-12-15 16:00:03,203 p=27749 u=maharavo n=ansible INFO| \
2025-12-15 16:00:03,303 p=27749 u=maharavo n=ansible INFO| |
2025-12-15 16:00:03,404 p=27749 u=maharavo n=ansible INFO| /
2025-12-15 16:00:03,504 p=27749 u=maharavo n=ansible INFO| -
2025-12-15 16:00:03,605 p=27749 u=maharavo n=ansible INFO| \
2025-12-15 16:00:03,706 p=27749 u=maharavo n=ansible INFO| |
2025-12-15 16:00:03,806 p=27749 u=maharavo n=ansible INFO| /
2025-12-15 16:00:03,906 p=27749 u=maharavo n=ansible INFO| -
2025-12-15 16:00:04,007 p=27749 u=maharavo n=ansible INFO| \
2025-12-15 16:00:04,107 p=27749 u=maharavo n=ansible INFO| |
2025-12-15 16:00:04,207 p=27749 u=maharavo n=ansible INFO| /
2025-12-15 16:00:04,307 p=27749 u=maharavo n=ansible INFO| -
2025-12-15 16:00:04,408 p=27749 u=maharavo n=ansible INFO| \
2025-12-15 16:00:04,509 p=27749 u=maharavo n=ansible INFO| |
2025-12-15 16:00:04,610 p=27749 u=maharavo n=ansible INFO| /
2025-12-15 16:00:04,711 p=27749 u=maharavo n=ansible INFO| -
2025-12-15 16:00:04,812 p=27749 u=maharavo n=ansible INFO| \
2025-12-15 16:00:04,912 p=27749 u=maharavo n=ansible INFO| |
2025-12-15 16:00:05,013 p=27749 u=maharavo n=ansible INFO| /
2025-12-15 16:00:05,113 p=27749 u=maharavo n=ansible INFO| -
2025-12-15 16:00:05,214 p=27749 u=maharavo n=ansible INFO| \
2025-12-15 16:00:05,314 p=27749 u=maharavo n=ansible INFO| |
2025-12-15 16:00:05,415 p=27749 u=maharavo n=ansible INFO| /
2025-12-15 16:00:05,515 p=27749 u=maharavo n=ansible INFO| -
2025-12-15 16:00:05,615 p=27749 u=maharavo n=ansible INFO| \
2025-12-15 16:00:05,716 p=27749 u=maharavo n=ansible INFO| |
2025-12-15 16:00:05,816 p=27749 u=maharavo n=ansible INFO| /
2025-12-15 16:00:05,917 p=27749 u=maharavo n=ansible INFO| -
2025-12-15 16:00:06,017 p=27749 u=maharavo n=ansible INFO| \
2025-12-15 16:00:06,118 p=27749 u=maharavo n=ansible INFO| |
2025-12-15 16:00:06,218 p=27749 u=maharavo n=ansible INFO| /
2025-12-15 16:00:06,319 p=27749 u=maharavo n=ansible INFO| -
2025-12-15 16:00:06,419 p=27749 u=maharavo n=ansible INFO| \
2025-12-15 16:00:06,519 p=27749 u=maharavo n=ansible INFO| |
2025-12-15 16:00:06,620 p=27749 u=maharavo n=ansible INFO| /
2025-12-15 16:00:06,720 p=27749 u=maharavo n=ansible INFO| -
2025-12-15 16:00:06,821 p=27749 u=maharavo n=ansible INFO| \
2025-12-15 16:00:06,922 p=27749 u=maharavo n=ansible INFO| |
2025-12-15 16:00:07,024 p=27749 u=maharavo n=ansible INFO| /
2025-12-15 16:00:07,125 p=27749 u=maharavo n=ansible INFO| -
2025-12-15 16:00:07,225 p=27749 u=maharavo n=ansible INFO| \
2025-12-15 16:00:07,325 p=27749 u=maharavo n=ansible INFO| |
2025-12-15 16:00:07,426 p=27749 u=maharavo n=ansible INFO| /
2025-12-15 16:00:07,526 p=27749 u=maharavo n=ansible INFO| -
2025-12-15 16:00:07,627 p=27749 u=maharavo n=ansible INFO| \
2025-12-15 16:00:07,727 p=27749 u=maharavo n=ansible INFO| |
2025-12-15 16:00:07,828 p=27749 u=maharavo n=ansible INFO| /
2025-12-15 16:00:07,929 p=27749 u=maharavo n=ansible INFO| -
2025-12-15 16:00:08,030 p=27749 u=maharavo n=ansible INFO| \
2025-12-15 16:00:08,130 p=27749 u=maharavo n=ansible INFO| |
2025-12-15 16:00:08,231 p=27749 u=maharavo n=ansible INFO| /
2025-12-15 16:00:08,331 p=27749 u=maharavo n=ansible INFO| -
2025-12-15 16:00:08,432 p=27749 u=maharavo n=ansible INFO| \
2025-12-15 16:00:08,532 p=27749 u=maharavo n=ansible INFO| |
2025-12-15 16:00:08,633 p=27749 u=maharavo n=ansible INFO| /
2025-12-15 16:00:08,733 p=27749 u=maharavo n=ansible INFO| -
2025-12-15 16:00:08,833 p=27749 u=maharavo n=ansible INFO| \
2025-12-15 16:00:08,934 p=27749 u=maharavo n=ansible INFO| |
2025-12-15 16:00:09,034 p=27749 u=maharavo n=ansible INFO| /
2025-12-15 16:00:09,134 p=27749 u=maharavo n=ansible INFO| -
2025-12-15 16:00:09,235 p=27749 u=maharavo n=ansible INFO| \
2025-12-15 16:00:09,335 p=27749 u=maharavo n=ansible INFO| |
2025-12-15 16:00:09,436 p=27749 u=maharavo n=ansible INFO| /
2025-12-15 16:00:09,536 p=27749 u=maharavo n=ansible INFO| -
2025-12-15 16:00:09,636 p=27749 u=maharavo n=ansible INFO| \
2025-12-15 16:00:09,737 p=27749 u=maharavo n=ansible INFO| |
2025-12-15 16:00:09,837 p=27749 u=maharavo n=ansible INFO| /
2025-12-15 16:00:09,938 p=27749 u=maharavo n=ansible INFO| -
2025-12-15 16:00:10,038 p=27749 u=maharavo n=ansible INFO| \
2025-12-15 16:00:10,139 p=27749 u=maharavo n=ansible INFO| |
2025-12-15 16:00:10,240 p=27749 u=maharavo n=ansible INFO| /
2025-12-15 16:00:10,341 p=27749 u=maharavo n=ansible INFO| -
2025-12-15 16:00:10,441 p=27749 u=maharavo n=ansible INFO| \
2025-12-15 16:00:10,542 p=27749 u=maharavo n=ansible INFO| |
2025-12-15 16:00:10,643 p=27749 u=maharavo n=ansible INFO| /
2025-12-15 16:00:10,744 p=27749 u=maharavo n=ansible INFO| -
2025-12-15 16:00:10,845 p=27749 u=maharavo n=ansible INFO| \
2025-12-15 16:00:10,945 p=27749 u=maharavo n=ansible INFO| |
2025-12-15 16:00:11,046 p=27749 u=maharavo n=ansible INFO| /
2025-12-15 16:00:11,146 p=27749 u=maharavo n=ansible INFO| -
2025-12-15 16:00:11,247 p=27749 u=maharavo n=ansible INFO| \
2025-12-15 16:00:11,347 p=27749 u=maharavo n=ansible INFO| |
2025-12-15 16:00:11,448 p=27749 u=maharavo n=ansible INFO| /
2025-12-15 16:00:11,549 p=27749 u=maharavo n=ansible INFO| -
2025-12-15 16:00:11,649 p=27749 u=maharavo n=ansible INFO| \
2025-12-15 16:00:11,750 p=27749 u=maharavo n=ansible INFO| |
2025-12-15 16:00:11,850 p=27749 u=maharavo n=ansible INFO| /
2025-12-15 16:00:11,951 p=27749 u=maharavo n=ansible INFO| -
2025-12-15 16:00:12,051 p=27749 u=maharavo n=ansible INFO| \
2025-12-15 16:00:12,152 p=27749 u=maharavo n=ansible INFO| |
2025-12-15 16:00:12,252 p=27749 u=maharavo n=ansible INFO| /
2025-12-15 16:00:12,353 p=27749 u=maharavo n=ansible INFO| -
2025-12-15 16:00:12,453 p=27749 u=maharavo n=ansible INFO| \
2025-12-15 16:00:12,553 p=27749 u=maharavo n=ansible INFO| |
2025-12-15 16:00:12,654 p=27749 u=maharavo n=ansible INFO| /
2025-12-15 16:00:12,754 p=27749 u=maharavo n=ansible INFO| -
2025-12-15 16:00:12,855 p=27749 u=maharavo n=ansible INFO| \
2025-12-15 16:00:12,956 p=27749 u=maharavo n=ansible INFO| |
2025-12-15 16:00:13,057 p=27749 u=maharavo n=ansible INFO| /
2025-12-15 16:00:13,157 p=27749 u=maharavo n=ansible INFO| -
2025-12-15 16:00:13,258 p=27749 u=maharavo n=ansible INFO| \
2025-12-15 16:00:13,358 p=27749 u=maharavo n=ansible INFO| |
2025-12-15 16:00:13,459 p=27749 u=maharavo n=ansible INFO| /
2025-12-15 16:00:13,560 p=27749 u=maharavo n=ansible INFO| -
2025-12-15 16:00:13,661 p=27749 u=maharavo n=ansible INFO| \
2025-12-15 16:00:13,764 p=27749 u=maharavo n=ansible INFO| |
2025-12-15 16:00:13,864 p=27749 u=maharavo n=ansible INFO| /
2025-12-15 16:00:13,967 p=27749 u=maharavo n=ansible INFO| -
2025-12-15 16:00:14,067 p=27749 u=maharavo n=ansible INFO| \
2025-12-15 16:00:14,167 p=27749 u=maharavo n=ansible INFO| |
2025-12-15 16:00:14,268 p=27749 u=maharavo n=ansible INFO| /
2025-12-15 16:00:14,368 p=27749 u=maharavo n=ansible INFO| -
2025-12-15 16:00:14,468 p=27749 u=maharavo n=ansible INFO| \
2025-12-15 16:00:14,569 p=27749 u=maharavo n=ansible INFO| |
2025-12-15 16:00:14,669 p=27749 u=maharavo n=ansible INFO| /
2025-12-15 16:00:14,770 p=27749 u=maharavo n=ansible INFO| -
2025-12-15 16:00:14,870 p=27749 u=maharavo n=ansible INFO| \
2025-12-15 16:00:14,971 p=27749 u=maharavo n=ansible INFO| |
2025-12-15 16:00:15,071 p=27749 u=maharavo n=ansible INFO| /
2025-12-15 16:00:15,172 p=27749 u=maharavo n=ansible INFO| -
2025-12-15 16:00:15,273 p=27749 u=maharavo n=ansible INFO| \
2025-12-15 16:00:15,373 p=27749 u=maharavo n=ansible INFO| |
2025-12-15 16:00:15,473 p=27749 u=maharavo n=ansible INFO| /
2025-12-15 16:00:15,575 p=27749 u=maharavo n=ansible INFO| -
2025-12-15 16:00:15,676 p=27749 u=maharavo n=ansible INFO| \
2025-12-15 16:00:15,777 p=27749 u=maharavo n=ansible INFO| |
2025-12-15 16:00:15,877 p=27749 u=maharavo n=ansible INFO| /
2025-12-15 16:00:15,977 p=27749 u=maharavo n=ansible INFO| -
2025-12-15 16:00:16,078 p=27749 u=maharavo n=ansible INFO| \
2025-12-15 16:00:16,178 p=27749 u=maharavo n=ansible INFO| |
2025-12-15 16:00:16,279 p=27749 u=maharavo n=ansible INFO| /
2025-12-15 16:00:16,379 p=27749 u=maharavo n=ansible INFO| -
2025-12-15 16:00:16,479 p=27749 u=maharavo n=ansible INFO| \
2025-12-15 16:00:16,580 p=27749 u=maharavo n=ansible INFO| |
2025-12-15 16:00:16,681 p=27749 u=maharavo n=ansible INFO| /
2025-12-15 16:00:16,781 p=27749 u=maharavo n=ansible INFO| -
2025-12-15 16:00:16,882 p=27749 u=maharavo n=ansible INFO| \
2025-12-15 16:00:16,982 p=27749 u=maharavo n=ansible INFO| |
2025-12-15 16:00:17,083 p=27749 u=maharavo n=ansible INFO| /
2025-12-15 16:00:17,183 p=27749 u=maharavo n=ansible INFO| -
2025-12-15 16:00:17,284 p=27749 u=maharavo n=ansible INFO| \
2025-12-15 16:00:17,384 p=27749 u=maharavo n=ansible INFO| |
2025-12-15 16:00:17,485 p=27749 u=maharavo n=ansible INFO| /
2025-12-15 16:00:17,585 p=27749 u=maharavo n=ansible INFO| -
2025-12-15 16:00:17,685 p=27749 u=maharavo n=ansible INFO| \
2025-12-15 16:00:17,786 p=27749 u=maharavo n=ansible INFO| |
2025-12-15 16:00:17,886 p=27749 u=maharavo n=ansible INFO| /
2025-12-15 16:00:17,987 p=27749 u=maharavo n=ansible INFO| -
2025-12-15 16:00:18,087 p=27749 u=maharavo n=ansible INFO| \
2025-12-15 16:00:18,187 p=27749 u=maharavo n=ansible INFO| |
2025-12-15 16:00:18,288 p=27749 u=maharavo n=ansible INFO| /
2025-12-15 16:00:18,389 p=27749 u=maharavo n=ansible INFO| -
2025-12-15 16:00:18,490 p=27749 u=maharavo n=ansible INFO| \
2025-12-15 16:00:18,590 p=27749 u=maharavo n=ansible INFO| |
2025-12-15 16:00:18,691 p=27749 u=maharavo n=ansible INFO| /
2025-12-15 16:00:18,791 p=27749 u=maharavo n=ansible INFO| -
2025-12-15 16:00:18,892 p=27749 u=maharavo n=ansible INFO| \
2025-12-15 16:00:18,992 p=27749 u=maharavo n=ansible INFO| |
2025-12-15 16:00:19,092 p=27749 u=maharavo n=ansible INFO| /
2025-12-15 16:00:19,193 p=27749 u=maharavo n=ansible INFO| -
2025-12-15 16:00:19,294 p=27749 u=maharavo n=ansible INFO| \
2025-12-15 16:00:19,395 p=27749 u=maharavo n=ansible INFO| |
2025-12-15 16:00:19,495 p=27749 u=maharavo n=ansible INFO| /
2025-12-15 16:00:19,596 p=27749 u=maharavo n=ansible INFO| -
2025-12-15 16:00:19,696 p=27749 u=maharavo n=ansible INFO| \
2025-12-15 16:00:19,797 p=27749 u=maharavo n=ansible INFO| |
2025-12-15 16:00:19,897 p=27749 u=maharavo n=ansible INFO| /
2025-12-15 16:00:19,998 p=27749 u=maharavo n=ansible INFO| -
2025-12-15 16:00:20,099 p=27749 u=maharavo n=ansible INFO| \
2025-12-15 16:00:20,199 p=27749 u=maharavo n=ansible INFO| |
2025-12-15 16:00:20,300 p=27749 u=maharavo n=ansible INFO| /
2025-12-15 16:00:20,400 p=27749 u=maharavo n=ansible INFO| -
2025-12-15 16:00:20,500 p=27749 u=maharavo n=ansible INFO| \
2025-12-15 16:00:20,601 p=27749 u=maharavo n=ansible INFO| |
2025-12-15 16:00:20,701 p=27749 u=maharavo n=ansible INFO| /
2025-12-15 16:00:20,802 p=27749 u=maharavo n=ansible INFO| -
2025-12-15 16:00:20,902 p=27749 u=maharavo n=ansible INFO| \
2025-12-15 16:00:21,002 p=27749 u=maharavo n=ansible INFO| |
2025-12-15 16:00:21,103 p=27749 u=maharavo n=ansible INFO| /
2025-12-15 16:00:21,203 p=27749 u=maharavo n=ansible INFO| -
2025-12-15 16:00:21,304 p=27749 u=maharavo n=ansible INFO| \
2025-12-15 16:00:21,404 p=27749 u=maharavo n=ansible INFO| |
2025-12-15 16:00:21,505 p=27749 u=maharavo n=ansible INFO| /
2025-12-15 16:00:21,605 p=27749 u=maharavo n=ansible INFO| -
2025-12-15 16:00:21,706 p=27749 u=maharavo n=ansible INFO| \
2025-12-15 16:00:21,806 p=27749 u=maharavo n=ansible INFO| |
2025-12-15 16:00:21,906 p=27749 u=maharavo n=ansible INFO| /
2025-12-15 16:00:22,007 p=27749 u=maharavo n=ansible INFO| -
2025-12-15 16:00:22,107 p=27749 u=maharavo n=ansible INFO| \
2025-12-15 16:00:22,208 p=27749 u=maharavo n=ansible INFO| |
2025-12-15 16:00:22,309 p=27749 u=maharavo n=ansible INFO| /
2025-12-15 16:00:22,410 p=27749 u=maharavo n=ansible INFO| -
2025-12-15 16:00:22,510 p=27749 u=maharavo n=ansible INFO| \
2025-12-15 16:00:22,611 p=27749 u=maharavo n=ansible INFO| |
2025-12-15 16:00:22,711 p=27749 u=maharavo n=ansible INFO| /
2025-12-15 16:00:22,812 p=27749 u=maharavo n=ansible INFO| -
2025-12-15 16:00:22,913 p=27749 u=maharavo n=ansible INFO| \
2025-12-15 16:00:23,013 p=27749 u=maharavo n=ansible INFO| |
2025-12-15 16:00:23,114 p=27749 u=maharavo n=ansible INFO| /
2025-12-15 16:00:23,215 p=27749 u=maharavo n=ansible INFO| -
2025-12-15 16:00:23,315 p=27749 u=maharavo n=ansible INFO| \
2025-12-15 16:00:23,416 p=27749 u=maharavo n=ansible INFO| |
2025-12-15 16:00:23,516 p=27749 u=maharavo n=ansible INFO| /
2025-12-15 16:00:23,616 p=27749 u=maharavo n=ansible INFO| -
2025-12-15 16:00:23,717 p=27749 u=maharavo n=ansible INFO| \
2025-12-15 16:00:23,817 p=27749 u=maharavo n=ansible INFO| |
2025-12-15 16:00:23,917 p=27749 u=maharavo n=ansible INFO| /
2025-12-15 16:00:24,018 p=27749 u=maharavo n=ansible INFO| -
2025-12-15 16:00:24,118 p=27749 u=maharavo n=ansible INFO| \
2025-12-15 16:00:24,218 p=27749 u=maharavo n=ansible INFO| |
2025-12-15 16:00:24,319 p=27749 u=maharavo n=ansible INFO| /
2025-12-15 16:00:24,419 p=27749 u=maharavo n=ansible INFO| -
2025-12-15 16:00:24,520 p=27749 u=maharavo n=ansible INFO| \
2025-12-15 16:00:24,621 p=27749 u=maharavo n=ansible INFO| Starting collection install process
2025-12-15 16:00:24,621 p=27749 u=maharavo n=ansible INFO| |
2025-12-15 16:00:24,637 p=27749 u=maharavo n=ansible INFO| Downloading https://galaxy.ansible.com/api/v3/plugin/ansible/content/published/collections/artifacts/community-general-12.1.0.tar.gz to /home/maharavo/.ansible/tmp/ansible-local-277490240e837/tmpfoogw10z/community-general-12.1.0-0cchka4o
2025-12-15 16:00:24,722 p=27749 u=maharavo n=ansible INFO| /
2025-12-15 16:00:24,822 p=27749 u=maharavo n=ansible INFO| -
2025-12-15 16:00:24,923 p=27749 u=maharavo n=ansible INFO| \
2025-12-15 16:00:25,023 p=27749 u=maharavo n=ansible INFO| |
2025-12-15 16:00:25,124 p=27749 u=maharavo n=ansible INFO| /
2025-12-15 16:00:25,225 p=27749 u=maharavo n=ansible INFO| -
2025-12-15 16:00:25,326 p=27749 u=maharavo n=ansible INFO| \
2025-12-15 16:00:25,428 p=27749 u=maharavo n=ansible INFO| |
2025-12-15 16:00:25,529 p=27749 u=maharavo n=ansible INFO| /
2025-12-15 16:00:25,629 p=27749 u=maharavo n=ansible INFO| -
2025-12-15 16:00:25,730 p=27749 u=maharavo n=ansible INFO| \
2025-12-15 16:00:25,831 p=27749 u=maharavo n=ansible INFO| |
2025-12-15 16:00:25,931 p=27749 u=maharavo n=ansible INFO| /
2025-12-15 16:00:26,032 p=27749 u=maharavo n=ansible INFO| -
2025-12-15 16:00:26,132 p=27749 u=maharavo n=ansible INFO| \
2025-12-15 16:00:26,232 p=27749 u=maharavo n=ansible INFO| |
2025-12-15 16:00:26,333 p=27749 u=maharavo n=ansible INFO| /
2025-12-15 16:00:26,434 p=27749 u=maharavo n=ansible INFO| -
2025-12-15 16:00:26,534 p=27749 u=maharavo n=ansible INFO| \
2025-12-15 16:00:26,634 p=27749 u=maharavo n=ansible INFO| |
2025-12-15 16:00:26,735 p=27749 u=maharavo n=ansible INFO| /
2025-12-15 16:00:26,835 p=27749 u=maharavo n=ansible INFO| -
2025-12-15 16:00:26,936 p=27749 u=maharavo n=ansible INFO| \
2025-12-15 16:00:27,036 p=27749 u=maharavo n=ansible INFO| |
2025-12-15 16:00:27,137 p=27749 u=maharavo n=ansible INFO| /
2025-12-15 16:00:27,238 p=27749 u=maharavo n=ansible INFO| -
2025-12-15 16:00:27,338 p=27749 u=maharavo n=ansible INFO| \
2025-12-15 16:00:27,439 p=27749 u=maharavo n=ansible INFO| |
2025-12-15 16:00:27,540 p=27749 u=maharavo n=ansible INFO| /
2025-12-15 16:00:27,640 p=27749 u=maharavo n=ansible INFO| -
2025-12-15 16:00:27,741 p=27749 u=maharavo n=ansible INFO| \
2025-12-15 16:00:27,842 p=27749 u=maharavo n=ansible INFO| |
2025-12-15 16:00:27,943 p=27749 u=maharavo n=ansible INFO| /
2025-12-15 16:00:28,044 p=27749 u=maharavo n=ansible INFO| -
2025-12-15 16:00:28,145 p=27749 u=maharavo n=ansible INFO| \
2025-12-15 16:00:28,245 p=27749 u=maharavo n=ansible INFO| |
2025-12-15 16:00:28,346 p=27749 u=maharavo n=ansible INFO| /
2025-12-15 16:00:28,446 p=27749 u=maharavo n=ansible INFO| -
2025-12-15 16:00:28,547 p=27749 u=maharavo n=ansible INFO| \
2025-12-15 16:00:28,647 p=27749 u=maharavo n=ansible INFO| |
2025-12-15 16:00:28,748 p=27749 u=maharavo n=ansible INFO| /
2025-12-15 16:00:28,848 p=27749 u=maharavo n=ansible INFO| -
2025-12-15 16:00:28,949 p=27749 u=maharavo n=ansible INFO| \
2025-12-15 16:00:29,049 p=27749 u=maharavo n=ansible INFO| |
2025-12-15 16:00:29,149 p=27749 u=maharavo n=ansible INFO| /
2025-12-15 16:00:29,250 p=27749 u=maharavo n=ansible INFO| -
2025-12-15 16:00:29,350 p=27749 u=maharavo n=ansible INFO| \
2025-12-15 16:00:29,450 p=27749 u=maharavo n=ansible INFO| |
2025-12-15 16:00:29,551 p=27749 u=maharavo n=ansible INFO| /
2025-12-15 16:00:29,651 p=27749 u=maharavo n=ansible INFO| -
2025-12-15 16:00:29,752 p=27749 u=maharavo n=ansible INFO| \
2025-12-15 16:00:29,852 p=27749 u=maharavo n=ansible INFO| |
2025-12-15 16:00:29,953 p=27749 u=maharavo n=ansible INFO| /
2025-12-15 16:00:30,053 p=27749 u=maharavo n=ansible INFO| -
2025-12-15 16:00:30,154 p=27749 u=maharavo n=ansible INFO| \
2025-12-15 16:00:30,255 p=27749 u=maharavo n=ansible INFO| |
2025-12-15 16:00:30,356 p=27749 u=maharavo n=ansible INFO| /
2025-12-15 16:00:30,456 p=27749 u=maharavo n=ansible INFO| -
2025-12-15 16:00:30,557 p=27749 u=maharavo n=ansible INFO| \
2025-12-15 16:00:30,658 p=27749 u=maharavo n=ansible INFO| |
2025-12-15 16:00:30,758 p=27749 u=maharavo n=ansible INFO| /
2025-12-15 16:00:30,859 p=27749 u=maharavo n=ansible INFO| -
2025-12-15 16:00:30,960 p=27749 u=maharavo n=ansible INFO| \
2025-12-15 16:00:31,061 p=27749 u=maharavo n=ansible INFO| |
2025-12-15 16:00:31,161 p=27749 u=maharavo n=ansible INFO| /
2025-12-15 16:00:31,262 p=27749 u=maharavo n=ansible INFO| -
2025-12-15 16:00:31,362 p=27749 u=maharavo n=ansible INFO| \
2025-12-15 16:00:31,463 p=27749 u=maharavo n=ansible INFO| |
2025-12-15 16:00:31,563 p=27749 u=maharavo n=ansible INFO| /
2025-12-15 16:00:31,664 p=27749 u=maharavo n=ansible INFO| -
2025-12-15 16:00:31,765 p=27749 u=maharavo n=ansible INFO| \
2025-12-15 16:00:31,866 p=27749 u=maharavo n=ansible INFO| |
2025-12-15 16:00:31,967 p=27749 u=maharavo n=ansible INFO| /
2025-12-15 16:00:32,067 p=27749 u=maharavo n=ansible INFO| -
2025-12-15 16:00:32,167 p=27749 u=maharavo n=ansible INFO| \
2025-12-15 16:00:32,268 p=27749 u=maharavo n=ansible INFO| |
2025-12-15 16:00:32,368 p=27749 u=maharavo n=ansible INFO| /
2025-12-15 16:00:32,469 p=27749 u=maharavo n=ansible INFO| -
2025-12-15 16:00:32,570 p=27749 u=maharavo n=ansible INFO| \
2025-12-15 16:00:32,670 p=27749 u=maharavo n=ansible INFO| |
2025-12-15 16:00:32,771 p=27749 u=maharavo n=ansible INFO| /
2025-12-15 16:00:32,871 p=27749 u=maharavo n=ansible INFO| -
2025-12-15 16:00:32,972 p=27749 u=maharavo n=ansible INFO| \
2025-12-15 16:00:33,072 p=27749 u=maharavo n=ansible INFO| |
2025-12-15 16:00:33,173 p=27749 u=maharavo n=ansible INFO| /
2025-12-15 16:00:33,273 p=27749 u=maharavo n=ansible INFO| -
2025-12-15 16:00:33,374 p=27749 u=maharavo n=ansible INFO| \
2025-12-15 16:00:33,475 p=27749 u=maharavo n=ansible INFO| |
2025-12-15 16:00:33,575 p=27749 u=maharavo n=ansible INFO| /
2025-12-15 16:00:33,676 p=27749 u=maharavo n=ansible INFO| -
2025-12-15 16:00:33,776 p=27749 u=maharavo n=ansible INFO| \
2025-12-15 16:00:33,876 p=27749 u=maharavo n=ansible INFO| |
2025-12-15 16:00:33,977 p=27749 u=maharavo n=ansible INFO| /
2025-12-15 16:00:34,077 p=27749 u=maharavo n=ansible INFO| -
2025-12-15 16:00:34,178 p=27749 u=maharavo n=ansible INFO| \
2025-12-15 16:00:34,279 p=27749 u=maharavo n=ansible INFO| |
2025-12-15 16:00:34,380 p=27749 u=maharavo n=ansible INFO| /
2025-12-15 16:00:34,480 p=27749 u=maharavo n=ansible INFO| -
2025-12-15 16:00:34,581 p=27749 u=maharavo n=ansible INFO| \
2025-12-15 16:00:34,681 p=27749 u=maharavo n=ansible INFO| |
2025-12-15 16:00:34,781 p=27749 u=maharavo n=ansible INFO| /
2025-12-15 16:00:34,882 p=27749 u=maharavo n=ansible INFO| -
2025-12-15 16:00:34,982 p=27749 u=maharavo n=ansible INFO| \
2025-12-15 16:00:35,083 p=27749 u=maharavo n=ansible INFO| |
2025-12-15 16:00:35,183 p=27749 u=maharavo n=ansible INFO| /
2025-12-15 16:00:35,284 p=27749 u=maharavo n=ansible INFO| -
2025-12-15 16:00:35,384 p=27749 u=maharavo n=ansible INFO| \
2025-12-15 16:00:35,485 p=27749 u=maharavo n=ansible INFO| |
2025-12-15 16:00:35,585 p=27749 u=maharavo n=ansible INFO| /
2025-12-15 16:00:35,686 p=27749 u=maharavo n=ansible INFO| -
2025-12-15 16:00:35,786 p=27749 u=maharavo n=ansible INFO| \
2025-12-15 16:00:35,887 p=27749 u=maharavo n=ansible INFO| |
2025-12-15 16:00:35,987 p=27749 u=maharavo n=ansible INFO| /
2025-12-15 16:00:36,087 p=27749 u=maharavo n=ansible INFO| -
2025-12-15 16:00:36,187 p=27749 u=maharavo n=ansible INFO| \
2025-12-15 16:00:36,288 p=27749 u=maharavo n=ansible INFO| |
2025-12-15 16:00:36,388 p=27749 u=maharavo n=ansible INFO| /
2025-12-15 16:00:36,489 p=27749 u=maharavo n=ansible INFO| -
2025-12-15 16:00:36,589 p=27749 u=maharavo n=ansible INFO| \
2025-12-15 16:00:36,690 p=27749 u=maharavo n=ansible INFO| |
2025-12-15 16:00:36,790 p=27749 u=maharavo n=ansible INFO| /
2025-12-15 16:00:36,890 p=27749 u=maharavo n=ansible INFO| -
2025-12-15 16:00:36,991 p=27749 u=maharavo n=ansible INFO| \
2025-12-15 16:00:37,091 p=27749 u=maharavo n=ansible INFO| |
2025-12-15 16:00:37,192 p=27749 u=maharavo n=ansible INFO| /
2025-12-15 16:00:37,292 p=27749 u=maharavo n=ansible INFO| -
2025-12-15 16:00:37,392 p=27749 u=maharavo n=ansible INFO| \
2025-12-15 16:00:37,493 p=27749 u=maharavo n=ansible INFO| |
2025-12-15 16:00:37,593 p=27749 u=maharavo n=ansible INFO| /
2025-12-15 16:00:37,693 p=27749 u=maharavo n=ansible INFO| -
2025-12-15 16:00:37,794 p=27749 u=maharavo n=ansible INFO| \
2025-12-15 16:00:37,894 p=27749 u=maharavo n=ansible INFO| |
2025-12-15 16:00:37,995 p=27749 u=maharavo n=ansible INFO| /
2025-12-15 16:00:38,095 p=27749 u=maharavo n=ansible INFO| -
2025-12-15 16:00:38,196 p=27749 u=maharavo n=ansible INFO| \
2025-12-15 16:00:38,296 p=27749 u=maharavo n=ansible INFO| |
2025-12-15 16:00:38,397 p=27749 u=maharavo n=ansible INFO| /
2025-12-15 16:00:38,497 p=27749 u=maharavo n=ansible INFO| -
2025-12-15 16:00:38,597 p=27749 u=maharavo n=ansible INFO| \
2025-12-15 16:00:38,698 p=27749 u=maharavo n=ansible INFO| |
2025-12-15 16:00:38,798 p=27749 u=maharavo n=ansible INFO| /
2025-12-15 16:00:38,898 p=27749 u=maharavo n=ansible INFO| -
2025-12-15 16:00:38,999 p=27749 u=maharavo n=ansible INFO| \
2025-12-15 16:00:39,099 p=27749 u=maharavo n=ansible INFO| |
2025-12-15 16:00:39,200 p=27749 u=maharavo n=ansible INFO| /
2025-12-15 16:00:39,300 p=27749 u=maharavo n=ansible INFO| -
2025-12-15 16:00:39,401 p=27749 u=maharavo n=ansible INFO| \
2025-12-15 16:00:39,501 p=27749 u=maharavo n=ansible INFO| |
2025-12-15 16:00:39,601 p=27749 u=maharavo n=ansible INFO| /
2025-12-15 16:00:39,702 p=27749 u=maharavo n=ansible INFO| -
2025-12-15 16:00:39,802 p=27749 u=maharavo n=ansible INFO| \
2025-12-15 16:00:39,902 p=27749 u=maharavo n=ansible INFO| |
2025-12-15 16:00:40,003 p=27749 u=maharavo n=ansible INFO| /
2025-12-15 16:00:40,103 p=27749 u=maharavo n=ansible INFO| -
2025-12-15 16:00:40,204 p=27749 u=maharavo n=ansible INFO| \
2025-12-15 16:00:40,304 p=27749 u=maharavo n=ansible INFO| |
2025-12-15 16:00:40,405 p=27749 u=maharavo n=ansible INFO| /
2025-12-15 16:00:40,505 p=27749 u=maharavo n=ansible INFO| -
2025-12-15 16:00:40,606 p=27749 u=maharavo n=ansible INFO| \
2025-12-15 16:00:40,706 p=27749 u=maharavo n=ansible INFO| |
2025-12-15 16:00:40,807 p=27749 u=maharavo n=ansible INFO| /
2025-12-15 16:00:40,907 p=27749 u=maharavo n=ansible INFO| -
2025-12-15 16:00:41,008 p=27749 u=maharavo n=ansible INFO| \
2025-12-15 16:00:41,108 p=27749 u=maharavo n=ansible INFO| |
2025-12-15 16:00:41,209 p=27749 u=maharavo n=ansible INFO| /
2025-12-15 16:00:41,309 p=27749 u=maharavo n=ansible INFO| -
2025-12-15 16:00:41,410 p=27749 u=maharavo n=ansible INFO| \
2025-12-15 16:00:41,510 p=27749 u=maharavo n=ansible INFO| |
2025-12-15 16:00:41,610 p=27749 u=maharavo n=ansible INFO| /
2025-12-15 16:00:41,711 p=27749 u=maharavo n=ansible INFO| -
2025-12-15 16:00:41,811 p=27749 u=maharavo n=ansible INFO| \
2025-12-15 16:00:41,911 p=27749 u=maharavo n=ansible INFO| |
2025-12-15 16:00:42,011 p=27749 u=maharavo n=ansible INFO| /
2025-12-15 16:00:42,112 p=27749 u=maharavo n=ansible INFO| -
2025-12-15 16:00:42,212 p=27749 u=maharavo n=ansible INFO| \
2025-12-15 16:00:42,312 p=27749 u=maharavo n=ansible INFO| |
2025-12-15 16:00:42,413 p=27749 u=maharavo n=ansible INFO| /
2025-12-15 16:00:42,513 p=27749 u=maharavo n=ansible INFO| -
2025-12-15 16:00:42,614 p=27749 u=maharavo n=ansible INFO| \
2025-12-15 16:00:42,714 p=27749 u=maharavo n=ansible INFO| |
2025-12-15 16:00:42,815 p=27749 u=maharavo n=ansible INFO| /
2025-12-15 16:00:42,915 p=27749 u=maharavo n=ansible INFO| -
2025-12-15 16:00:43,015 p=27749 u=maharavo n=ansible INFO| \
2025-12-15 16:00:43,116 p=27749 u=maharavo n=ansible INFO| |
2025-12-15 16:00:43,216 p=27749 u=maharavo n=ansible INFO| /
2025-12-15 16:00:43,316 p=27749 u=maharavo n=ansible INFO| -
2025-12-15 16:00:43,417 p=27749 u=maharavo n=ansible INFO| \
2025-12-15 16:00:43,517 p=27749 u=maharavo n=ansible INFO| |
2025-12-15 16:00:43,618 p=27749 u=maharavo n=ansible INFO| /
2025-12-15 16:00:43,718 p=27749 u=maharavo n=ansible INFO| -
2025-12-15 16:00:43,818 p=27749 u=maharavo n=ansible INFO| \
2025-12-15 16:00:43,919 p=27749 u=maharavo n=ansible INFO| |
2025-12-15 16:00:44,019 p=27749 u=maharavo n=ansible INFO| /
2025-12-15 16:00:44,120 p=27749 u=maharavo n=ansible INFO| -
2025-12-15 16:00:44,220 p=27749 u=maharavo n=ansible INFO| \
2025-12-15 16:00:44,321 p=27749 u=maharavo n=ansible INFO| |
2025-12-15 16:00:44,421 p=27749 u=maharavo n=ansible INFO| /
2025-12-15 16:00:44,522 p=27749 u=maharavo n=ansible INFO| -
2025-12-15 16:00:44,622 p=27749 u=maharavo n=ansible INFO| \
2025-12-15 16:00:44,722 p=27749 u=maharavo n=ansible INFO| |
2025-12-15 16:00:44,823 p=27749 u=maharavo n=ansible INFO| /
2025-12-15 16:00:44,923 p=27749 u=maharavo n=ansible INFO| -
2025-12-15 16:00:45,024 p=27749 u=maharavo n=ansible INFO| \
2025-12-15 16:00:45,124 p=27749 u=maharavo n=ansible INFO| |
2025-12-15 16:00:45,225 p=27749 u=maharavo n=ansible INFO| /
2025-12-15 16:00:45,325 p=27749 u=maharavo n=ansible INFO| -
2025-12-15 16:00:45,426 p=27749 u=maharavo n=ansible INFO| \
2025-12-15 16:00:45,526 p=27749 u=maharavo n=ansible INFO| |
2025-12-15 16:00:45,627 p=27749 u=maharavo n=ansible INFO| /
2025-12-15 16:00:45,727 p=27749 u=maharavo n=ansible INFO| -
2025-12-15 16:00:45,828 p=27749 u=maharavo n=ansible INFO| \
2025-12-15 16:00:45,928 p=27749 u=maharavo n=ansible INFO| |
2025-12-15 16:00:46,028 p=27749 u=maharavo n=ansible INFO| /
2025-12-15 16:00:46,128 p=27749 u=maharavo n=ansible INFO| -
2025-12-15 16:00:46,229 p=27749 u=maharavo n=ansible INFO| \
2025-12-15 16:00:46,329 p=27749 u=maharavo n=ansible INFO| |
2025-12-15 16:00:46,429 p=27749 u=maharavo n=ansible INFO| /
2025-12-15 16:00:46,530 p=27749 u=maharavo n=ansible INFO| -
2025-12-15 16:00:46,630 p=27749 u=maharavo n=ansible INFO| \
2025-12-15 16:00:46,730 p=27749 u=maharavo n=ansible INFO| |
2025-12-15 16:00:46,831 p=27749 u=maharavo n=ansible INFO| /
2025-12-15 16:00:46,931 p=27749 u=maharavo n=ansible INFO| -
2025-12-15 16:00:47,031 p=27749 u=maharavo n=ansible INFO| \
2025-12-15 16:00:47,133 p=27749 u=maharavo n=ansible INFO| |
2025-12-15 16:00:47,233 p=27749 u=maharavo n=ansible INFO| /
2025-12-15 16:00:47,334 p=27749 u=maharavo n=ansible INFO| -
2025-12-15 16:00:47,434 p=27749 u=maharavo n=ansible INFO| \
2025-12-15 16:00:47,535 p=27749 u=maharavo n=ansible INFO| |
2025-12-15 16:00:47,635 p=27749 u=maharavo n=ansible INFO| /
2025-12-15 16:00:47,736 p=27749 u=maharavo n=ansible INFO| -
2025-12-15 16:00:47,837 p=27749 u=maharavo n=ansible INFO| \
2025-12-15 16:00:47,938 p=27749 u=maharavo n=ansible INFO| |
2025-12-15 16:00:48,038 p=27749 u=maharavo n=ansible INFO| /
2025-12-15 16:00:48,139 p=27749 u=maharavo n=ansible INFO| -
2025-12-15 16:00:48,240 p=27749 u=maharavo n=ansible INFO| \
2025-12-15 16:00:48,340 p=27749 u=maharavo n=ansible INFO| |
2025-12-15 16:00:48,441 p=27749 u=maharavo n=ansible INFO| /
2025-12-15 16:00:48,541 p=27749 u=maharavo n=ansible INFO| -
2025-12-15 16:00:48,642 p=27749 u=maharavo n=ansible INFO| \
2025-12-15 16:00:48,742 p=27749 u=maharavo n=ansible INFO| |
2025-12-15 16:00:48,843 p=27749 u=maharavo n=ansible INFO| /
2025-12-15 16:00:48,944 p=27749 u=maharavo n=ansible INFO| -
2025-12-15 16:00:49,044 p=27749 u=maharavo n=ansible INFO| \
2025-12-15 16:00:49,144 p=27749 u=maharavo n=ansible INFO| |
2025-12-15 16:00:49,245 p=27749 u=maharavo n=ansible INFO| /
2025-12-15 16:00:49,345 p=27749 u=maharavo n=ansible INFO| -
2025-12-15 16:00:49,446 p=27749 u=maharavo n=ansible INFO| \
2025-12-15 16:00:49,546 p=27749 u=maharavo n=ansible INFO| |
2025-12-15 16:00:49,647 p=27749 u=maharavo n=ansible INFO| /
2025-12-15 16:00:49,747 p=27749 u=maharavo n=ansible INFO| -
2025-12-15 16:00:49,848 p=27749 u=maharavo n=ansible INFO| \
2025-12-15 16:00:49,948 p=27749 u=maharavo n=ansible INFO| |
2025-12-15 16:00:50,048 p=27749 u=maharavo n=ansible INFO| /
2025-12-15 16:00:50,148 p=27749 u=maharavo n=ansible INFO| -
2025-12-15 16:00:50,249 p=27749 u=maharavo n=ansible INFO| \
2025-12-15 16:00:50,349 p=27749 u=maharavo n=ansible INFO| |
2025-12-15 16:00:50,449 p=27749 u=maharavo n=ansible INFO| /
2025-12-15 16:00:50,550 p=27749 u=maharavo n=ansible INFO| -
2025-12-15 16:00:50,650 p=27749 u=maharavo n=ansible INFO| \
2025-12-15 16:00:50,751 p=27749 u=maharavo n=ansible INFO| |
2025-12-15 16:00:50,851 p=27749 u=maharavo n=ansible INFO| /
2025-12-15 16:00:50,952 p=27749 u=maharavo n=ansible INFO| -
2025-12-15 16:00:51,052 p=27749 u=maharavo n=ansible INFO| \
2025-12-15 16:00:51,152 p=27749 u=maharavo n=ansible INFO| |
2025-12-15 16:00:51,253 p=27749 u=maharavo n=ansible INFO| /
2025-12-15 16:00:51,353 p=27749 u=maharavo n=ansible INFO| -
2025-12-15 16:00:51,453 p=27749 u=maharavo n=ansible INFO| \
2025-12-15 16:00:51,554 p=27749 u=maharavo n=ansible INFO| |
2025-12-15 16:00:51,654 p=27749 u=maharavo n=ansible INFO| /
2025-12-15 16:00:51,755 p=27749 u=maharavo n=ansible INFO| -
2025-12-15 16:00:51,855 p=27749 u=maharavo n=ansible INFO| \
2025-12-15 16:00:51,956 p=27749 u=maharavo n=ansible INFO| |
2025-12-15 16:00:52,056 p=27749 u=maharavo n=ansible INFO| /
2025-12-15 16:00:52,156 p=27749 u=maharavo n=ansible INFO| -
2025-12-15 16:00:52,257 p=27749 u=maharavo n=ansible INFO| \
2025-12-15 16:00:52,357 p=27749 u=maharavo n=ansible INFO| |
2025-12-15 16:00:52,458 p=27749 u=maharavo n=ansible INFO| /
2025-12-15 16:00:52,558 p=27749 u=maharavo n=ansible INFO| -
2025-12-15 16:00:52,659 p=27749 u=maharavo n=ansible INFO| \
2025-12-15 16:00:52,759 p=27749 u=maharavo n=ansible INFO| |
2025-12-15 16:00:52,860 p=27749 u=maharavo n=ansible INFO| /
2025-12-15 16:00:52,960 p=27749 u=maharavo n=ansible INFO| -
2025-12-15 16:00:53,061 p=27749 u=maharavo n=ansible INFO| \
2025-12-15 16:00:53,161 p=27749 u=maharavo n=ansible INFO| |
2025-12-15 16:00:53,262 p=27749 u=maharavo n=ansible INFO| /
2025-12-15 16:00:53,362 p=27749 u=maharavo n=ansible INFO| -
2025-12-15 16:00:53,463 p=27749 u=maharavo n=ansible INFO| \
2025-12-15 16:00:53,563 p=27749 u=maharavo n=ansible INFO| |
2025-12-15 16:00:53,664 p=27749 u=maharavo n=ansible INFO| /
2025-12-15 16:00:53,764 p=27749 u=maharavo n=ansible INFO| -
2025-12-15 16:00:53,865 p=27749 u=maharavo n=ansible INFO| \
2025-12-15 16:00:53,965 p=27749 u=maharavo n=ansible INFO| |
2025-12-15 16:00:54,066 p=27749 u=maharavo n=ansible INFO| /
2025-12-15 16:00:54,166 p=27749 u=maharavo n=ansible INFO| -
2025-12-15 16:00:54,267 p=27749 u=maharavo n=ansible INFO| \
2025-12-15 16:00:54,367 p=27749 u=maharavo n=ansible INFO| |
2025-12-15 16:00:54,467 p=27749 u=maharavo n=ansible INFO| /
2025-12-15 16:00:54,568 p=27749 u=maharavo n=ansible INFO| -
2025-12-15 16:00:54,668 p=27749 u=maharavo n=ansible INFO| \
2025-12-15 16:00:54,769 p=27749 u=maharavo n=ansible INFO| |
2025-12-15 16:00:54,869 p=27749 u=maharavo n=ansible INFO| /
2025-12-15 16:00:54,970 p=27749 u=maharavo n=ansible INFO| -
2025-12-15 16:00:55,071 p=27749 u=maharavo n=ansible INFO| \
2025-12-15 16:00:55,171 p=27749 u=maharavo n=ansible INFO| |
2025-12-15 16:00:55,272 p=27749 u=maharavo n=ansible INFO| /
2025-12-15 16:00:55,372 p=27749 u=maharavo n=ansible INFO| -
2025-12-15 16:00:55,473 p=27749 u=maharavo n=ansible INFO| \
2025-12-15 16:00:55,573 p=27749 u=maharavo n=ansible INFO| |
2025-12-15 16:00:55,674 p=27749 u=maharavo n=ansible INFO| /
2025-12-15 16:00:55,774 p=27749 u=maharavo n=ansible INFO| -
2025-12-15 16:00:55,875 p=27749 u=maharavo n=ansible INFO| \
2025-12-15 16:00:55,975 p=27749 u=maharavo n=ansible INFO| |
2025-12-15 16:00:56,076 p=27749 u=maharavo n=ansible INFO| /
2025-12-15 16:00:56,177 p=27749 u=maharavo n=ansible INFO| -
2025-12-15 16:00:56,277 p=27749 u=maharavo n=ansible INFO| \
2025-12-15 16:00:56,378 p=27749 u=maharavo n=ansible INFO| |
2025-12-15 16:00:56,478 p=27749 u=maharavo n=ansible INFO| /
2025-12-15 16:00:56,579 p=27749 u=maharavo n=ansible INFO| -
2025-12-15 16:00:56,679 p=27749 u=maharavo n=ansible INFO| \
2025-12-15 16:00:56,780 p=27749 u=maharavo n=ansible INFO| |
2025-12-15 16:00:56,880 p=27749 u=maharavo n=ansible INFO| /
2025-12-15 16:00:56,980 p=27749 u=maharavo n=ansible INFO| -
2025-12-15 16:00:57,081 p=27749 u=maharavo n=ansible INFO| \
2025-12-15 16:00:57,181 p=27749 u=maharavo n=ansible INFO| |
2025-12-15 16:00:57,282 p=27749 u=maharavo n=ansible INFO| /
2025-12-15 16:00:57,382 p=27749 u=maharavo n=ansible INFO| -
2025-12-15 16:00:57,482 p=27749 u=maharavo n=ansible INFO| \
2025-12-15 16:00:57,583 p=27749 u=maharavo n=ansible INFO| |
2025-12-15 16:00:57,683 p=27749 u=maharavo n=ansible INFO| /
2025-12-15 16:00:57,784 p=27749 u=maharavo n=ansible INFO| -
2025-12-15 16:00:57,884 p=27749 u=maharavo n=ansible INFO| \
2025-12-15 16:00:57,985 p=27749 u=maharavo n=ansible INFO| |
2025-12-15 16:00:58,085 p=27749 u=maharavo n=ansible INFO| /
2025-12-15 16:00:58,186 p=27749 u=maharavo n=ansible INFO| -
2025-12-15 16:00:58,287 p=27749 u=maharavo n=ansible INFO| \
2025-12-15 16:00:58,387 p=27749 u=maharavo n=ansible INFO| |
2025-12-15 16:00:58,487 p=27749 u=maharavo n=ansible INFO| /
2025-12-15 16:00:58,589 p=27749 u=maharavo n=ansible INFO| -
2025-12-15 16:00:58,689 p=27749 u=maharavo n=ansible INFO| \
2025-12-15 16:00:58,790 p=27749 u=maharavo n=ansible INFO| |
2025-12-15 16:00:58,890 p=27749 u=maharavo n=ansible INFO| /
2025-12-15 16:00:58,990 p=27749 u=maharavo n=ansible INFO| -
2025-12-15 16:00:59,090 p=27749 u=maharavo n=ansible INFO| \
2025-12-15 16:00:59,191 p=27749 u=maharavo n=ansible INFO| |
2025-12-15 16:00:59,292 p=27749 u=maharavo n=ansible INFO| /
2025-12-15 16:00:59,392 p=27749 u=maharavo n=ansible INFO| -
2025-12-15 16:00:59,493 p=27749 u=maharavo n=ansible INFO| \
2025-12-15 16:00:59,593 p=27749 u=maharavo n=ansible INFO| |
2025-12-15 16:00:59,694 p=27749 u=maharavo n=ansible INFO| /
2025-12-15 16:00:59,795 p=27749 u=maharavo n=ansible INFO| -
2025-12-15 16:00:59,895 p=27749 u=maharavo n=ansible INFO| \
2025-12-15 16:00:59,995 p=27749 u=maharavo n=ansible INFO| |
2025-12-15 16:01:00,096 p=27749 u=maharavo n=ansible INFO| /
2025-12-15 16:01:00,196 p=27749 u=maharavo n=ansible INFO| -
2025-12-15 16:01:00,297 p=27749 u=maharavo n=ansible INFO| \
2025-12-15 16:01:00,397 p=27749 u=maharavo n=ansible INFO| |
2025-12-15 16:01:00,498 p=27749 u=maharavo n=ansible INFO| /
2025-12-15 16:01:00,598 p=27749 u=maharavo n=ansible INFO| -
2025-12-15 16:01:00,699 p=27749 u=maharavo n=ansible INFO| \
2025-12-15 16:01:00,799 p=27749 u=maharavo n=ansible INFO| |
2025-12-15 16:01:00,900 p=27749 u=maharavo n=ansible INFO| /
2025-12-15 16:01:01,000 p=27749 u=maharavo n=ansible INFO| -
2025-12-15 16:01:01,101 p=27749 u=maharavo n=ansible INFO| \
2025-12-15 16:01:01,201 p=27749 u=maharavo n=ansible INFO| |
2025-12-15 16:01:01,301 p=27749 u=maharavo n=ansible INFO| /
2025-12-15 16:01:01,402 p=27749 u=maharavo n=ansible INFO| -
2025-12-15 16:01:01,502 p=27749 u=maharavo n=ansible INFO| \
2025-12-15 16:01:01,602 p=27749 u=maharavo n=ansible INFO| |
2025-12-15 16:01:01,703 p=27749 u=maharavo n=ansible INFO| /
2025-12-15 16:01:01,803 p=27749 u=maharavo n=ansible INFO| -
2025-12-15 16:01:01,904 p=27749 u=maharavo n=ansible INFO| \
2025-12-15 16:01:02,004 p=27749 u=maharavo n=ansible INFO| |
2025-12-15 16:01:02,105 p=27749 u=maharavo n=ansible INFO| /
2025-12-15 16:01:02,205 p=27749 u=maharavo n=ansible INFO| -
2025-12-15 16:01:02,306 p=27749 u=maharavo n=ansible INFO| \
2025-12-15 16:01:02,406 p=27749 u=maharavo n=ansible INFO| |
2025-12-15 16:01:02,507 p=27749 u=maharavo n=ansible INFO| /
2025-12-15 16:01:02,607 p=27749 u=maharavo n=ansible INFO| -
2025-12-15 16:01:02,708 p=27749 u=maharavo n=ansible INFO| \
2025-12-15 16:01:02,809 p=27749 u=maharavo n=ansible INFO| |
2025-12-15 16:01:02,909 p=27749 u=maharavo n=ansible INFO| /
2025-12-15 16:01:03,010 p=27749 u=maharavo n=ansible INFO| -
2025-12-15 16:01:03,110 p=27749 u=maharavo n=ansible INFO| \
2025-12-15 16:01:03,211 p=27749 u=maharavo n=ansible INFO| |
2025-12-15 16:01:03,311 p=27749 u=maharavo n=ansible INFO| /
2025-12-15 16:01:03,412 p=27749 u=maharavo n=ansible INFO| -
2025-12-15 16:01:03,513 p=27749 u=maharavo n=ansible INFO| \
2025-12-15 16:01:03,613 p=27749 u=maharavo n=ansible INFO| |
2025-12-15 16:01:03,714 p=27749 u=maharavo n=ansible INFO| /
2025-12-15 16:01:03,814 p=27749 u=maharavo n=ansible INFO| -
2025-12-15 16:01:03,914 p=27749 u=maharavo n=ansible INFO| \
2025-12-15 16:01:04,014 p=27749 u=maharavo n=ansible INFO| |
2025-12-15 16:01:04,115 p=27749 u=maharavo n=ansible INFO| /
2025-12-15 16:01:04,215 p=27749 u=maharavo n=ansible INFO| -
2025-12-15 16:01:04,316 p=27749 u=maharavo n=ansible INFO| \
2025-12-15 16:01:04,416 p=27749 u=maharavo n=ansible INFO| |
2025-12-15 16:01:04,517 p=27749 u=maharavo n=ansible INFO| /
2025-12-15 16:01:04,617 p=27749 u=maharavo n=ansible INFO| -
2025-12-15 16:01:04,717 p=27749 u=maharavo n=ansible INFO| \
2025-12-15 16:01:04,818 p=27749 u=maharavo n=ansible INFO| |
2025-12-15 16:01:04,918 p=27749 u=maharavo n=ansible INFO| /
2025-12-15 16:01:05,019 p=27749 u=maharavo n=ansible INFO| -
2025-12-15 16:01:05,119 p=27749 u=maharavo n=ansible INFO| \
2025-12-15 16:01:05,220 p=27749 u=maharavo n=ansible INFO| |
2025-12-15 16:01:05,320 p=27749 u=maharavo n=ansible INFO| /
2025-12-15 16:01:05,421 p=27749 u=maharavo n=ansible INFO| -
2025-12-15 16:01:05,521 p=27749 u=maharavo n=ansible INFO| \
2025-12-15 16:01:05,622 p=27749 u=maharavo n=ansible INFO| |
2025-12-15 16:01:05,722 p=27749 u=maharavo n=ansible INFO| /
2025-12-15 16:01:05,823 p=27749 u=maharavo n=ansible INFO| -
2025-12-15 16:01:05,923 p=27749 u=maharavo n=ansible INFO| \
2025-12-15 16:01:06,023 p=27749 u=maharavo n=ansible INFO| |
2025-12-15 16:01:06,123 p=27749 u=maharavo n=ansible INFO| /
2025-12-15 16:01:06,224 p=27749 u=maharavo n=ansible INFO| -
2025-12-15 16:01:06,324 p=27749 u=maharavo n=ansible INFO| \
2025-12-15 16:01:06,425 p=27749 u=maharavo n=ansible INFO| |
2025-12-15 16:01:06,525 p=27749 u=maharavo n=ansible INFO| /
2025-12-15 16:01:06,626 p=27749 u=maharavo n=ansible INFO| -
2025-12-15 16:01:06,726 p=27749 u=maharavo n=ansible INFO| \
2025-12-15 16:01:06,827 p=27749 u=maharavo n=ansible INFO| |
2025-12-15 16:01:06,927 p=27749 u=maharavo n=ansible INFO| /
2025-12-15 16:01:07,027 p=27749 u=maharavo n=ansible INFO| -
2025-12-15 16:01:07,128 p=27749 u=maharavo n=ansible INFO| \
2025-12-15 16:01:07,229 p=27749 u=maharavo n=ansible INFO| |
2025-12-15 16:01:07,329 p=27749 u=maharavo n=ansible INFO| /
2025-12-15 16:01:07,429 p=27749 u=maharavo n=ansible INFO| -
2025-12-15 16:01:07,530 p=27749 u=maharavo n=ansible INFO| \
2025-12-15 16:01:07,630 p=27749 u=maharavo n=ansible INFO| |
2025-12-15 16:01:07,731 p=27749 u=maharavo n=ansible INFO| /
2025-12-15 16:01:07,831 p=27749 u=maharavo n=ansible INFO| -
2025-12-15 16:01:07,932 p=27749 u=maharavo n=ansible INFO| \
2025-12-15 16:01:08,032 p=27749 u=maharavo n=ansible INFO| |
2025-12-15 16:01:08,133 p=27749 u=maharavo n=ansible INFO| /
2025-12-15 16:01:08,233 p=27749 u=maharavo n=ansible INFO| -
2025-12-15 16:01:08,334 p=27749 u=maharavo n=ansible INFO| \
2025-12-15 16:01:08,434 p=27749 u=maharavo n=ansible INFO| |
2025-12-15 16:01:08,534 p=27749 u=maharavo n=ansible INFO| /
2025-12-15 16:01:08,635 p=27749 u=maharavo n=ansible INFO| -
2025-12-15 16:01:08,735 p=27749 u=maharavo n=ansible INFO| \
2025-12-15 16:01:08,835 p=27749 u=maharavo n=ansible INFO| |
2025-12-15 16:01:08,936 p=27749 u=maharavo n=ansible INFO| /
2025-12-15 16:01:09,036 p=27749 u=maharavo n=ansible INFO| -
2025-12-15 16:01:09,137 p=27749 u=maharavo n=ansible INFO| \
2025-12-15 16:01:09,237 p=27749 u=maharavo n=ansible INFO| |
2025-12-15 16:01:09,338 p=27749 u=maharavo n=ansible INFO| /
2025-12-15 16:01:09,438 p=27749 u=maharavo n=ansible INFO| -
2025-12-15 16:01:09,539 p=27749 u=maharavo n=ansible INFO| \
2025-12-15 16:01:09,639 p=27749 u=maharavo n=ansible INFO| |
2025-12-15 16:01:09,740 p=27749 u=maharavo n=ansible INFO| /
2025-12-15 16:01:09,840 p=27749 u=maharavo n=ansible INFO| -
2025-12-15 16:01:09,940 p=27749 u=maharavo n=ansible INFO| \
2025-12-15 16:01:10,041 p=27749 u=maharavo n=ansible INFO| |
2025-12-15 16:01:10,141 p=27749 u=maharavo n=ansible INFO| /
2025-12-15 16:01:10,242 p=27749 u=maharavo n=ansible INFO| -
2025-12-15 16:01:10,344 p=27749 u=maharavo n=ansible INFO| \
2025-12-15 16:01:10,445 p=27749 u=maharavo n=ansible INFO| |
2025-12-15 16:01:10,545 p=27749 u=maharavo n=ansible INFO| /
2025-12-15 16:01:10,645 p=27749 u=maharavo n=ansible INFO| -
2025-12-15 16:01:10,746 p=27749 u=maharavo n=ansible INFO| \
2025-12-15 16:01:10,846 p=27749 u=maharavo n=ansible INFO| |
2025-12-15 16:01:10,946 p=27749 u=maharavo n=ansible INFO| /
2025-12-15 16:01:11,047 p=27749 u=maharavo n=ansible INFO| -
2025-12-15 16:01:11,147 p=27749 u=maharavo n=ansible INFO| \
2025-12-15 16:01:11,247 p=27749 u=maharavo n=ansible INFO| |
2025-12-15 16:01:11,347 p=27749 u=maharavo n=ansible INFO| /
2025-12-15 16:01:11,448 p=27749 u=maharavo n=ansible INFO| -
2025-12-15 16:01:11,548 p=27749 u=maharavo n=ansible INFO| \
2025-12-15 16:01:11,649 p=27749 u=maharavo n=ansible INFO| |
2025-12-15 16:01:11,749 p=27749 u=maharavo n=ansible INFO| /
2025-12-15 16:01:11,850 p=27749 u=maharavo n=ansible INFO| -
2025-12-15 16:01:11,950 p=27749 u=maharavo n=ansible INFO| \
2025-12-15 16:01:12,051 p=27749 u=maharavo n=ansible INFO| |
2025-12-15 16:01:12,151 p=27749 u=maharavo n=ansible INFO| /
2025-12-15 16:01:12,252 p=27749 u=maharavo n=ansible INFO| -
2025-12-15 16:01:12,352 p=27749 u=maharavo n=ansible INFO| \
2025-12-15 16:01:12,453 p=27749 u=maharavo n=ansible INFO| |
2025-12-15 16:01:12,553 p=27749 u=maharavo n=ansible INFO| /
2025-12-15 16:01:12,654 p=27749 u=maharavo n=ansible INFO| -
2025-12-15 16:01:12,754 p=27749 u=maharavo n=ansible INFO| \
2025-12-15 16:01:12,854 p=27749 u=maharavo n=ansible INFO| |
2025-12-15 16:01:12,955 p=27749 u=maharavo n=ansible INFO| /
2025-12-15 16:01:13,055 p=27749 u=maharavo n=ansible INFO| -
2025-12-15 16:01:13,156 p=27749 u=maharavo n=ansible INFO| \
2025-12-15 16:01:13,257 p=27749 u=maharavo n=ansible INFO| |
2025-12-15 16:01:13,358 p=27749 u=maharavo n=ansible INFO| /
2025-12-15 16:01:13,458 p=27749 u=maharavo n=ansible INFO| -
2025-12-15 16:01:13,559 p=27749 u=maharavo n=ansible INFO| \
2025-12-15 16:01:13,660 p=27749 u=maharavo n=ansible INFO| |
2025-12-15 16:01:13,760 p=27749 u=maharavo n=ansible INFO| /
2025-12-15 16:01:13,861 p=27749 u=maharavo n=ansible INFO| -
2025-12-15 16:01:13,961 p=27749 u=maharavo n=ansible INFO| \
2025-12-15 16:01:14,062 p=27749 u=maharavo n=ansible INFO| |
2025-12-15 16:01:14,162 p=27749 u=maharavo n=ansible INFO| /
2025-12-15 16:01:14,263 p=27749 u=maharavo n=ansible INFO| -
2025-12-15 16:01:14,363 p=27749 u=maharavo n=ansible INFO| \
2025-12-15 16:01:14,463 p=27749 u=maharavo n=ansible INFO| |
2025-12-15 16:01:14,564 p=27749 u=maharavo n=ansible INFO| /
2025-12-15 16:01:14,664 p=27749 u=maharavo n=ansible INFO| -
2025-12-15 16:01:14,767 p=27749 u=maharavo n=ansible INFO| \
2025-12-15 16:01:14,867 p=27749 u=maharavo n=ansible INFO| |
2025-12-15 16:01:14,968 p=27749 u=maharavo n=ansible INFO| /
2025-12-15 16:01:15,068 p=27749 u=maharavo n=ansible INFO| -
2025-12-15 16:01:15,169 p=27749 u=maharavo n=ansible INFO| \
2025-12-15 16:01:15,269 p=27749 u=maharavo n=ansible INFO| |
2025-12-15 16:01:15,369 p=27749 u=maharavo n=ansible INFO| /
2025-12-15 16:01:15,469 p=27749 u=maharavo n=ansible INFO| -
2025-12-15 16:01:15,570 p=27749 u=maharavo n=ansible INFO| \
2025-12-15 16:01:15,670 p=27749 u=maharavo n=ansible INFO| |
2025-12-15 16:01:15,770 p=27749 u=maharavo n=ansible INFO| /
2025-12-15 16:01:15,871 p=27749 u=maharavo n=ansible INFO| -
2025-12-15 16:01:15,971 p=27749 u=maharavo n=ansible INFO| \
2025-12-15 16:01:16,072 p=27749 u=maharavo n=ansible INFO| |
2025-12-15 16:01:16,172 p=27749 u=maharavo n=ansible INFO| /
2025-12-15 16:01:16,273 p=27749 u=maharavo n=ansible INFO| -
2025-12-15 16:01:16,373 p=27749 u=maharavo n=ansible INFO| \
2025-12-15 16:01:16,474 p=27749 u=maharavo n=ansible INFO| |
2025-12-15 16:01:16,575 p=27749 u=maharavo n=ansible INFO| /
2025-12-15 16:01:16,675 p=27749 u=maharavo n=ansible INFO| -
2025-12-15 16:01:16,775 p=27749 u=maharavo n=ansible INFO| \
2025-12-15 16:01:16,876 p=27749 u=maharavo n=ansible INFO| |
2025-12-15 16:01:16,976 p=27749 u=maharavo n=ansible INFO| /
2025-12-15 16:01:17,077 p=27749 u=maharavo n=ansible INFO| -
2025-12-15 16:01:17,177 p=27749 u=maharavo n=ansible INFO| \
2025-12-15 16:01:17,277 p=27749 u=maharavo n=ansible INFO| |
2025-12-15 16:01:17,378 p=27749 u=maharavo n=ansible INFO| /
2025-12-15 16:01:17,478 p=27749 u=maharavo n=ansible INFO| -
2025-12-15 16:01:17,579 p=27749 u=maharavo n=ansible INFO| \
2025-12-15 16:01:17,679 p=27749 u=maharavo n=ansible INFO| |
2025-12-15 16:01:17,780 p=27749 u=maharavo n=ansible INFO| /
2025-12-15 16:01:17,880 p=27749 u=maharavo n=ansible INFO| -
2025-12-15 16:01:17,981 p=27749 u=maharavo n=ansible INFO| \
2025-12-15 16:01:18,081 p=27749 u=maharavo n=ansible INFO| |
2025-12-15 16:01:18,182 p=27749 u=maharavo n=ansible INFO| /
2025-12-15 16:01:18,282 p=27749 u=maharavo n=ansible INFO| -
2025-12-15 16:01:18,383 p=27749 u=maharavo n=ansible INFO| \
2025-12-15 16:01:18,483 p=27749 u=maharavo n=ansible INFO| |
2025-12-15 16:01:18,584 p=27749 u=maharavo n=ansible INFO| /
2025-12-15 16:01:18,684 p=27749 u=maharavo n=ansible INFO| -
2025-12-15 16:01:18,785 p=27749 u=maharavo n=ansible INFO| \
2025-12-15 16:01:18,885 p=27749 u=maharavo n=ansible INFO| |
2025-12-15 16:01:18,986 p=27749 u=maharavo n=ansible INFO| /
2025-12-15 16:01:19,086 p=27749 u=maharavo n=ansible INFO| -
2025-12-15 16:01:19,187 p=27749 u=maharavo n=ansible INFO| \
2025-12-15 16:01:19,287 p=27749 u=maharavo n=ansible INFO| |
2025-12-15 16:01:19,388 p=27749 u=maharavo n=ansible INFO| /
2025-12-15 16:01:19,488 p=27749 u=maharavo n=ansible INFO| -
2025-12-15 16:01:19,589 p=27749 u=maharavo n=ansible INFO| \
2025-12-15 16:01:19,689 p=27749 u=maharavo n=ansible INFO| |
2025-12-15 16:01:19,789 p=27749 u=maharavo n=ansible INFO| /
2025-12-15 16:01:19,890 p=27749 u=maharavo n=ansible INFO| -
2025-12-15 16:01:19,990 p=27749 u=maharavo n=ansible INFO| \
2025-12-15 16:01:20,090 p=27749 u=maharavo n=ansible INFO| |
2025-12-15 16:01:20,191 p=27749 u=maharavo n=ansible INFO| /
2025-12-15 16:01:20,291 p=27749 u=maharavo n=ansible INFO| -
2025-12-15 16:01:20,391 p=27749 u=maharavo n=ansible INFO| \
2025-12-15 16:01:20,492 p=27749 u=maharavo n=ansible INFO| |
2025-12-15 16:01:20,592 p=27749 u=maharavo n=ansible INFO| /
2025-12-15 16:01:20,692 p=27749 u=maharavo n=ansible INFO| -
2025-12-15 16:01:20,793 p=27749 u=maharavo n=ansible INFO| \
2025-12-15 16:01:20,893 p=27749 u=maharavo n=ansible INFO| |
2025-12-15 16:01:20,993 p=27749 u=maharavo n=ansible INFO| /
2025-12-15 16:01:21,093 p=27749 u=maharavo n=ansible INFO| -
2025-12-15 16:01:21,194 p=27749 u=maharavo n=ansible INFO| \
2025-12-15 16:01:21,294 p=27749 u=maharavo n=ansible INFO| |
2025-12-15 16:01:21,395 p=27749 u=maharavo n=ansible INFO| /
2025-12-15 16:01:21,495 p=27749 u=maharavo n=ansible INFO| -
2025-12-15 16:01:21,596 p=27749 u=maharavo n=ansible INFO| \
2025-12-15 16:01:21,696 p=27749 u=maharavo n=ansible INFO| |
2025-12-15 16:01:21,797 p=27749 u=maharavo n=ansible INFO| /
2025-12-15 16:01:21,897 p=27749 u=maharavo n=ansible INFO| -
2025-12-15 16:01:21,997 p=27749 u=maharavo n=ansible INFO| \
2025-12-15 16:01:22,098 p=27749 u=maharavo n=ansible INFO| |
2025-12-15 16:01:22,198 p=27749 u=maharavo n=ansible INFO| /
2025-12-15 16:01:22,299 p=27749 u=maharavo n=ansible INFO| -
2025-12-15 16:01:22,399 p=27749 u=maharavo n=ansible INFO| \
2025-12-15 16:01:22,500 p=27749 u=maharavo n=ansible INFO| |
2025-12-15 16:01:22,600 p=27749 u=maharavo n=ansible INFO| /
2025-12-15 16:01:22,701 p=27749 u=maharavo n=ansible INFO| -
2025-12-15 16:01:22,801 p=27749 u=maharavo n=ansible INFO| \
2025-12-15 16:01:22,902 p=27749 u=maharavo n=ansible INFO| |
2025-12-15 16:01:23,002 p=27749 u=maharavo n=ansible INFO| /
2025-12-15 16:01:23,103 p=27749 u=maharavo n=ansible INFO| -
2025-12-15 16:01:23,203 p=27749 u=maharavo n=ansible INFO| \
2025-12-15 16:01:23,304 p=27749 u=maharavo n=ansible INFO| |
2025-12-15 16:01:23,404 p=27749 u=maharavo n=ansible INFO| /
2025-12-15 16:01:23,505 p=27749 u=maharavo n=ansible INFO| -
2025-12-15 16:01:23,605 p=27749 u=maharavo n=ansible INFO| \
2025-12-15 16:01:23,706 p=27749 u=maharavo n=ansible INFO| |
2025-12-15 16:01:23,807 p=27749 u=maharavo n=ansible INFO| /
2025-12-15 16:01:23,907 p=27749 u=maharavo n=ansible INFO| -
2025-12-15 16:01:24,007 p=27749 u=maharavo n=ansible INFO| \
2025-12-15 16:01:24,108 p=27749 u=maharavo n=ansible INFO| |
2025-12-15 16:01:24,208 p=27749 u=maharavo n=ansible INFO| /
2025-12-15 16:01:24,309 p=27749 u=maharavo n=ansible INFO| -
2025-12-15 16:01:24,409 p=27749 u=maharavo n=ansible INFO| \
2025-12-15 16:01:24,510 p=27749 u=maharavo n=ansible INFO| |
2025-12-15 16:01:24,610 p=27749 u=maharavo n=ansible INFO| /
2025-12-15 16:01:24,710 p=27749 u=maharavo n=ansible INFO| -
2025-12-15 16:01:24,811 p=27749 u=maharavo n=ansible INFO| \
2025-12-15 16:01:24,911 p=27749 u=maharavo n=ansible INFO| |
2025-12-15 16:01:25,011 p=27749 u=maharavo n=ansible INFO| /
2025-12-15 16:01:25,112 p=27749 u=maharavo n=ansible INFO| -
2025-12-15 16:01:25,212 p=27749 u=maharavo n=ansible INFO| \
2025-12-15 16:01:25,313 p=27749 u=maharavo n=ansible INFO| |
2025-12-15 16:01:25,413 p=27749 u=maharavo n=ansible INFO| /
2025-12-15 16:01:25,513 p=27749 u=maharavo n=ansible INFO| -
2025-12-15 16:01:25,614 p=27749 u=maharavo n=ansible INFO| \
2025-12-15 16:01:25,714 p=27749 u=maharavo n=ansible INFO| |
2025-12-15 16:01:25,815 p=27749 u=maharavo n=ansible INFO| /
2025-12-15 16:01:25,915 p=27749 u=maharavo n=ansible INFO| -
2025-12-15 16:01:26,016 p=27749 u=maharavo n=ansible INFO| \
2025-12-15 16:01:26,117 p=27749 u=maharavo n=ansible INFO| |
2025-12-15 16:01:26,217 p=27749 u=maharavo n=ansible INFO| /
2025-12-15 16:01:26,318 p=27749 u=maharavo n=ansible INFO| -
2025-12-15 16:01:26,418 p=27749 u=maharavo n=ansible INFO| \
2025-12-15 16:01:26,519 p=27749 u=maharavo n=ansible INFO| |
2025-12-15 16:01:26,620 p=27749 u=maharavo n=ansible INFO| /
2025-12-15 16:01:26,720 p=27749 u=maharavo n=ansible INFO| -
2025-12-15 16:01:26,820 p=27749 u=maharavo n=ansible INFO| \
2025-12-15 16:01:26,921 p=27749 u=maharavo n=ansible INFO| |
2025-12-15 16:01:27,021 p=27749 u=maharavo n=ansible INFO| /
2025-12-15 16:01:27,122 p=27749 u=maharavo n=ansible INFO| -
2025-12-15 16:01:27,222 p=27749 u=maharavo n=ansible INFO| \
2025-12-15 16:01:27,323 p=27749 u=maharavo n=ansible INFO| |
2025-12-15 16:01:27,423 p=27749 u=maharavo n=ansible INFO| /
2025-12-15 16:01:27,524 p=27749 u=maharavo n=ansible INFO| -
2025-12-15 16:01:27,624 p=27749 u=maharavo n=ansible INFO| \
2025-12-15 16:01:27,725 p=27749 u=maharavo n=ansible INFO| |
2025-12-15 16:01:27,825 p=27749 u=maharavo n=ansible INFO| /
2025-12-15 16:01:27,926 p=27749 u=maharavo n=ansible INFO| -
2025-12-15 16:01:28,026 p=27749 u=maharavo n=ansible INFO| \
2025-12-15 16:01:28,127 p=27749 u=maharavo n=ansible INFO| |
2025-12-15 16:01:28,227 p=27749 u=maharavo n=ansible INFO| /
2025-12-15 16:01:28,327 p=27749 u=maharavo n=ansible INFO| -
2025-12-15 16:01:28,428 p=27749 u=maharavo n=ansible INFO| \
2025-12-15 16:01:28,528 p=27749 u=maharavo n=ansible INFO| |
2025-12-15 16:01:28,629 p=27749 u=maharavo n=ansible INFO| /
2025-12-15 16:01:28,729 p=27749 u=maharavo n=ansible INFO| -
2025-12-15 16:01:28,829 p=27749 u=maharavo n=ansible INFO| \
2025-12-15 16:01:28,930 p=27749 u=maharavo n=ansible INFO| |
2025-12-15 16:01:29,030 p=27749 u=maharavo n=ansible INFO| /
2025-12-15 16:01:29,130 p=27749 u=maharavo n=ansible INFO| -
2025-12-15 16:01:29,231 p=27749 u=maharavo n=ansible INFO| \
2025-12-15 16:01:29,331 p=27749 u=maharavo n=ansible INFO| |
2025-12-15 16:01:29,432 p=27749 u=maharavo n=ansible INFO| /
2025-12-15 16:01:29,532 p=27749 u=maharavo n=ansible INFO| -
2025-12-15 16:01:29,632 p=27749 u=maharavo n=ansible INFO| \
2025-12-15 16:01:29,733 p=27749 u=maharavo n=ansible INFO| |
2025-12-15 16:01:29,833 p=27749 u=maharavo n=ansible INFO| /
2025-12-15 16:01:29,934 p=27749 u=maharavo n=ansible INFO| -
2025-12-15 16:01:30,034 p=27749 u=maharavo n=ansible INFO| \
2025-12-15 16:01:30,135 p=27749 u=maharavo n=ansible INFO| |
2025-12-15 16:01:30,235 p=27749 u=maharavo n=ansible INFO| /
2025-12-15 16:01:30,335 p=27749 u=maharavo n=ansible INFO| -
2025-12-15 16:01:30,436 p=27749 u=maharavo n=ansible INFO| \
2025-12-15 16:01:30,536 p=27749 u=maharavo n=ansible INFO| |
2025-12-15 16:01:30,637 p=27749 u=maharavo n=ansible INFO| /
2025-12-15 16:01:30,737 p=27749 u=maharavo n=ansible INFO| -
2025-12-15 16:01:30,838 p=27749 u=maharavo n=ansible INFO| \
2025-12-15 16:01:30,938 p=27749 u=maharavo n=ansible INFO| |
2025-12-15 16:01:31,039 p=27749 u=maharavo n=ansible INFO| /
2025-12-15 16:01:31,139 p=27749 u=maharavo n=ansible INFO| -
2025-12-15 16:01:31,240 p=27749 u=maharavo n=ansible INFO| \
2025-12-15 16:01:31,340 p=27749 u=maharavo n=ansible INFO| |
2025-12-15 16:01:31,441 p=27749 u=maharavo n=ansible INFO| /
2025-12-15 16:01:31,541 p=27749 u=maharavo n=ansible INFO| -
2025-12-15 16:01:31,642 p=27749 u=maharavo n=ansible INFO| \
2025-12-15 16:01:31,743 p=27749 u=maharavo n=ansible INFO| |
2025-12-15 16:01:31,843 p=27749 u=maharavo n=ansible INFO| /
2025-12-15 16:01:31,944 p=27749 u=maharavo n=ansible INFO| -
2025-12-15 16:01:32,044 p=27749 u=maharavo n=ansible INFO| \
2025-12-15 16:01:32,145 p=27749 u=maharavo n=ansible INFO| |
2025-12-15 16:01:32,245 p=27749 u=maharavo n=ansible INFO| /
2025-12-15 16:01:32,346 p=27749 u=maharavo n=ansible INFO| -
2025-12-15 16:01:32,446 p=27749 u=maharavo n=ansible INFO| \
2025-12-15 16:01:32,547 p=27749 u=maharavo n=ansible INFO| |
2025-12-15 16:01:32,647 p=27749 u=maharavo n=ansible INFO| /
2025-12-15 16:01:32,748 p=27749 u=maharavo n=ansible INFO| -
2025-12-15 16:01:32,848 p=27749 u=maharavo n=ansible INFO| \
2025-12-15 16:01:32,949 p=27749 u=maharavo n=ansible INFO| |
2025-12-15 16:01:33,049 p=27749 u=maharavo n=ansible INFO| /
2025-12-15 16:01:33,149 p=27749 u=maharavo n=ansible INFO| -
2025-12-15 16:01:33,250 p=27749 u=maharavo n=ansible INFO| \
2025-12-15 16:01:33,350 p=27749 u=maharavo n=ansible INFO| |
2025-12-15 16:01:33,451 p=27749 u=maharavo n=ansible INFO| /
2025-12-15 16:01:33,551 p=27749 u=maharavo n=ansible INFO| -
2025-12-15 16:01:33,652 p=27749 u=maharavo n=ansible INFO| \
2025-12-15 16:01:33,753 p=27749 u=maharavo n=ansible INFO| |
2025-12-15 16:01:33,853 p=27749 u=maharavo n=ansible INFO| /
2025-12-15 16:01:33,953 p=27749 u=maharavo n=ansible INFO| -
2025-12-15 16:01:34,054 p=27749 u=maharavo n=ansible INFO| \
2025-12-15 16:01:34,154 p=27749 u=maharavo n=ansible INFO| |
2025-12-15 16:01:34,254 p=27749 u=maharavo n=ansible INFO| /
2025-12-15 16:01:34,356 p=27749 u=maharavo n=ansible INFO| -
2025-12-15 16:01:34,456 p=27749 u=maharavo n=ansible INFO| \
2025-12-15 16:01:34,557 p=27749 u=maharavo n=ansible INFO| |
2025-12-15 16:01:34,657 p=27749 u=maharavo n=ansible INFO| /
2025-12-15 16:01:34,758 p=27749 u=maharavo n=ansible INFO| -
2025-12-15 16:01:34,858 p=27749 u=maharavo n=ansible INFO| \
2025-12-15 16:01:34,959 p=27749 u=maharavo n=ansible INFO| |
2025-12-15 16:01:35,059 p=27749 u=maharavo n=ansible INFO| /
2025-12-15 16:01:35,159 p=27749 u=maharavo n=ansible INFO| -
2025-12-15 16:01:35,260 p=27749 u=maharavo n=ansible INFO| \
2025-12-15 16:01:35,361 p=27749 u=maharavo n=ansible INFO| |
2025-12-15 16:01:35,461 p=27749 u=maharavo n=ansible INFO| /
2025-12-15 16:01:35,561 p=27749 u=maharavo n=ansible INFO| -
2025-12-15 16:01:35,662 p=27749 u=maharavo n=ansible INFO| \
2025-12-15 16:01:35,762 p=27749 u=maharavo n=ansible INFO| |
2025-12-15 16:01:35,862 p=27749 u=maharavo n=ansible INFO| /
2025-12-15 16:01:35,963 p=27749 u=maharavo n=ansible INFO| -
2025-12-15 16:01:36,063 p=27749 u=maharavo n=ansible INFO| \
2025-12-15 16:01:36,163 p=27749 u=maharavo n=ansible INFO| |
2025-12-15 16:01:36,264 p=27749 u=maharavo n=ansible INFO| /
2025-12-15 16:01:36,364 p=27749 u=maharavo n=ansible INFO| -
2025-12-15 16:01:36,465 p=27749 u=maharavo n=ansible INFO| \
2025-12-15 16:01:36,565 p=27749 u=maharavo n=ansible INFO| |
2025-12-15 16:01:36,666 p=27749 u=maharavo n=ansible INFO| /
2025-12-15 16:01:36,766 p=27749 u=maharavo n=ansible INFO| -
2025-12-15 16:01:36,866 p=27749 u=maharavo n=ansible INFO| \
2025-12-15 16:01:36,967 p=27749 u=maharavo n=ansible INFO| |
2025-12-15 16:01:37,067 p=27749 u=maharavo n=ansible INFO| /
2025-12-15 16:01:37,168 p=27749 u=maharavo n=ansible INFO| -
2025-12-15 16:01:37,268 p=27749 u=maharavo n=ansible INFO| \
2025-12-15 16:01:37,369 p=27749 u=maharavo n=ansible INFO| |
2025-12-15 16:01:37,469 p=27749 u=maharavo n=ansible INFO| /
2025-12-15 16:01:37,570 p=27749 u=maharavo n=ansible INFO| -
2025-12-15 16:01:37,671 p=27749 u=maharavo n=ansible INFO| \
2025-12-15 16:01:37,771 p=27749 u=maharavo n=ansible INFO| |
2025-12-15 16:01:37,872 p=27749 u=maharavo n=ansible INFO| /
2025-12-15 16:01:37,972 p=27749 u=maharavo n=ansible INFO| -
2025-12-15 16:01:38,073 p=27749 u=maharavo n=ansible INFO| \
2025-12-15 16:01:38,173 p=27749 u=maharavo n=ansible INFO| |
2025-12-15 16:01:38,273 p=27749 u=maharavo n=ansible INFO| /
2025-12-15 16:01:38,374 p=27749 u=maharavo n=ansible INFO| -
2025-12-15 16:01:38,474 p=27749 u=maharavo n=ansible INFO| \
2025-12-15 16:01:38,575 p=27749 u=maharavo n=ansible INFO| |
2025-12-15 16:01:38,675 p=27749 u=maharavo n=ansible INFO| /
2025-12-15 16:01:38,775 p=27749 u=maharavo n=ansible INFO| -
2025-12-15 16:01:38,876 p=27749 u=maharavo n=ansible INFO| \
2025-12-15 16:01:38,976 p=27749 u=maharavo n=ansible INFO| |
2025-12-15 16:01:39,076 p=27749 u=maharavo n=ansible INFO| /
2025-12-15 16:01:39,177 p=27749 u=maharavo n=ansible INFO| -
2025-12-15 16:01:39,277 p=27749 u=maharavo n=ansible INFO| \
2025-12-15 16:01:39,378 p=27749 u=maharavo n=ansible INFO| |
2025-12-15 16:01:39,479 p=27749 u=maharavo n=ansible INFO| /
2025-12-15 16:01:39,579 p=27749 u=maharavo n=ansible INFO| -
2025-12-15 16:01:39,680 p=27749 u=maharavo n=ansible INFO| \
2025-12-15 16:01:39,780 p=27749 u=maharavo n=ansible INFO| |
2025-12-15 16:01:39,881 p=27749 u=maharavo n=ansible INFO| /
2025-12-15 16:01:39,981 p=27749 u=maharavo n=ansible INFO| -
2025-12-15 16:01:40,082 p=27749 u=maharavo n=ansible INFO| \
2025-12-15 16:01:40,182 p=27749 u=maharavo n=ansible INFO| |
2025-12-15 16:01:40,283 p=27749 u=maharavo n=ansible INFO| /
2025-12-15 16:01:40,383 p=27749 u=maharavo n=ansible INFO| -
2025-12-15 16:01:40,485 p=27749 u=maharavo n=ansible INFO| \
2025-12-15 16:01:40,586 p=27749 u=maharavo n=ansible INFO| |
2025-12-15 16:01:40,686 p=27749 u=maharavo n=ansible INFO| /
2025-12-15 16:01:40,787 p=27749 u=maharavo n=ansible INFO| -
2025-12-15 16:01:40,887 p=27749 u=maharavo n=ansible INFO| \
2025-12-15 16:01:40,987 p=27749 u=maharavo n=ansible INFO| |
2025-12-15 16:01:41,088 p=27749 u=maharavo n=ansible INFO| /
2025-12-15 16:01:41,188 p=27749 u=maharavo n=ansible INFO| -
2025-12-15 16:01:41,289 p=27749 u=maharavo n=ansible INFO| \
2025-12-15 16:01:41,389 p=27749 u=maharavo n=ansible INFO| |
2025-12-15 16:01:41,490 p=27749 u=maharavo n=ansible INFO| /
2025-12-15 16:01:41,590 p=27749 u=maharavo n=ansible INFO| -
2025-12-15 16:01:41,691 p=27749 u=maharavo n=ansible INFO| \
2025-12-15 16:01:41,791 p=27749 u=maharavo n=ansible INFO| |
2025-12-15 16:01:41,892 p=27749 u=maharavo n=ansible INFO| /
2025-12-15 16:01:41,993 p=27749 u=maharavo n=ansible INFO| -
2025-12-15 16:01:42,093 p=27749 u=maharavo n=ansible INFO| \
2025-12-15 16:01:42,194 p=27749 u=maharavo n=ansible INFO| |
2025-12-15 16:01:42,294 p=27749 u=maharavo n=ansible INFO| /
2025-12-15 16:01:42,394 p=27749 u=maharavo n=ansible INFO| -
2025-12-15 16:01:42,495 p=27749 u=maharavo n=ansible INFO| \
2025-12-15 16:01:42,595 p=27749 u=maharavo n=ansible INFO| |
2025-12-15 16:01:42,695 p=27749 u=maharavo n=ansible INFO| /
2025-12-15 16:01:42,796 p=27749 u=maharavo n=ansible INFO| -
2025-12-15 16:01:42,896 p=27749 u=maharavo n=ansible INFO| \
2025-12-15 16:01:42,997 p=27749 u=maharavo n=ansible INFO| |
2025-12-15 16:01:43,097 p=27749 u=maharavo n=ansible INFO| /
2025-12-15 16:01:43,198 p=27749 u=maharavo n=ansible INFO| -
2025-12-15 16:01:43,299 p=27749 u=maharavo n=ansible INFO| \
2025-12-15 16:01:43,399 p=27749 u=maharavo n=ansible INFO| |
2025-12-15 16:01:43,500 p=27749 u=maharavo n=ansible INFO| /
2025-12-15 16:01:43,600 p=27749 u=maharavo n=ansible INFO| -
2025-12-15 16:01:43,701 p=27749 u=maharavo n=ansible INFO| \
2025-12-15 16:01:43,801 p=27749 u=maharavo n=ansible INFO| |
2025-12-15 16:01:43,902 p=27749 u=maharavo n=ansible INFO| /
2025-12-15 16:01:44,002 p=27749 u=maharavo n=ansible INFO| -
2025-12-15 16:01:44,102 p=27749 u=maharavo n=ansible INFO| \
2025-12-15 16:01:44,203 p=27749 u=maharavo n=ansible INFO| |
2025-12-15 16:01:44,303 p=27749 u=maharavo n=ansible INFO| /
2025-12-15 16:01:44,403 p=27749 u=maharavo n=ansible INFO| -
2025-12-15 16:01:44,504 p=27749 u=maharavo n=ansible INFO| \
2025-12-15 16:01:44,604 p=27749 u=maharavo n=ansible INFO| |
2025-12-15 16:01:44,705 p=27749 u=maharavo n=ansible INFO| /
2025-12-15 16:01:44,805 p=27749 u=maharavo n=ansible INFO| -
2025-12-15 16:01:44,905 p=27749 u=maharavo n=ansible INFO| \
2025-12-15 16:01:45,006 p=27749 u=maharavo n=ansible INFO| |
2025-12-15 16:01:45,106 p=27749 u=maharavo n=ansible INFO| /
2025-12-15 16:01:45,207 p=27749 u=maharavo n=ansible INFO| -
2025-12-15 16:01:45,307 p=27749 u=maharavo n=ansible INFO| \
2025-12-15 16:01:45,408 p=27749 u=maharavo n=ansible INFO| |
2025-12-15 16:01:45,508 p=27749 u=maharavo n=ansible INFO| /
2025-12-15 16:01:45,609 p=27749 u=maharavo n=ansible INFO| -
2025-12-15 16:01:45,709 p=27749 u=maharavo n=ansible INFO| \
2025-12-15 16:01:45,809 p=27749 u=maharavo n=ansible INFO| |
2025-12-15 16:01:45,910 p=27749 u=maharavo n=ansible INFO| /
2025-12-15 16:01:46,010 p=27749 u=maharavo n=ansible INFO| -
2025-12-15 16:01:46,111 p=27749 u=maharavo n=ansible INFO| \
2025-12-15 16:01:46,212 p=27749 u=maharavo n=ansible INFO| |
2025-12-15 16:01:46,312 p=27749 u=maharavo n=ansible INFO| /
2025-12-15 16:01:46,412 p=27749 u=maharavo n=ansible INFO| -
2025-12-15 16:01:46,513 p=27749 u=maharavo n=ansible INFO| \
2025-12-15 16:01:46,613 p=27749 u=maharavo n=ansible INFO| |
2025-12-15 16:01:46,714 p=27749 u=maharavo n=ansible INFO| /
2025-12-15 16:01:46,815 p=27749 u=maharavo n=ansible INFO| -
2025-12-15 16:01:46,915 p=27749 u=maharavo n=ansible INFO| \
2025-12-15 16:01:47,016 p=27749 u=maharavo n=ansible INFO| |
2025-12-15 16:01:47,116 p=27749 u=maharavo n=ansible INFO| /
2025-12-15 16:01:47,217 p=27749 u=maharavo n=ansible INFO| -
2025-12-15 16:01:47,317 p=27749 u=maharavo n=ansible INFO| \
2025-12-15 16:01:47,417 p=27749 u=maharavo n=ansible INFO| |
2025-12-15 16:01:47,518 p=27749 u=maharavo n=ansible INFO| /
2025-12-15 16:01:47,618 p=27749 u=maharavo n=ansible INFO| -
2025-12-15 16:01:47,719 p=27749 u=maharavo n=ansible INFO| \
2025-12-15 16:01:47,819 p=27749 u=maharavo n=ansible INFO| |
2025-12-15 16:01:47,920 p=27749 u=maharavo n=ansible INFO| /
2025-12-15 16:01:48,020 p=27749 u=maharavo n=ansible INFO| -
2025-12-15 16:01:48,121 p=27749 u=maharavo n=ansible INFO| \
2025-12-15 16:01:48,221 p=27749 u=maharavo n=ansible INFO| |
2025-12-15 16:01:48,321 p=27749 u=maharavo n=ansible INFO| /
2025-12-15 16:01:48,421 p=27749 u=maharavo n=ansible INFO| -
2025-12-15 16:01:48,522 p=27749 u=maharavo n=ansible INFO| \
2025-12-15 16:01:48,622 p=27749 u=maharavo n=ansible INFO| |
2025-12-15 16:01:48,723 p=27749 u=maharavo n=ansible INFO| /
2025-12-15 16:01:48,823 p=27749 u=maharavo n=ansible INFO| Installing 'community.general:12.1.0' to '/home/maharavo/.ansible/collections/ansible_collections/community/general'
2025-12-15 16:01:48,824 p=27749 u=maharavo n=ansible INFO| -
2025-12-15 16:01:48,924 p=27749 u=maharavo n=ansible INFO| \
2025-12-15 16:01:49,024 p=27749 u=maharavo n=ansible INFO| |
2025-12-15 16:01:49,125 p=27749 u=maharavo n=ansible INFO| /
2025-12-15 16:01:49,225 p=27749 u=maharavo n=ansible INFO| -
2025-12-15 16:01:49,326 p=27749 u=maharavo n=ansible INFO| \
2025-12-15 16:01:49,426 p=27749 u=maharavo n=ansible INFO| |
2025-12-15 16:01:49,527 p=27749 u=maharavo n=ansible INFO| /
2025-12-15 16:01:49,628 p=27749 u=maharavo n=ansible INFO| -
2025-12-15 16:01:49,729 p=27749 u=maharavo n=ansible INFO| \
2025-12-15 16:01:49,830 p=27749 u=maharavo n=ansible INFO| |
2025-12-15 16:01:49,930 p=27749 u=maharavo n=ansible INFO| /
2025-12-15 16:01:50,031 p=27749 u=maharavo n=ansible INFO| -
2025-12-15 16:01:50,132 p=27749 u=maharavo n=ansible INFO| \
2025-12-15 16:01:50,232 p=27749 u=maharavo n=ansible INFO| |
2025-12-15 16:01:50,332 p=27749 u=maharavo n=ansible INFO| /
2025-12-15 16:01:50,433 p=27749 u=maharavo n=ansible INFO| -
2025-12-15 16:01:50,533 p=27749 u=maharavo n=ansible INFO| \
2025-12-15 16:01:50,633 p=27749 u=maharavo n=ansible INFO| |
2025-12-15 16:01:50,733 p=27749 u=maharavo n=ansible INFO| /
2025-12-15 16:01:50,834 p=27749 u=maharavo n=ansible INFO| -
2025-12-15 16:01:50,934 p=27749 u=maharavo n=ansible INFO| \
2025-12-15 16:01:51,034 p=27749 u=maharavo n=ansible INFO| |
2025-12-15 16:01:51,135 p=27749 u=maharavo n=ansible INFO| /
2025-12-15 16:01:51,235 p=27749 u=maharavo n=ansible INFO| -
2025-12-15 16:01:51,335 p=27749 u=maharavo n=ansible INFO| \
2025-12-15 16:01:51,436 p=27749 u=maharavo n=ansible INFO| |
2025-12-15 16:01:51,536 p=27749 u=maharavo n=ansible INFO| /
2025-12-15 16:01:56,706 p=27749 u=maharavo n=ansible INFO| -
2025-12-15 16:01:56,806 p=27749 u=maharavo n=ansible INFO| \
2025-12-15 16:01:56,907 p=27749 u=maharavo n=ansible INFO| |
2025-12-15 16:01:57,007 p=27749 u=maharavo n=ansible INFO| /
2025-12-15 16:01:57,108 p=27749 u=maharavo n=ansible INFO| -
2025-12-15 16:01:57,208 p=27749 u=maharavo n=ansible INFO| \
2025-12-15 16:01:57,308 p=27749 u=maharavo n=ansible INFO| |
2025-12-15 16:01:57,409 p=27749 u=maharavo n=ansible INFO| /
2025-12-15 16:01:57,601 p=27749 u=maharavo n=ansible INFO| -
2025-12-15 16:01:57,756 p=27749 u=maharavo n=ansible INFO| \
2025-12-15 16:01:57,927 p=27749 u=maharavo n=ansible INFO| |
2025-12-15 16:01:58,070 p=27749 u=maharavo n=ansible INFO| /
2025-12-15 16:01:58,203 p=27749 u=maharavo n=ansible INFO| -
2025-12-15 16:01:58,615 p=27749 u=maharavo n=ansible INFO| \
2025-12-15 16:01:58,715 p=27749 u=maharavo n=ansible INFO| community.general:12.1.0 was installed successfully
2025-12-15 16:14:44,068 p=29541 u=maharavo n=ansible INFO| localhost | SUCCESS => {
    "changed": false,
    "ping": "pong"
}
2025-12-15 16:16:06,583 p=29772 u=maharavo n=ansible INFO| PLAY [Maintenance complète du système] *****************************************
2025-12-15 16:16:06,627 p=29772 u=maharavo n=ansible INFO| TASK [Gathering Facts] *********************************************************
2025-12-15 16:16:07,712 p=29772 u=maharavo n=ansible ERROR| [ERROR]: Task failed: Failed to connect to the host via ssh: ssh: connect to host 192.168.1.21 port 22: Connection refused

Task failed.

<<< caused by >>>

Failed to connect to the host via ssh: ssh: connect to host 192.168.1.21 port 22: Connection refused


2025-12-15 16:16:07,713 p=29772 u=maharavo n=ansible INFO| fatal: [pc1]: UNREACHABLE! => {"changed": false, "msg": "Task failed: Failed to connect to the host via ssh: ssh: connect to host 192.168.1.21 port 22: Connection refused", "unreachable": true}
2025-12-15 16:16:08,198 p=29772 u=maharavo n=ansible ERROR| [ERROR]: Task failed: Failed to connect to the host via ssh: ** WARNING: connection is not using a post-quantum key exchange algorithm.
** This session may be vulnerable to "store now, decrypt later" attacks.
** The server may need to be upgraded. See https://openssh.com/pq.html

-----BEGIN CERTIFICATE-----
MIIB6jCCAXCgAwIBAgIMAQAAAAAAAAABGh1XMAoGCCqGSM49BAMDMBsxGTAXBgNV
BAMTEFNwYWNlWCBSb3V0ZXIgQ0EwHhcNMjQwNjA3MDAwMDAwWhcNNDQwNjA3MDAw
MDAwWjBIMQswCQYDVQQGEwJVUzEPMA0GA1UEChMGU3BhY2VYMSgwJgYDVQQDEx9S
b3V0ZXItMDEwMDAwMDAwMDAwMDAwMDAxMUExRDU3MHYwEAYHKoZIzj0CAQYFK4EE
ACIDYgAEXRZTFP0rn8/yKtjO0RZjfvbfzxKzbYvDxpgbWCVzwYZMcGrvtSPOSPYn
4VPzyWZd3ygyxEfBInLFhun7d85AhTBBX55ZXS/A/yn2884QaePBEsLbRvUp/Z43
jD9aO9UQo1AwTjAdBgNVHQ4EFgQU+6o4qZYeCTJbgsYiefKD1phzePUwHwYDVR0j
BBgwFoAUXK1XuFQFitF8QKLiv/LDgeiTQiAwDAYDVR0TBAUwAwEBADAKBggqhkjO
PQQDAwNoADBlAjEAt0CNN6rRrEe1ZRfBgLtYP1Bg7D93tuT2eF+OBfcczKfD4rly
a+pB00hcjDxDUydyAjA5pu823zm3ybto9sTCCvmDMj+gxRv0YDb4gjVOTvlDrus2
KqSBAfJHtaFU40/lnxA=
-----END CERTIFICATE-----

                                                                   +
                                                    +
                                          +    +
                                   +     +
                              +      +
   + + + + +              +     +
     +        +       +     +
        +       + +      +
           +   +      +
             +      + +                      +-------------------------+
         +      +        +                   |                         |
      +       +    +        +                |           ._.           |
    +       +         +        +             |                         |
   + + + + +             + + + + +           +-------------------------+
--------------------------------------------------------------------------------
 That day, for no particular reason, I decided to go for a little route. So I
 routed to the end of the ethernet cable. And when I got there, I thought maybe
 I'd route to the end of the dishy. And when I got there, I thought maybe I'd
 just route across the satellites. And I figured, since I route this far, maybe
 I'd just route across the space lasers. And that's what I did. I routed clear
 across the Internet. For no particular reason I just kept on going. I routed
 clear to the old Club Penguin servers. And when I got there, I figured, since
 I'd gone this far, I might as well turn around, just keep on routing. When I
 got to a firewall, I figured, since I'd gone this far, I might as well just
 turn back, keep right on routing.

  2025.12.01.mr65826                        Router-0100000000000000011A1D57
--------------------------------------------------------------------------------
admin@192.168.1.1: Permission denied (publickey,keyboard-interactive).

Task failed.

<<< caused by >>>

Failed to connect to the host via ssh: ** WARNING: connection is not using a post-quantum key exchange algorithm.
** This session may be vulnerable to "store now, decrypt later" attacks.
** The server may need to be upgraded. See https://openssh.com/pq.html

-----BEGIN CERTIFICATE-----
MIIB6jCCAXCgAwIBAgIMAQAAAAAAAAABGh1XMAoGCCqGSM49BAMDMBsxGTAXBgNV
BAMTEFNwYWNlWCBSb3V0ZXIgQ0EwHhcNMjQwNjA3MDAwMDAwWhcNNDQwNjA3MDAw
MDAwWjBIMQswCQYDVQQGEwJVUzEPMA0GA1UEChMGU3BhY2VYMSgwJgYDVQQDEx9S
b3V0ZXItMDEwMDAwMDAwMDAwMDAwMDAxMUExRDU3MHYwEAYHKoZIzj0CAQYFK4EE
ACIDYgAEXRZTFP0rn8/yKtjO0RZjfvbfzxKzbYvDxpgbWCVzwYZMcGrvtSPOSPYn
4VPzyWZd3ygyxEfBInLFhun7d85AhTBBX55ZXS/A/yn2884QaePBEsLbRvUp/Z43
jD9aO9UQo1AwTjAdBgNVHQ4EFgQU+6o4qZYeCTJbgsYiefKD1phzePUwHwYDVR0j
BBgwFoAUXK1XuFQFitF8QKLiv/LDgeiTQiAwDAYDVR0TBAUwAwEBADAKBggqhkjO
PQQDAwNoADBlAjEAt0CNN6rRrEe1ZRfBgLtYP1Bg7D93tuT2eF+OBfcczKfD4rly
a+pB00hcjDxDUydyAjA5pu823zm3ybto9sTCCvmDMj+gxRv0YDb4gjVOTvlDrus2
KqSBAfJHtaFU40/lnxA=
-----END CERTIFICATE-----

                                                                   +
                                                    +
                                          +    +
                                   +     +
                              +      +
   + + + + +              +     +
     +        +       +     +
        +       + +      +
           +   +      +
             +      + +                      +-------------------------+
         +      +        +                   |                         |
      +       +    +        +                |           ._.           |
    +       +         +        +             |                         |
   + + + + +             + + + + +           +-------------------------+
--------------------------------------------------------------------------------
 That day, for no particular reason, I decided to go for a little route. So I
 routed to the end of the ethernet cable. And when I got there, I thought maybe
 I'd route to the end of the dishy. And when I got there, I thought maybe I'd
 just route across the satellites. And I figured, since I route this far, maybe
 I'd just route across the space lasers. And that's what I did. I routed clear
 across the Internet. For no particular reason I just kept on going. I routed
 clear to the old Club Penguin servers. And when I got there, I figured, since
 I'd gone this far, I might as well turn around, just keep on routing. When I
 got to a firewall, I figured, since I'd gone this far, I might as well just
 turn back, keep right on routing.

  2025.12.01.mr65826                        Router-0100000000000000011A1D57
--------------------------------------------------------------------------------
admin@192.168.1.1: Permission denied (publickey,keyboard-interactive).


2025-12-15 16:16:08,198 p=29772 u=maharavo n=ansible INFO| fatal: [router1]: UNREACHABLE! => {"changed": false, "msg": "Task failed: Failed to connect to the host via ssh: ** WARNING: connection is not using a post-quantum key exchange algorithm.\r\n** This session may be vulnerable to \"store now, decrypt later\" attacks.\r\n** The server may need to be upgraded. See https://openssh.com/pq.html\r\n\n-----BEGIN CERTIFICATE-----\nMIIB6jCCAXCgAwIBAgIMAQAAAAAAAAABGh1XMAoGCCqGSM49BAMDMBsxGTAXBgNV\nBAMTEFNwYWNlWCBSb3V0ZXIgQ0EwHhcNMjQwNjA3MDAwMDAwWhcNNDQwNjA3MDAw\nMDAwWjBIMQswCQYDVQQGEwJVUzEPMA0GA1UEChMGU3BhY2VYMSgwJgYDVQQDEx9S\nb3V0ZXItMDEwMDAwMDAwMDAwMDAwMDAxMUExRDU3MHYwEAYHKoZIzj0CAQYFK4EE\nACIDYgAEXRZTFP0rn8/yKtjO0RZjfvbfzxKzbYvDxpgbWCVzwYZMcGrvtSPOSPYn\n4VPzyWZd3ygyxEfBInLFhun7d85AhTBBX55ZXS/A/yn2884QaePBEsLbRvUp/Z43\njD9aO9UQo1AwTjAdBgNVHQ4EFgQU+6o4qZYeCTJbgsYiefKD1phzePUwHwYDVR0j\nBBgwFoAUXK1XuFQFitF8QKLiv/LDgeiTQiAwDAYDVR0TBAUwAwEBADAKBggqhkjO\nPQQDAwNoADBlAjEAt0CNN6rRrEe1ZRfBgLtYP1Bg7D93tuT2eF+OBfcczKfD4rly\na+pB00hcjDxDUydyAjA5pu823zm3ybto9sTCCvmDMj+gxRv0YDb4gjVOTvlDrus2\nKqSBAfJHtaFU40/lnxA=\n-----END CERTIFICATE-----\n\n                                                                   +\n                                                    +\n                                          +    +\n                                   +     +\n                              +      +\n   + + + + +              +     +\n     +        +       +     +\n        +       + +      +\n           +   +      +\n             +      + +                      +-------------------------+\n         +      +        +                   |                         |\n      +       +    +        +                |           ._.           |\n    +       +         +        +             |                         |\n   + + + + +             + + + + +           +-------------------------+\n--------------------------------------------------------------------------------\n That day, for no particular reason, I decided to go for a little route. So I\n routed to the end of the ethernet cable. And when I got there, I thought maybe\n I'd route to the end of the dishy. And when I got there, I thought maybe I'd\n just route across the satellites. And I figured, since I route this far, maybe\n I'd just route across the space lasers. And that's what I did. I routed clear\n across the Internet. For no particular reason I just kept on going. I routed\n clear to the old Club Penguin servers. And when I got there, I figured, since\n I'd gone this far, I might as well turn around, just keep on routing. When I\n got to a firewall, I figured, since I'd gone this far, I might as well just\n turn back, keep right on routing.\n\n  2025.12.01.mr65826                        Router-0100000000000000011A1D57\n--------------------------------------------------------------------------------\nadmin@192.168.1.1: Permission denied (publickey,keyboard-interactive).", "unreachable": true}
2025-12-15 16:16:10,746 p=29772 u=maharavo n=ansible ERROR| [ERROR]: Task failed: Failed to connect to the host via ssh: ssh: connect to host 192.168.1.22 port 22: No route to host

Task failed.

<<< caused by >>>

Failed to connect to the host via ssh: ssh: connect to host 192.168.1.22 port 22: No route to host


2025-12-15 16:16:10,747 p=29772 u=maharavo n=ansible INFO| fatal: [pc2]: UNREACHABLE! => {"changed": false, "msg": "Task failed: Failed to connect to the host via ssh: ssh: connect to host 192.168.1.22 port 22: No route to host", "unreachable": true}
2025-12-15 16:16:10,747 p=29772 u=maharavo n=ansible INFO| PLAY RECAP *********************************************************************
2025-12-15 16:16:10,747 p=29772 u=maharavo n=ansible INFO| pc1                        : ok=0    changed=0    unreachable=1    failed=0    skipped=0    rescued=0    ignored=0   
2025-12-15 16:16:10,748 p=29772 u=maharavo n=ansible INFO| pc2                        : ok=0    changed=0    unreachable=1    failed=0    skipped=0    rescued=0    ignored=0   
2025-12-15 16:16:10,748 p=29772 u=maharavo n=ansible INFO| router1                    : ok=0    changed=0    unreachable=1    failed=0    skipped=0    rescued=0    ignored=0   
2025-12-15 16:23:01,950 p=30466 u=maharavo n=ansible INFO| PLAY [Maintenance complète du système] *****************************************
2025-12-15 16:23:01,989 p=30466 u=maharavo n=ansible INFO| TASK [Gathering Facts] *********************************************************
2025-12-15 16:23:03,305 p=30466 u=maharavo n=ansible ERROR| [ERROR]: Task failed: Failed to connect to the host via ssh: ** WARNING: connection is not using a post-quantum key exchange algorithm.
** This session may be vulnerable to "store now, decrypt later" attacks.
** The server may need to be upgraded. See https://openssh.com/pq.html

-----BEGIN CERTIFICATE-----
MIIB6jCCAXCgAwIBAgIMAQAAAAAAAAABGh1XMAoGCCqGSM49BAMDMBsxGTAXBgNV
BAMTEFNwYWNlWCBSb3V0ZXIgQ0EwHhcNMjQwNjA3MDAwMDAwWhcNNDQwNjA3MDAw
MDAwWjBIMQswCQYDVQQGEwJVUzEPMA0GA1UEChMGU3BhY2VYMSgwJgYDVQQDEx9S
b3V0ZXItMDEwMDAwMDAwMDAwMDAwMDAxMUExRDU3MHYwEAYHKoZIzj0CAQYFK4EE
ACIDYgAEXRZTFP0rn8/yKtjO0RZjfvbfzxKzbYvDxpgbWCVzwYZMcGrvtSPOSPYn
4VPzyWZd3ygyxEfBInLFhun7d85AhTBBX55ZXS/A/yn2884QaePBEsLbRvUp/Z43
jD9aO9UQo1AwTjAdBgNVHQ4EFgQU+6o4qZYeCTJbgsYiefKD1phzePUwHwYDVR0j
BBgwFoAUXK1XuFQFitF8QKLiv/LDgeiTQiAwDAYDVR0TBAUwAwEBADAKBggqhkjO
PQQDAwNoADBlAjEAt0CNN6rRrEe1ZRfBgLtYP1Bg7D93tuT2eF+OBfcczKfD4rly
a+pB00hcjDxDUydyAjA5pu823zm3ybto9sTCCvmDMj+gxRv0YDb4gjVOTvlDrus2
KqSBAfJHtaFU40/lnxA=
-----END CERTIFICATE-----

                                                                   +
                                                    +
                                          +    +
                                   +     +
                              +      +
   + + + + +              +     +
     +        +       +     +
        +       + +      +
           +   +      +
             +      + +                      +-------------------------+
         +      +        +                   |                         |
      +       +    +        +                |           ._.           |
    +       +         +        +             |                         |
   + + + + +             + + + + +           +-------------------------+
--------------------------------------------------------------------------------
 That day, for no particular reason, I decided to go for a little route. So I
 routed to the end of the ethernet cable. And when I got there, I thought maybe
 I'd route to the end of the dishy. And when I got there, I thought maybe I'd
 just route across the satellites. And I figured, since I route this far, maybe
 I'd just route across the space lasers. And that's what I did. I routed clear
 across the Internet. For no particular reason I just kept on going. I routed
 clear to the old Club Penguin servers. And when I got there, I figured, since
 I'd gone this far, I might as well turn around, just keep on routing. When I
 got to a firewall, I figured, since I'd gone this far, I might as well just
 turn back, keep right on routing.

  2025.12.01.mr65826                        Router-0100000000000000011A1D57
--------------------------------------------------------------------------------
admin@192.168.1.1: Permission denied (publickey,keyboard-interactive).

Task failed.

<<< caused by >>>

Failed to connect to the host via ssh: ** WARNING: connection is not using a post-quantum key exchange algorithm.
** This session may be vulnerable to "store now, decrypt later" attacks.
** The server may need to be upgraded. See https://openssh.com/pq.html

-----BEGIN CERTIFICATE-----
MIIB6jCCAXCgAwIBAgIMAQAAAAAAAAABGh1XMAoGCCqGSM49BAMDMBsxGTAXBgNV
BAMTEFNwYWNlWCBSb3V0ZXIgQ0EwHhcNMjQwNjA3MDAwMDAwWhcNNDQwNjA3MDAw
MDAwWjBIMQswCQYDVQQGEwJVUzEPMA0GA1UEChMGU3BhY2VYMSgwJgYDVQQDEx9S
b3V0ZXItMDEwMDAwMDAwMDAwMDAwMDAxMUExRDU3MHYwEAYHKoZIzj0CAQYFK4EE
ACIDYgAEXRZTFP0rn8/yKtjO0RZjfvbfzxKzbYvDxpgbWCVzwYZMcGrvtSPOSPYn
4VPzyWZd3ygyxEfBInLFhun7d85AhTBBX55ZXS/A/yn2884QaePBEsLbRvUp/Z43
jD9aO9UQo1AwTjAdBgNVHQ4EFgQU+6o4qZYeCTJbgsYiefKD1phzePUwHwYDVR0j
BBgwFoAUXK1XuFQFitF8QKLiv/LDgeiTQiAwDAYDVR0TBAUwAwEBADAKBggqhkjO
PQQDAwNoADBlAjEAt0CNN6rRrEe1ZRfBgLtYP1Bg7D93tuT2eF+OBfcczKfD4rly
a+pB00hcjDxDUydyAjA5pu823zm3ybto9sTCCvmDMj+gxRv0YDb4gjVOTvlDrus2
KqSBAfJHtaFU40/lnxA=
-----END CERTIFICATE-----

                                                                   +
                                                    +
                                          +    +
                                   +     +
                              +      +
   + + + + +              +     +
     +        +       +     +
        +       + +      +
           +   +      +
             +      + +                      +-------------------------+
         +      +        +                   |                         |
      +       +    +        +                |           ._.           |
    +       +         +        +             |                         |
   + + + + +             + + + + +           +-------------------------+
--------------------------------------------------------------------------------
 That day, for no particular reason, I decided to go for a little route. So I
 routed to the end of the ethernet cable. And when I got there, I thought maybe
 I'd route to the end of the dishy. And when I got there, I thought maybe I'd
 just route across the satellites. And I figured, since I route this far, maybe
 I'd just route across the space lasers. And that's what I did. I routed clear
 across the Internet. For no particular reason I just kept on going. I routed
 clear to the old Club Penguin servers. And when I got there, I figured, since
 I'd gone this far, I might as well turn around, just keep on routing. When I
 got to a firewall, I figured, since I'd gone this far, I might as well just
 turn back, keep right on routing.

  2025.12.01.mr65826                        Router-0100000000000000011A1D57
--------------------------------------------------------------------------------
admin@192.168.1.1: Permission denied (publickey,keyboard-interactive).


2025-12-15 16:23:03,306 p=30466 u=maharavo n=ansible INFO| fatal: [router1]: UNREACHABLE! => {"changed": false, "msg": "Task failed: Failed to connect to the host via ssh: ** WARNING: connection is not using a post-quantum key exchange algorithm.\r\n** This session may be vulnerable to \"store now, decrypt later\" attacks.\r\n** The server may need to be upgraded. See https://openssh.com/pq.html\r\n\n-----BEGIN CERTIFICATE-----\nMIIB6jCCAXCgAwIBAgIMAQAAAAAAAAABGh1XMAoGCCqGSM49BAMDMBsxGTAXBgNV\nBAMTEFNwYWNlWCBSb3V0ZXIgQ0EwHhcNMjQwNjA3MDAwMDAwWhcNNDQwNjA3MDAw\nMDAwWjBIMQswCQYDVQQGEwJVUzEPMA0GA1UEChMGU3BhY2VYMSgwJgYDVQQDEx9S\nb3V0ZXItMDEwMDAwMDAwMDAwMDAwMDAxMUExRDU3MHYwEAYHKoZIzj0CAQYFK4EE\nACIDYgAEXRZTFP0rn8/yKtjO0RZjfvbfzxKzbYvDxpgbWCVzwYZMcGrvtSPOSPYn\n4VPzyWZd3ygyxEfBInLFhun7d85AhTBBX55ZXS/A/yn2884QaePBEsLbRvUp/Z43\njD9aO9UQo1AwTjAdBgNVHQ4EFgQU+6o4qZYeCTJbgsYiefKD1phzePUwHwYDVR0j\nBBgwFoAUXK1XuFQFitF8QKLiv/LDgeiTQiAwDAYDVR0TBAUwAwEBADAKBggqhkjO\nPQQDAwNoADBlAjEAt0CNN6rRrEe1ZRfBgLtYP1Bg7D93tuT2eF+OBfcczKfD4rly\na+pB00hcjDxDUydyAjA5pu823zm3ybto9sTCCvmDMj+gxRv0YDb4gjVOTvlDrus2\nKqSBAfJHtaFU40/lnxA=\n-----END CERTIFICATE-----\n\n                                                                   +\n                                                    +\n                                          +    +\n                                   +     +\n                              +      +\n   + + + + +              +     +\n     +        +       +     +\n        +       + +      +\n           +   +      +\n             +      + +                      +-------------------------+\n         +      +        +                   |                         |\n      +       +    +        +                |           ._.           |\n    +       +         +        +             |                         |\n   + + + + +             + + + + +           +-------------------------+\n--------------------------------------------------------------------------------\n That day, for no particular reason, I decided to go for a little route. So I\n routed to the end of the ethernet cable. And when I got there, I thought maybe\n I'd route to the end of the dishy. And when I got there, I thought maybe I'd\n just route across the satellites. And I figured, since I route this far, maybe\n I'd just route across the space lasers. And that's what I did. I routed clear\n across the Internet. For no particular reason I just kept on going. I routed\n clear to the old Club Penguin servers. And when I got there, I figured, since\n I'd gone this far, I might as well turn around, just keep on routing. When I\n got to a firewall, I figured, since I'd gone this far, I might as well just\n turn back, keep right on routing.\n\n  2025.12.01.mr65826                        Router-0100000000000000011A1D57\n--------------------------------------------------------------------------------\nadmin@192.168.1.1: Permission denied (publickey,keyboard-interactive).", "unreachable": true}
2025-12-15 16:23:05,850 p=30466 u=maharavo n=ansible ERROR| [ERROR]: Task failed: Failed to connect to the host via ssh: ssh: connect to host 192.168.1.22 port 22: No route to host

Task failed.

<<< caused by >>>

Failed to connect to the host via ssh: ssh: connect to host 192.168.1.22 port 22: No route to host


2025-12-15 16:23:05,851 p=30466 u=maharavo n=ansible INFO| fatal: [pc2]: UNREACHABLE! => {"changed": false, "msg": "Task failed: Failed to connect to the host via ssh: ssh: connect to host 192.168.1.22 port 22: No route to host", "unreachable": true}
2025-12-15 16:23:05,852 p=30466 u=maharavo n=ansible INFO| PLAY RECAP *********************************************************************
2025-12-15 16:23:05,852 p=30466 u=maharavo n=ansible INFO| pc2                        : ok=0    changed=0    unreachable=1    failed=0    skipped=0    rescued=0    ignored=0   
2025-12-15 16:23:05,852 p=30466 u=maharavo n=ansible INFO| router1                    : ok=0    changed=0    unreachable=1    failed=0    skipped=0    rescued=0    ignored=0   
2025-12-16 09:43:17,371 p=33327 u=maharavo n=ansible ERROR| [ERROR]: Task failed: Failed to connect to the host via ssh: Warning: Permanently added '192.168.1.20' (ED25519) to the list of known hosts.
admin@192.168.1.20: Permission denied (publickey,password).

Task failed.
Origin: <adhoc 'ping' task>

{'action': 'ping', 'args': {}, 'timeout': 0, 'async_val': 0, 'poll': 15}

<<< caused by >>>

Failed to connect to the host via ssh: Warning: Permanently added '192.168.1.20' (ED25519) to the list of known hosts.
admin@192.168.1.20: Permission denied (publickey,password).


2025-12-16 09:43:17,390 p=33327 u=maharavo n=ansible INFO| web-server | UNREACHABLE! => {
    "changed": false,
    "msg": "Task failed: Failed to connect to the host via ssh: Warning: Permanently added '192.168.1.20' (ED25519) to the list of known hosts.\r\nadmin@192.168.1.20: Permission denied (publickey,password).",
    "unreachable": true
}
2025-12-16 09:49:07,209 p=33710 u=maharavo n=ansible INFO| PLAY [Maintenance complète du système] *****************************************
2025-12-16 09:49:07,394 p=33710 u=maharavo n=ansible INFO| TASK [Gathering Facts] *********************************************************
2025-12-16 09:49:08,229 p=33710 u=maharavo n=ansible ERROR| [ERROR]: Task failed: Failed to connect to the host via ssh: admin@192.168.1.20: Permission denied (publickey,password).

Task failed.

<<< caused by >>>

Failed to connect to the host via ssh: admin@192.168.1.20: Permission denied (publickey,password).


2025-12-16 09:49:08,230 p=33710 u=maharavo n=ansible INFO| fatal: [web-server]: UNREACHABLE! => {"changed": false, "msg": "Task failed: Failed to connect to the host via ssh: admin@192.168.1.20: Permission denied (publickey,password).", "unreachable": true}
2025-12-16 09:49:08,479 p=33710 u=maharavo n=ansible ERROR| [ERROR]: Task failed: Failed to connect to the host via ssh: ** WARNING: connection is not using a post-quantum key exchange algorithm.
** This session may be vulnerable to "store now, decrypt later" attacks.
** The server may need to be upgraded. See https://openssh.com/pq.html

-----BEGIN CERTIFICATE-----
MIIB6jCCAXCgAwIBAgIMAQAAAAAAAAABGh1XMAoGCCqGSM49BAMDMBsxGTAXBgNV
BAMTEFNwYWNlWCBSb3V0ZXIgQ0EwHhcNMjQwNjA3MDAwMDAwWhcNNDQwNjA3MDAw
MDAwWjBIMQswCQYDVQQGEwJVUzEPMA0GA1UEChMGU3BhY2VYMSgwJgYDVQQDEx9S
b3V0ZXItMDEwMDAwMDAwMDAwMDAwMDAxMUExRDU3MHYwEAYHKoZIzj0CAQYFK4EE
ACIDYgAEXRZTFP0rn8/yKtjO0RZjfvbfzxKzbYvDxpgbWCVzwYZMcGrvtSPOSPYn
4VPzyWZd3ygyxEfBInLFhun7d85AhTBBX55ZXS/A/yn2884QaePBEsLbRvUp/Z43
jD9aO9UQo1AwTjAdBgNVHQ4EFgQU+6o4qZYeCTJbgsYiefKD1phzePUwHwYDVR0j
BBgwFoAUXK1XuFQFitF8QKLiv/LDgeiTQiAwDAYDVR0TBAUwAwEBADAKBggqhkjO
PQQDAwNoADBlAjEAt0CNN6rRrEe1ZRfBgLtYP1Bg7D93tuT2eF+OBfcczKfD4rly
a+pB00hcjDxDUydyAjA5pu823zm3ybto9sTCCvmDMj+gxRv0YDb4gjVOTvlDrus2
KqSBAfJHtaFU40/lnxA=
-----END CERTIFICATE-----

                                                                   +
                                                    +
                                          +    +
                                   +     +
                              +      +
   + + + + +              +     +
     +        +       +     +
        +       + +      +
           +   +      +
             +      + +                      +-------------------------+
         +      +        +                   |                         |
      +       +    +        +                |           ._.           |
    +       +         +        +             |                         |
   + + + + +             + + + + +           +-------------------------+
--------------------------------------------------------------------------------
 That day, for no particular reason, I decided to go for a little route. So I
 routed to the end of the ethernet cable. And when I got there, I thought maybe
 I'd route to the end of the dishy. And when I got there, I thought maybe I'd
 just route across the satellites. And I figured, since I route this far, maybe
 I'd just route across the space lasers. And that's what I did. I routed clear
 across the Internet. For no particular reason I just kept on going. I routed
 clear to the old Club Penguin servers. And when I got there, I figured, since
 I'd gone this far, I might as well turn around, just keep on routing. When I
 got to a firewall, I figured, since I'd gone this far, I might as well just
 turn back, keep right on routing.

  2025.12.01.mr65826                        Router-0100000000000000011A1D57
--------------------------------------------------------------------------------
admin@192.168.1.1: Permission denied (publickey,keyboard-interactive).

Task failed.

<<< caused by >>>

Failed to connect to the host via ssh: ** WARNING: connection is not using a post-quantum key exchange algorithm.
** This session may be vulnerable to "store now, decrypt later" attacks.
** The server may need to be upgraded. See https://openssh.com/pq.html

-----BEGIN CERTIFICATE-----
MIIB6jCCAXCgAwIBAgIMAQAAAAAAAAABGh1XMAoGCCqGSM49BAMDMBsxGTAXBgNV
BAMTEFNwYWNlWCBSb3V0ZXIgQ0EwHhcNMjQwNjA3MDAwMDAwWhcNNDQwNjA3MDAw
MDAwWjBIMQswCQYDVQQGEwJVUzEPMA0GA1UEChMGU3BhY2VYMSgwJgYDVQQDEx9S
b3V0ZXItMDEwMDAwMDAwMDAwMDAwMDAxMUExRDU3MHYwEAYHKoZIzj0CAQYFK4EE
ACIDYgAEXRZTFP0rn8/yKtjO0RZjfvbfzxKzbYvDxpgbWCVzwYZMcGrvtSPOSPYn
4VPzyWZd3ygyxEfBInLFhun7d85AhTBBX55ZXS/A/yn2884QaePBEsLbRvUp/Z43
jD9aO9UQo1AwTjAdBgNVHQ4EFgQU+6o4qZYeCTJbgsYiefKD1phzePUwHwYDVR0j
BBgwFoAUXK1XuFQFitF8QKLiv/LDgeiTQiAwDAYDVR0TBAUwAwEBADAKBggqhkjO
PQQDAwNoADBlAjEAt0CNN6rRrEe1ZRfBgLtYP1Bg7D93tuT2eF+OBfcczKfD4rly
a+pB00hcjDxDUydyAjA5pu823zm3ybto9sTCCvmDMj+gxRv0YDb4gjVOTvlDrus2
KqSBAfJHtaFU40/lnxA=
-----END CERTIFICATE-----

                                                                   +
                                                    +
                                          +    +
                                   +     +
                              +      +
   + + + + +              +     +
     +        +       +     +
        +       + +      +
           +   +      +
             +      + +                      +-------------------------+
         +      +        +                   |                         |
      +       +    +        +                |           ._.           |
    +       +         +        +             |                         |
   + + + + +             + + + + +           +-------------------------+
--------------------------------------------------------------------------------
 That day, for no particular reason, I decided to go for a little route. So I
 routed to the end of the ethernet cable. And when I got there, I thought maybe
 I'd route to the end of the dishy. And when I got there, I thought maybe I'd
 just route across the satellites. And I figured, since I route this far, maybe
 I'd just route across the space lasers. And that's what I did. I routed clear
 across the Internet. For no particular reason I just kept on going. I routed
 clear to the old Club Penguin servers. And when I got there, I figured, since
 I'd gone this far, I might as well turn around, just keep on routing. When I
 got to a firewall, I figured, since I'd gone this far, I might as well just
 turn back, keep right on routing.

  2025.12.01.mr65826                        Router-0100000000000000011A1D57
--------------------------------------------------------------------------------
admin@192.168.1.1: Permission denied (publickey,keyboard-interactive).


2025-12-16 09:49:08,480 p=33710 u=maharavo n=ansible INFO| fatal: [router1]: UNREACHABLE! => {"changed": false, "msg": "Task failed: Failed to connect to the host via ssh: ** WARNING: connection is not using a post-quantum key exchange algorithm.\r\n** This session may be vulnerable to \"store now, decrypt later\" attacks.\r\n** The server may need to be upgraded. See https://openssh.com/pq.html\r\n\n-----BEGIN CERTIFICATE-----\nMIIB6jCCAXCgAwIBAgIMAQAAAAAAAAABGh1XMAoGCCqGSM49BAMDMBsxGTAXBgNV\nBAMTEFNwYWNlWCBSb3V0ZXIgQ0EwHhcNMjQwNjA3MDAwMDAwWhcNNDQwNjA3MDAw\nMDAwWjBIMQswCQYDVQQGEwJVUzEPMA0GA1UEChMGU3BhY2VYMSgwJgYDVQQDEx9S\nb3V0ZXItMDEwMDAwMDAwMDAwMDAwMDAxMUExRDU3MHYwEAYHKoZIzj0CAQYFK4EE\nACIDYgAEXRZTFP0rn8/yKtjO0RZjfvbfzxKzbYvDxpgbWCVzwYZMcGrvtSPOSPYn\n4VPzyWZd3ygyxEfBInLFhun7d85AhTBBX55ZXS/A/yn2884QaePBEsLbRvUp/Z43\njD9aO9UQo1AwTjAdBgNVHQ4EFgQU+6o4qZYeCTJbgsYiefKD1phzePUwHwYDVR0j\nBBgwFoAUXK1XuFQFitF8QKLiv/LDgeiTQiAwDAYDVR0TBAUwAwEBADAKBggqhkjO\nPQQDAwNoADBlAjEAt0CNN6rRrEe1ZRfBgLtYP1Bg7D93tuT2eF+OBfcczKfD4rly\na+pB00hcjDxDUydyAjA5pu823zm3ybto9sTCCvmDMj+gxRv0YDb4gjVOTvlDrus2\nKqSBAfJHtaFU40/lnxA=\n-----END CERTIFICATE-----\n\n                                                                   +\n                                                    +\n                                          +    +\n                                   +     +\n                              +      +\n   + + + + +              +     +\n     +        +       +     +\n        +       + +      +\n           +   +      +\n             +      + +                      +-------------------------+\n         +      +        +                   |                         |\n      +       +    +        +                |           ._.           |\n    +       +         +        +             |                         |\n   + + + + +             + + + + +           +-------------------------+\n--------------------------------------------------------------------------------\n That day, for no particular reason, I decided to go for a little route. So I\n routed to the end of the ethernet cable. And when I got there, I thought maybe\n I'd route to the end of the dishy. And when I got there, I thought maybe I'd\n just route across the satellites. And I figured, since I route this far, maybe\n I'd just route across the space lasers. And that's what I did. I routed clear\n across the Internet. For no particular reason I just kept on going. I routed\n clear to the old Club Penguin servers. And when I got there, I figured, since\n I'd gone this far, I might as well turn around, just keep on routing. When I\n got to a firewall, I figured, since I'd gone this far, I might as well just\n turn back, keep right on routing.\n\n  2025.12.01.mr65826                        Router-0100000000000000011A1D57\n--------------------------------------------------------------------------------\nadmin@192.168.1.1: Permission denied (publickey,keyboard-interactive).", "unreachable": true}
2025-12-16 09:49:11,091 p=33710 u=maharavo n=ansible ERROR| [ERROR]: Task failed: Failed to connect to the host via ssh: ssh: connect to host 192.168.1.22 port 22: No route to host

Task failed.

<<< caused by >>>

Failed to connect to the host via ssh: ssh: connect to host 192.168.1.22 port 22: No route to host


2025-12-16 09:49:11,092 p=33710 u=maharavo n=ansible INFO| fatal: [pc2]: UNREACHABLE! => {"changed": false, "msg": "Task failed: Failed to connect to the host via ssh: ssh: connect to host 192.168.1.22 port 22: No route to host", "unreachable": true}
2025-12-16 09:49:11,093 p=33710 u=maharavo n=ansible INFO| PLAY RECAP *********************************************************************
2025-12-16 09:49:11,093 p=33710 u=maharavo n=ansible INFO| pc2                        : ok=0    changed=0    unreachable=1    failed=0    skipped=0    rescued=0    ignored=0   
2025-12-16 09:49:11,093 p=33710 u=maharavo n=ansible INFO| router1                    : ok=0    changed=0    unreachable=1    failed=0    skipped=0    rescued=0    ignored=0   
2025-12-16 09:49:11,093 p=33710 u=maharavo n=ansible INFO| web-server                 : ok=0    changed=0    unreachable=1    failed=0    skipped=0    rescued=0    ignored=0   
2025-12-16 14:58:51,990 p=40508 u=maharavo n=ansible ERROR| [ERROR]: Task failed: Failed to connect to the host via ssh: admin@192.168.1.20: Permission denied (publickey,password).

Task failed.
Origin: <adhoc 'ping' task>

{'action': 'ping', 'args': {}, 'timeout': 0, 'async_val': 0, 'poll': 15}

<<< caused by >>>

Failed to connect to the host via ssh: admin@192.168.1.20: Permission denied (publickey,password).


2025-12-16 14:58:52,011 p=40508 u=maharavo n=ansible INFO| web-server | UNREACHABLE! => {
    "changed": false,
    "msg": "Task failed: Failed to connect to the host via ssh: admin@192.168.1.20: Permission denied (publickey,password).",
    "unreachable": true
}
2025-12-16 14:58:52,126 p=40508 u=maharavo n=ansible ERROR| [ERROR]: Task failed: Failed to connect to the host via ssh: ** WARNING: connection is not using a post-quantum key exchange algorithm.
** This session may be vulnerable to "store now, decrypt later" attacks.
** The server may need to be upgraded. See https://openssh.com/pq.html

-----BEGIN CERTIFICATE-----
MIIB6jCCAXCgAwIBAgIMAQAAAAAAAAABGh1XMAoGCCqGSM49BAMDMBsxGTAXBgNV
BAMTEFNwYWNlWCBSb3V0ZXIgQ0EwHhcNMjQwNjA3MDAwMDAwWhcNNDQwNjA3MDAw
MDAwWjBIMQswCQYDVQQGEwJVUzEPMA0GA1UEChMGU3BhY2VYMSgwJgYDVQQDEx9S
b3V0ZXItMDEwMDAwMDAwMDAwMDAwMDAxMUExRDU3MHYwEAYHKoZIzj0CAQYFK4EE
ACIDYgAEXRZTFP0rn8/yKtjO0RZjfvbfzxKzbYvDxpgbWCVzwYZMcGrvtSPOSPYn
4VPzyWZd3ygyxEfBInLFhun7d85AhTBBX55ZXS/A/yn2884QaePBEsLbRvUp/Z43
jD9aO9UQo1AwTjAdBgNVHQ4EFgQU+6o4qZYeCTJbgsYiefKD1phzePUwHwYDVR0j
BBgwFoAUXK1XuFQFitF8QKLiv/LDgeiTQiAwDAYDVR0TBAUwAwEBADAKBggqhkjO
PQQDAwNoADBlAjEAt0CNN6rRrEe1ZRfBgLtYP1Bg7D93tuT2eF+OBfcczKfD4rly
a+pB00hcjDxDUydyAjA5pu823zm3ybto9sTCCvmDMj+gxRv0YDb4gjVOTvlDrus2
KqSBAfJHtaFU40/lnxA=
-----END CERTIFICATE-----

                                                                   +
                                                    +
                                          +    +
                                   +     +
                              +      +
   + + + + +              +     +
     +        +       +     +
        +       + +      +
           +   +      +
             +      + +                      +-------------------------+
         +      +        +                   |                         |
      +       +    +        +                |           ._.           |
    +       +         +        +             |                         |
   + + + + +             + + + + +           +-------------------------+
--------------------------------------------------------------------------------
 That day, for no particular reason, I decided to go for a little route. So I
 routed to the end of the ethernet cable. And when I got there, I thought maybe
 I'd route to the end of the dishy. And when I got there, I thought maybe I'd
 just route across the satellites. And I figured, since I route this far, maybe
 I'd just route across the space lasers. And that's what I did. I routed clear
 across the Internet. For no particular reason I just kept on going. I routed
 clear to the old Club Penguin servers. And when I got there, I figured, since
 I'd gone this far, I might as well turn around, just keep on routing. When I
 got to a firewall, I figured, since I'd gone this far, I might as well just
 turn back, keep right on routing.

  2025.12.01.mr65826                        Router-0100000000000000011A1D57
--------------------------------------------------------------------------------
admin@192.168.1.1: Permission denied (publickey,keyboard-interactive).

Task failed.
Origin: <adhoc 'ping' task>

{'action': 'ping', 'args': {}, 'timeout': 0, 'async_val': 0, 'poll': 15}

<<< caused by >>>

Failed to connect to the host via ssh: ** WARNING: connection is not using a post-quantum key exchange algorithm.
** This session may be vulnerable to "store now, decrypt later" attacks.
** The server may need to be upgraded. See https://openssh.com/pq.html

-----BEGIN CERTIFICATE-----
MIIB6jCCAXCgAwIBAgIMAQAAAAAAAAABGh1XMAoGCCqGSM49BAMDMBsxGTAXBgNV
BAMTEFNwYWNlWCBSb3V0ZXIgQ0EwHhcNMjQwNjA3MDAwMDAwWhcNNDQwNjA3MDAw
MDAwWjBIMQswCQYDVQQGEwJVUzEPMA0GA1UEChMGU3BhY2VYMSgwJgYDVQQDEx9S
b3V0ZXItMDEwMDAwMDAwMDAwMDAwMDAxMUExRDU3MHYwEAYHKoZIzj0CAQYFK4EE
ACIDYgAEXRZTFP0rn8/yKtjO0RZjfvbfzxKzbYvDxpgbWCVzwYZMcGrvtSPOSPYn
4VPzyWZd3ygyxEfBInLFhun7d85AhTBBX55ZXS/A/yn2884QaePBEsLbRvUp/Z43
jD9aO9UQo1AwTjAdBgNVHQ4EFgQU+6o4qZYeCTJbgsYiefKD1phzePUwHwYDVR0j
BBgwFoAUXK1XuFQFitF8QKLiv/LDgeiTQiAwDAYDVR0TBAUwAwEBADAKBggqhkjO
PQQDAwNoADBlAjEAt0CNN6rRrEe1ZRfBgLtYP1Bg7D93tuT2eF+OBfcczKfD4rly
a+pB00hcjDxDUydyAjA5pu823zm3ybto9sTCCvmDMj+gxRv0YDb4gjVOTvlDrus2
KqSBAfJHtaFU40/lnxA=
-----END CERTIFICATE-----

                                                                   +
                                                    +
                                          +    +
                                   +     +
                              +      +
   + + + + +              +     +
     +        +       +     +
        +       + +      +
           +   +      +
             +      + +                      +-------------------------+
         +      +        +                   |                         |
      +       +    +        +                |           ._.           |
    +       +         +        +             |                         |
   + + + + +             + + + + +           +-------------------------+
--------------------------------------------------------------------------------
 That day, for no particular reason, I decided to go for a little route. So I
 routed to the end of the ethernet cable. And when I got there, I thought maybe
 I'd route to the end of the dishy. And when I got there, I thought maybe I'd
 just route across the satellites. And I figured, since I route this far, maybe
 I'd just route across the space lasers. And that's what I did. I routed clear
 across the Internet. For no particular reason I just kept on going. I routed
 clear to the old Club Penguin servers. And when I got there, I figured, since
 I'd gone this far, I might as well turn around, just keep on routing. When I
 got to a firewall, I figured, since I'd gone this far, I might as well just
 turn back, keep right on routing.

  2025.12.01.mr65826                        Router-0100000000000000011A1D57
--------------------------------------------------------------------------------
admin@192.168.1.1: Permission denied (publickey,keyboard-interactive).


2025-12-16 14:58:52,126 p=40508 u=maharavo n=ansible INFO| router1 | UNREACHABLE! => {
    "changed": false,
    "msg": "Task failed: Failed to connect to the host via ssh: ** WARNING: connection is not using a post-quantum key exchange algorithm.\r\n** This session may be vulnerable to \"store now, decrypt later\" attacks.\r\n** The server may need to be upgraded. See https://openssh.com/pq.html\r\n\n-----BEGIN CERTIFICATE-----\nMIIB6jCCAXCgAwIBAgIMAQAAAAAAAAABGh1XMAoGCCqGSM49BAMDMBsxGTAXBgNV\nBAMTEFNwYWNlWCBSb3V0ZXIgQ0EwHhcNMjQwNjA3MDAwMDAwWhcNNDQwNjA3MDAw\nMDAwWjBIMQswCQYDVQQGEwJVUzEPMA0GA1UEChMGU3BhY2VYMSgwJgYDVQQDEx9S\nb3V0ZXItMDEwMDAwMDAwMDAwMDAwMDAxMUExRDU3MHYwEAYHKoZIzj0CAQYFK4EE\nACIDYgAEXRZTFP0rn8/yKtjO0RZjfvbfzxKzbYvDxpgbWCVzwYZMcGrvtSPOSPYn\n4VPzyWZd3ygyxEfBInLFhun7d85AhTBBX55ZXS/A/yn2884QaePBEsLbRvUp/Z43\njD9aO9UQo1AwTjAdBgNVHQ4EFgQU+6o4qZYeCTJbgsYiefKD1phzePUwHwYDVR0j\nBBgwFoAUXK1XuFQFitF8QKLiv/LDgeiTQiAwDAYDVR0TBAUwAwEBADAKBggqhkjO\nPQQDAwNoADBlAjEAt0CNN6rRrEe1ZRfBgLtYP1Bg7D93tuT2eF+OBfcczKfD4rly\na+pB00hcjDxDUydyAjA5pu823zm3ybto9sTCCvmDMj+gxRv0YDb4gjVOTvlDrus2\nKqSBAfJHtaFU40/lnxA=\n-----END CERTIFICATE-----\n\n                                                                   +\n                                                    +\n                                          +    +\n                                   +     +\n                              +      +\n   + + + + +              +     +\n     +        +       +     +\n        +       + +      +\n           +   +      +\n             +      + +                      +-------------------------+\n         +      +        +                   |                         |\n      +       +    +        +                |           ._.           |\n    +       +         +        +             |                         |\n   + + + + +             + + + + +           +-------------------------+\n--------------------------------------------------------------------------------\n That day, for no particular reason, I decided to go for a little route. So I\n routed to the end of the ethernet cable. And when I got there, I thought maybe\n I'd route to the end of the dishy. And when I got there, I thought maybe I'd\n just route across the satellites. And I figured, since I route this far, maybe\n I'd just route across the space lasers. And that's what I did. I routed clear\n across the Internet. For no particular reason I just kept on going. I routed\n clear to the old Club Penguin servers. And when I got there, I figured, since\n I'd gone this far, I might as well turn around, just keep on routing. When I\n got to a firewall, I figured, since I'd gone this far, I might as well just\n turn back, keep right on routing.\n\n  2025.12.01.mr65826                        Router-0100000000000000011A1D57\n--------------------------------------------------------------------------------\nadmin@192.168.1.1: Permission denied (publickey,keyboard-interactive).",
    "unreachable": true
}
2025-12-16 14:58:54,838 p=40508 u=maharavo n=ansible ERROR| [ERROR]: Task failed: Failed to connect to the host via ssh: ssh: connect to host 192.168.1.22 port 22: No route to host

Task failed.
Origin: <adhoc 'ping' task>

{'action': 'ping', 'args': {}, 'timeout': 0, 'async_val': 0, 'poll': 15}

<<< caused by >>>

Failed to connect to the host via ssh: ssh: connect to host 192.168.1.22 port 22: No route to host


2025-12-16 14:58:54,838 p=40508 u=maharavo n=ansible INFO| pc2 | UNREACHABLE! => {
    "changed": false,
    "msg": "Task failed: Failed to connect to the host via ssh: ssh: connect to host 192.168.1.22 port 22: No route to host",
    "unreachable": true
}
2025-12-16 15:18:05,829 p=42901 u=maharavo n=ansible INFO| localhost | SUCCESS => {
    "changed": false,
    "ping": "pong"
}
2025-12-16 16:28:49,032 p=56255 u=maharavo n=ansible ERROR| [ERROR]: Task failed: Failed to connect to the host via ssh: Warning: Permanently added '192.168.1.158' (ED25519) to the list of known hosts.
mit@192.168.1.158: Permission denied (publickey,password).

Task failed.
Origin: <adhoc 'ping' task>

{'action': 'ping', 'args': {}, 'timeout': 0, 'async_val': 0, 'poll': 15}

<<< caused by >>>

Failed to connect to the host via ssh: Warning: Permanently added '192.168.1.158' (ED25519) to the list of known hosts.
mit@192.168.1.158: Permission denied (publickey,password).


2025-12-16 16:28:49,050 p=56255 u=maharavo n=ansible INFO| test | UNREACHABLE! => {
    "changed": false,
    "msg": "Task failed: Failed to connect to the host via ssh: Warning: Permanently added '192.168.1.158' (ED25519) to the list of known hosts.\r\nmit@192.168.1.158: Permission denied (publickey,password).",
    "unreachable": true
}
2025-12-16 16:40:37,389 p=58115 u=maharavo n=ansible ERROR| [ERROR]: Task failed: Failed to connect to the host via ssh: mit@192.168.1.158: Permission denied (publickey,password).

Task failed.
Origin: <adhoc 'ping' task>

{'action': 'ping', 'args': {}, 'timeout': 0, 'async_val': 0, 'poll': 15}

<<< caused by >>>

Failed to connect to the host via ssh: mit@192.168.1.158: Permission denied (publickey,password).


2025-12-16 16:40:37,390 p=58115 u=maharavo n=ansible INFO| test | UNREACHABLE! => {
    "changed": false,
    "msg": "Task failed: Failed to connect to the host via ssh: mit@192.168.1.158: Permission denied (publickey,password).",
    "unreachable": true
}
2025-12-16 16:46:03,370 p=59090 u=maharavo n=ansible WARNING| [WARNING]: Host 'test' is using the discovered Python interpreter at '/usr/bin/python3.10', but future installation of another Python interpreter could cause a different interpreter to be discovered. See https://docs.ansible.com/ansible-core/2.20/reference_appendices/interpreter_discovery.html for more information.

2025-12-16 16:46:03,371 p=59090 u=maharavo n=ansible ERROR| [ERROR]: Task failed: Missing sudo password
Origin: <adhoc 'ping' task>

{'action': 'ping', 'args': {}, 'timeout': 0, 'async_val': 0, 'poll': 15}


2025-12-16 16:46:03,388 p=59090 u=maharavo n=ansible INFO| test | FAILED! => {
    "changed": false,
    "msg": "Task failed: Missing sudo password"
}
2025-12-16 16:54:18,977 p=60802 u=maharavo n=ansible ERROR| [ERROR]: YAML parsing failed: While scanning a quoted scalar found unexpected end of stream.

2025-12-16 17:01:50,585 p=62512 u=maharavo n=ansible WARNING| [WARNING]: Host 'test' is using the discovered Python interpreter at '/usr/bin/python3.10', but future installation of another Python interpreter could cause a different interpreter to be discovered. See https://docs.ansible.com/ansible-core/2.20/reference_appendices/interpreter_discovery.html for more information.

2025-12-16 17:01:50,586 p=62512 u=maharavo n=ansible INFO| test | SUCCESS => {
    "ansible_facts": {
        "discovered_interpreter_python": "/usr/bin/python3.10"
    },
    "changed": false,
    "ping": "pong"
}
2025-12-16 17:02:43,978 p=62593 u=maharavo n=ansible ERROR| [ERROR]: Task failed: Failed to connect to the host via ssh: ** WARNING: connection is not using a post-quantum key exchange algorithm.
** This session may be vulnerable to "store now, decrypt later" attacks.
** The server may need to be upgraded. See https://openssh.com/pq.html

-----BEGIN CERTIFICATE-----
MIIB6jCCAXCgAwIBAgIMAQAAAAAAAAABGh1XMAoGCCqGSM49BAMDMBsxGTAXBgNV
BAMTEFNwYWNlWCBSb3V0ZXIgQ0EwHhcNMjQwNjA3MDAwMDAwWhcNNDQwNjA3MDAw
MDAwWjBIMQswCQYDVQQGEwJVUzEPMA0GA1UEChMGU3BhY2VYMSgwJgYDVQQDEx9S
b3V0ZXItMDEwMDAwMDAwMDAwMDAwMDAxMUExRDU3MHYwEAYHKoZIzj0CAQYFK4EE
ACIDYgAEXRZTFP0rn8/yKtjO0RZjfvbfzxKzbYvDxpgbWCVzwYZMcGrvtSPOSPYn
4VPzyWZd3ygyxEfBInLFhun7d85AhTBBX55ZXS/A/yn2884QaePBEsLbRvUp/Z43
jD9aO9UQo1AwTjAdBgNVHQ4EFgQU+6o4qZYeCTJbgsYiefKD1phzePUwHwYDVR0j
BBgwFoAUXK1XuFQFitF8QKLiv/LDgeiTQiAwDAYDVR0TBAUwAwEBADAKBggqhkjO
PQQDAwNoADBlAjEAt0CNN6rRrEe1ZRfBgLtYP1Bg7D93tuT2eF+OBfcczKfD4rly
a+pB00hcjDxDUydyAjA5pu823zm3ybto9sTCCvmDMj+gxRv0YDb4gjVOTvlDrus2
KqSBAfJHtaFU40/lnxA=
-----END CERTIFICATE-----

                                                                   +
                                                    +
                                          +    +
                                   +     +
                              +      +
   + + + + +              +     +
     +        +       +     +
        +       + +      +
           +   +      +
             +      + +                      +-------------------------+
         +      +        +                   |                         |
      +       +    +        +                |           ._.           |
    +       +         +        +             |                         |
   + + + + +             + + + + +           +-------------------------+
--------------------------------------------------------------------------------
 That day, for no particular reason, I decided to go for a little route. So I
 routed to the end of the ethernet cable. And when I got there, I thought maybe
 I'd route to the end of the dishy. And when I got there, I thought maybe I'd
 just route across the satellites. And I figured, since I route this far, maybe
 I'd just route across the space lasers. And that's what I did. I routed clear
 across the Internet. For no particular reason I just kept on going. I routed
 clear to the old Club Penguin servers. And when I got there, I figured, since
 I'd gone this far, I might as well turn around, just keep on routing. When I
 got to a firewall, I figured, since I'd gone this far, I might as well just
 turn back, keep right on routing.

  2025.12.01.mr65826                        Router-0100000000000000011A1D57
--------------------------------------------------------------------------------
admin@192.168.1.1: Permission denied (publickey,keyboard-interactive).

Task failed.
Origin: <adhoc 'ping' task>

{'action': 'ping', 'args': {}, 'timeout': 0, 'async_val': 0, 'poll': 15}

<<< caused by >>>

Failed to connect to the host via ssh: ** WARNING: connection is not using a post-quantum key exchange algorithm.
** This session may be vulnerable to "store now, decrypt later" attacks.
** The server may need to be upgraded. See https://openssh.com/pq.html

-----BEGIN CERTIFICATE-----
MIIB6jCCAXCgAwIBAgIMAQAAAAAAAAABGh1XMAoGCCqGSM49BAMDMBsxGTAXBgNV
BAMTEFNwYWNlWCBSb3V0ZXIgQ0EwHhcNMjQwNjA3MDAwMDAwWhcNNDQwNjA3MDAw
MDAwWjBIMQswCQYDVQQGEwJVUzEPMA0GA1UEChMGU3BhY2VYMSgwJgYDVQQDEx9S
b3V0ZXItMDEwMDAwMDAwMDAwMDAwMDAxMUExRDU3MHYwEAYHKoZIzj0CAQYFK4EE
ACIDYgAEXRZTFP0rn8/yKtjO0RZjfvbfzxKzbYvDxpgbWCVzwYZMcGrvtSPOSPYn
4VPzyWZd3ygyxEfBInLFhun7d85AhTBBX55ZXS/A/yn2884QaePBEsLbRvUp/Z43
jD9aO9UQo1AwTjAdBgNVHQ4EFgQU+6o4qZYeCTJbgsYiefKD1phzePUwHwYDVR0j
BBgwFoAUXK1XuFQFitF8QKLiv/LDgeiTQiAwDAYDVR0TBAUwAwEBADAKBggqhkjO
PQQDAwNoADBlAjEAt0CNN6rRrEe1ZRfBgLtYP1Bg7D93tuT2eF+OBfcczKfD4rly
a+pB00hcjDxDUydyAjA5pu823zm3ybto9sTCCvmDMj+gxRv0YDb4gjVOTvlDrus2
KqSBAfJHtaFU40/lnxA=
-----END CERTIFICATE-----

                                                                   +
                                                    +
                                          +    +
                                   +     +
                              +      +
   + + + + +              +     +
     +        +       +     +
        +       + +      +
           +   +      +
             +      + +                      +-------------------------+
         +      +        +                   |                         |
      +       +    +        +                |           ._.           |
    +       +         +        +             |                         |
   + + + + +             + + + + +           +-------------------------+
--------------------------------------------------------------------------------
 That day, for no particular reason, I decided to go for a little route. So I
 routed to the end of the ethernet cable. And when I got there, I thought maybe
 I'd route to the end of the dishy. And when I got there, I thought maybe I'd
 just route across the satellites. And I figured, since I route this far, maybe
 I'd just route across the space lasers. And that's what I did. I routed clear
 across the Internet. For no particular reason I just kept on going. I routed
 clear to the old Club Penguin servers. And when I got there, I figured, since
 I'd gone this far, I might as well turn around, just keep on routing. When I
 got to a firewall, I figured, since I'd gone this far, I might as well just
 turn back, keep right on routing.

  2025.12.01.mr65826                        Router-0100000000000000011A1D57
--------------------------------------------------------------------------------
admin@192.168.1.1: Permission denied (publickey,keyboard-interactive).


2025-12-16 17:02:43,979 p=62593 u=maharavo n=ansible INFO| router1 | UNREACHABLE! => {
    "changed": false,
    "msg": "Task failed: Failed to connect to the host via ssh: ** WARNING: connection is not using a post-quantum key exchange algorithm.\r\n** This session may be vulnerable to \"store now, decrypt later\" attacks.\r\n** The server may need to be upgraded. See https://openssh.com/pq.html\r\n\n-----BEGIN CERTIFICATE-----\nMIIB6jCCAXCgAwIBAgIMAQAAAAAAAAABGh1XMAoGCCqGSM49BAMDMBsxGTAXBgNV\nBAMTEFNwYWNlWCBSb3V0ZXIgQ0EwHhcNMjQwNjA3MDAwMDAwWhcNNDQwNjA3MDAw\nMDAwWjBIMQswCQYDVQQGEwJVUzEPMA0GA1UEChMGU3BhY2VYMSgwJgYDVQQDEx9S\nb3V0ZXItMDEwMDAwMDAwMDAwMDAwMDAxMUExRDU3MHYwEAYHKoZIzj0CAQYFK4EE\nACIDYgAEXRZTFP0rn8/yKtjO0RZjfvbfzxKzbYvDxpgbWCVzwYZMcGrvtSPOSPYn\n4VPzyWZd3ygyxEfBInLFhun7d85AhTBBX55ZXS/A/yn2884QaePBEsLbRvUp/Z43\njD9aO9UQo1AwTjAdBgNVHQ4EFgQU+6o4qZYeCTJbgsYiefKD1phzePUwHwYDVR0j\nBBgwFoAUXK1XuFQFitF8QKLiv/LDgeiTQiAwDAYDVR0TBAUwAwEBADAKBggqhkjO\nPQQDAwNoADBlAjEAt0CNN6rRrEe1ZRfBgLtYP1Bg7D93tuT2eF+OBfcczKfD4rly\na+pB00hcjDxDUydyAjA5pu823zm3ybto9sTCCvmDMj+gxRv0YDb4gjVOTvlDrus2\nKqSBAfJHtaFU40/lnxA=\n-----END CERTIFICATE-----\n\n                                                                   +\n                                                    +\n                                          +    +\n                                   +     +\n                              +      +\n   + + + + +              +     +\n     +        +       +     +\n        +       + +      +\n           +   +      +\n             +      + +                      +-------------------------+\n         +      +        +                   |                         |\n      +       +    +        +                |           ._.           |\n    +       +         +        +             |                         |\n   + + + + +             + + + + +           +-------------------------+\n--------------------------------------------------------------------------------\n That day, for no particular reason, I decided to go for a little route. So I\n routed to the end of the ethernet cable. And when I got there, I thought maybe\n I'd route to the end of the dishy. And when I got there, I thought maybe I'd\n just route across the satellites. And I figured, since I route this far, maybe\n I'd just route across the space lasers. And that's what I did. I routed clear\n across the Internet. For no particular reason I just kept on going. I routed\n clear to the old Club Penguin servers. And when I got there, I figured, since\n I'd gone this far, I might as well turn around, just keep on routing. When I\n got to a firewall, I figured, since I'd gone this far, I might as well just\n turn back, keep right on routing.\n\n  2025.12.01.mr65826                        Router-0100000000000000011A1D57\n--------------------------------------------------------------------------------\nadmin@192.168.1.1: Permission denied (publickey,keyboard-interactive).",
    "unreachable": true
}
2025-12-16 17:02:44,105 p=62593 u=maharavo n=ansible WARNING| [WARNING]: Host 'test' is using the discovered Python interpreter at '/usr/bin/python3.10', but future installation of another Python interpreter could cause a different interpreter to be discovered. See https://docs.ansible.com/ansible-core/2.20/reference_appendices/interpreter_discovery.html for more information.

2025-12-16 17:02:44,107 p=62593 u=maharavo n=ansible INFO| test | SUCCESS => {
    "ansible_facts": {
        "discovered_interpreter_python": "/usr/bin/python3.10"
    },
    "changed": false,
    "ping": "pong"
}
2025-12-16 17:02:44,375 p=62593 u=maharavo n=ansible INFO| localhost | SUCCESS => {
    "changed": false,
    "ping": "pong"
}
2025-12-16 17:03:03,398 p=62653 u=maharavo n=ansible WARNING| [WARNING]: Host 'test' is using the discovered Python interpreter at '/usr/bin/python3.10', but future installation of another Python interpreter could cause a different interpreter to be discovered. See https://docs.ansible.com/ansible-core/2.20/reference_appendices/interpreter_discovery.html for more information.

2025-12-16 17:03:03,399 p=62653 u=maharavo n=ansible INFO| test | SUCCESS => {
    "ansible_facts": {
        "discovered_interpreter_python": "/usr/bin/python3.10"
    },
    "changed": false,
    "ping": "pong"
}
2025-12-16 17:03:22,691 p=62690 u=maharavo n=ansible INFO| PLAY [Maintenance complète du système] *****************************************
2025-12-16 17:03:22,715 p=62690 u=maharavo n=ansible INFO| TASK [Gathering Facts] *********************************************************
2025-12-16 17:03:23,864 p=62690 u=maharavo n=ansible ERROR| [ERROR]: Task failed: Failed to connect to the host via ssh: ** WARNING: connection is not using a post-quantum key exchange algorithm.
** This session may be vulnerable to "store now, decrypt later" attacks.
** The server may need to be upgraded. See https://openssh.com/pq.html

-----BEGIN CERTIFICATE-----
MIIB6jCCAXCgAwIBAgIMAQAAAAAAAAABGh1XMAoGCCqGSM49BAMDMBsxGTAXBgNV
BAMTEFNwYWNlWCBSb3V0ZXIgQ0EwHhcNMjQwNjA3MDAwMDAwWhcNNDQwNjA3MDAw
MDAwWjBIMQswCQYDVQQGEwJVUzEPMA0GA1UEChMGU3BhY2VYMSgwJgYDVQQDEx9S
b3V0ZXItMDEwMDAwMDAwMDAwMDAwMDAxMUExRDU3MHYwEAYHKoZIzj0CAQYFK4EE
ACIDYgAEXRZTFP0rn8/yKtjO0RZjfvbfzxKzbYvDxpgbWCVzwYZMcGrvtSPOSPYn
4VPzyWZd3ygyxEfBInLFhun7d85AhTBBX55ZXS/A/yn2884QaePBEsLbRvUp/Z43
jD9aO9UQo1AwTjAdBgNVHQ4EFgQU+6o4qZYeCTJbgsYiefKD1phzePUwHwYDVR0j
BBgwFoAUXK1XuFQFitF8QKLiv/LDgeiTQiAwDAYDVR0TBAUwAwEBADAKBggqhkjO
PQQDAwNoADBlAjEAt0CNN6rRrEe1ZRfBgLtYP1Bg7D93tuT2eF+OBfcczKfD4rly
a+pB00hcjDxDUydyAjA5pu823zm3ybto9sTCCvmDMj+gxRv0YDb4gjVOTvlDrus2
KqSBAfJHtaFU40/lnxA=
-----END CERTIFICATE-----

                                                                   +
                                                    +
                                          +    +
                                   +     +
                              +      +
   + + + + +              +     +
     +        +       +     +
        +       + +      +
           +   +      +
             +      + +                      +-------------------------+
         +      +        +                   |                         |
      +       +    +        +                |           ._.           |
    +       +         +        +             |                         |
   + + + + +             + + + + +           +-------------------------+
--------------------------------------------------------------------------------
 That day, for no particular reason, I decided to go for a little route. So I
 routed to the end of the ethernet cable. And when I got there, I thought maybe
 I'd route to the end of the dishy. And when I got there, I thought maybe I'd
 just route across the satellites. And I figured, since I route this far, maybe
 I'd just route across the space lasers. And that's what I did. I routed clear
 across the Internet. For no particular reason I just kept on going. I routed
 clear to the old Club Penguin servers. And when I got there, I figured, since
 I'd gone this far, I might as well turn around, just keep on routing. When I
 got to a firewall, I figured, since I'd gone this far, I might as well just
 turn back, keep right on routing.

  2025.12.01.mr65826                        Router-0100000000000000011A1D57
--------------------------------------------------------------------------------
admin@192.168.1.1: Permission denied (publickey,keyboard-interactive).

Task failed.

<<< caused by >>>

Failed to connect to the host via ssh: ** WARNING: connection is not using a post-quantum key exchange algorithm.
** This session may be vulnerable to "store now, decrypt later" attacks.
** The server may need to be upgraded. See https://openssh.com/pq.html

-----BEGIN CERTIFICATE-----
MIIB6jCCAXCgAwIBAgIMAQAAAAAAAAABGh1XMAoGCCqGSM49BAMDMBsxGTAXBgNV
BAMTEFNwYWNlWCBSb3V0ZXIgQ0EwHhcNMjQwNjA3MDAwMDAwWhcNNDQwNjA3MDAw
MDAwWjBIMQswCQYDVQQGEwJVUzEPMA0GA1UEChMGU3BhY2VYMSgwJgYDVQQDEx9S
b3V0ZXItMDEwMDAwMDAwMDAwMDAwMDAxMUExRDU3MHYwEAYHKoZIzj0CAQYFK4EE
ACIDYgAEXRZTFP0rn8/yKtjO0RZjfvbfzxKzbYvDxpgbWCVzwYZMcGrvtSPOSPYn
4VPzyWZd3ygyxEfBInLFhun7d85AhTBBX55ZXS/A/yn2884QaePBEsLbRvUp/Z43
jD9aO9UQo1AwTjAdBgNVHQ4EFgQU+6o4qZYeCTJbgsYiefKD1phzePUwHwYDVR0j
BBgwFoAUXK1XuFQFitF8QKLiv/LDgeiTQiAwDAYDVR0TBAUwAwEBADAKBggqhkjO
PQQDAwNoADBlAjEAt0CNN6rRrEe1ZRfBgLtYP1Bg7D93tuT2eF+OBfcczKfD4rly
a+pB00hcjDxDUydyAjA5pu823zm3ybto9sTCCvmDMj+gxRv0YDb4gjVOTvlDrus2
KqSBAfJHtaFU40/lnxA=
-----END CERTIFICATE-----

                                                                   +
                                                    +
                                          +    +
                                   +     +
                              +      +
   + + + + +              +     +
     +        +       +     +
        +       + +      +
           +   +      +
             +      + +                      +-------------------------+
         +      +        +                   |                         |
      +       +    +        +                |           ._.           |
    +       +         +        +             |                         |
   + + + + +             + + + + +           +-------------------------+
--------------------------------------------------------------------------------
 That day, for no particular reason, I decided to go for a little route. So I
 routed to the end of the ethernet cable. And when I got there, I thought maybe
 I'd route to the end of the dishy. And when I got there, I thought maybe I'd
 just route across the satellites. And I figured, since I route this far, maybe
 I'd just route across the space lasers. And that's what I did. I routed clear
 across the Internet. For no particular reason I just kept on going. I routed
 clear to the old Club Penguin servers. And when I got there, I figured, since
 I'd gone this far, I might as well turn around, just keep on routing. When I
 got to a firewall, I figured, since I'd gone this far, I might as well just
 turn back, keep right on routing.

  2025.12.01.mr65826                        Router-0100000000000000011A1D57
--------------------------------------------------------------------------------
admin@192.168.1.1: Permission denied (publickey,keyboard-interactive).


2025-12-16 17:03:23,864 p=62690 u=maharavo n=ansible INFO| fatal: [router1]: UNREACHABLE! => {"changed": false, "msg": "Task failed: Failed to connect to the host via ssh: ** WARNING: connection is not using a post-quantum key exchange algorithm.\r\n** This session may be vulnerable to \"store now, decrypt later\" attacks.\r\n** The server may need to be upgraded. See https://openssh.com/pq.html\r\n\n-----BEGIN CERTIFICATE-----\nMIIB6jCCAXCgAwIBAgIMAQAAAAAAAAABGh1XMAoGCCqGSM49BAMDMBsxGTAXBgNV\nBAMTEFNwYWNlWCBSb3V0ZXIgQ0EwHhcNMjQwNjA3MDAwMDAwWhcNNDQwNjA3MDAw\nMDAwWjBIMQswCQYDVQQGEwJVUzEPMA0GA1UEChMGU3BhY2VYMSgwJgYDVQQDEx9S\nb3V0ZXItMDEwMDAwMDAwMDAwMDAwMDAxMUExRDU3MHYwEAYHKoZIzj0CAQYFK4EE\nACIDYgAEXRZTFP0rn8/yKtjO0RZjfvbfzxKzbYvDxpgbWCVzwYZMcGrvtSPOSPYn\n4VPzyWZd3ygyxEfBInLFhun7d85AhTBBX55ZXS/A/yn2884QaePBEsLbRvUp/Z43\njD9aO9UQo1AwTjAdBgNVHQ4EFgQU+6o4qZYeCTJbgsYiefKD1phzePUwHwYDVR0j\nBBgwFoAUXK1XuFQFitF8QKLiv/LDgeiTQiAwDAYDVR0TBAUwAwEBADAKBggqhkjO\nPQQDAwNoADBlAjEAt0CNN6rRrEe1ZRfBgLtYP1Bg7D93tuT2eF+OBfcczKfD4rly\na+pB00hcjDxDUydyAjA5pu823zm3ybto9sTCCvmDMj+gxRv0YDb4gjVOTvlDrus2\nKqSBAfJHtaFU40/lnxA=\n-----END CERTIFICATE-----\n\n                                                                   +\n                                                    +\n                                          +    +\n                                   +     +\n                              +      +\n   + + + + +              +     +\n     +        +       +     +\n        +       + +      +\n           +   +      +\n             +      + +                      +-------------------------+\n         +      +        +                   |                         |\n      +       +    +        +                |           ._.           |\n    +       +         +        +             |                         |\n   + + + + +             + + + + +           +-------------------------+\n--------------------------------------------------------------------------------\n That day, for no particular reason, I decided to go for a little route. So I\n routed to the end of the ethernet cable. And when I got there, I thought maybe\n I'd route to the end of the dishy. And when I got there, I thought maybe I'd\n just route across the satellites. And I figured, since I route this far, maybe\n I'd just route across the space lasers. And that's what I did. I routed clear\n across the Internet. For no particular reason I just kept on going. I routed\n clear to the old Club Penguin servers. And when I got there, I figured, since\n I'd gone this far, I might as well turn around, just keep on routing. When I\n got to a firewall, I figured, since I'd gone this far, I might as well just\n turn back, keep right on routing.\n\n  2025.12.01.mr65826                        Router-0100000000000000011A1D57\n--------------------------------------------------------------------------------\nadmin@192.168.1.1: Permission denied (publickey,keyboard-interactive).", "unreachable": true}
2025-12-16 17:03:24,878 p=62690 u=maharavo n=ansible WARNING| [WARNING]: Host 'test' is using the discovered Python interpreter at '/usr/bin/python3.10', but future installation of another Python interpreter could cause a different interpreter to be discovered. See https://docs.ansible.com/ansible-core/2.20/reference_appendices/interpreter_discovery.html for more information.

2025-12-16 17:03:24,878 p=62690 u=maharavo n=ansible INFO| ok: [test]
2025-12-16 17:03:24,887 p=62690 u=maharavo n=ansible INFO| TASK [Inclure le rôle de mise à jour] ******************************************
2025-12-16 17:03:24,928 p=62690 u=maharavo n=ansible INFO| included: /home/maharavo/L2/projet_ansible/roles/update.yml for test
2025-12-16 17:03:24,936 p=62690 u=maharavo n=ansible INFO| PLAY [Mise à jour uniquement] **************************************************
2025-12-16 17:03:24,993 p=62690 u=maharavo n=ansible INFO| TASK [Validating arguments against arg spec None] ******************************
2025-12-16 17:03:25,016 p=62690 u=maharavo n=ansible INFO| ok: [test]
2025-12-16 17:03:25,019 p=62690 u=maharavo n=ansible INFO| PLAY [Nettoyage uniquement] ****************************************************
2025-12-16 17:03:25,027 p=62690 u=maharavo n=ansible INFO| TASK [Validating arguments against arg spec None] ******************************
2025-12-16 17:03:25,047 p=62690 u=maharavo n=ansible INFO| ok: [test]
2025-12-16 17:03:25,050 p=62690 u=maharavo n=ansible INFO| PLAY [Configuration réseau uniquement] *****************************************
2025-12-16 17:03:25,058 p=62690 u=maharavo n=ansible INFO| TASK [Validating arguments against arg spec None] ******************************
2025-12-16 17:03:25,078 p=62690 u=maharavo n=ansible INFO| ok: [test]
2025-12-16 17:03:25,085 p=62690 u=maharavo n=ansible INFO| PLAY [Installation MariaDB uniquement] *****************************************
2025-12-16 17:03:25,094 p=62690 u=maharavo n=ansible INFO| TASK [Validating arguments against arg spec None] ******************************
2025-12-16 17:03:25,115 p=62690 u=maharavo n=ansible INFO| ok: [test]
2025-12-16 17:03:25,115 p=62690 u=maharavo n=ansible INFO| PLAY RECAP *********************************************************************
2025-12-16 17:03:25,116 p=62690 u=maharavo n=ansible INFO| router1                    : ok=0    changed=0    unreachable=1    failed=0    skipped=0    rescued=0    ignored=0   
2025-12-16 17:03:25,116 p=62690 u=maharavo n=ansible INFO| test                       : ok=6    changed=0    unreachable=0    failed=0    skipped=0    rescued=0    ignored=0   
2025-12-16 17:03:30,676 p=62731 u=maharavo n=ansible INFO| PLAY [Maintenance complète du système] *****************************************
2025-12-16 17:03:30,692 p=62731 u=maharavo n=ansible INFO| TASK [Gathering Facts] *********************************************************
2025-12-16 17:03:32,602 p=62731 u=maharavo n=ansible WARNING| [WARNING]: Host 'test' is using the discovered Python interpreter at '/usr/bin/python3.10', but future installation of another Python interpreter could cause a different interpreter to be discovered. See https://docs.ansible.com/ansible-core/2.20/reference_appendices/interpreter_discovery.html for more information.

2025-12-16 17:03:32,602 p=62731 u=maharavo n=ansible INFO| ok: [test]
2025-12-16 17:03:32,612 p=62731 u=maharavo n=ansible INFO| TASK [Inclure le rôle de mise à jour] ******************************************
2025-12-16 17:03:32,641 p=62731 u=maharavo n=ansible INFO| included: /home/maharavo/L2/projet_ansible/roles/update.yml for test
2025-12-16 17:03:32,649 p=62731 u=maharavo n=ansible INFO| PLAY [Mise à jour uniquement] **************************************************
2025-12-16 17:03:32,658 p=62731 u=maharavo n=ansible INFO| TASK [Validating arguments against arg spec None] ******************************
2025-12-16 17:03:32,679 p=62731 u=maharavo n=ansible INFO| ok: [test]
2025-12-16 17:03:32,683 p=62731 u=maharavo n=ansible INFO| PLAY [Nettoyage uniquement] ****************************************************
2025-12-16 17:03:32,692 p=62731 u=maharavo n=ansible INFO| TASK [Validating arguments against arg spec None] ******************************
2025-12-16 17:03:32,713 p=62731 u=maharavo n=ansible INFO| ok: [test]
2025-12-16 17:03:32,716 p=62731 u=maharavo n=ansible INFO| PLAY [Configuration réseau uniquement] *****************************************
2025-12-16 17:03:32,730 p=62731 u=maharavo n=ansible INFO| TASK [Validating arguments against arg spec None] ******************************
2025-12-16 17:03:32,750 p=62731 u=maharavo n=ansible INFO| ok: [test]
2025-12-16 17:03:32,755 p=62731 u=maharavo n=ansible INFO| PLAY [Installation MariaDB uniquement] *****************************************
2025-12-16 17:03:32,765 p=62731 u=maharavo n=ansible INFO| TASK [Validating arguments against arg spec None] ******************************
2025-12-16 17:03:32,785 p=62731 u=maharavo n=ansible INFO| ok: [test]
2025-12-16 17:03:32,786 p=62731 u=maharavo n=ansible INFO| PLAY RECAP *********************************************************************
2025-12-16 17:03:32,786 p=62731 u=maharavo n=ansible INFO| test                       : ok=6    changed=0    unreachable=0    failed=0    skipped=0    rescued=0    ignored=0   
2025-12-16 17:08:51,094 p=63068 u=maharavo n=ansible ERROR| [ERROR]: Task failed: Failed to connect to the host via ssh: ssh: connect to host 192.168.11.150 port 22: Connection timed out

Task failed.
Origin: <adhoc 'ping' task>

{'action': 'ping', 'args': {}, 'timeout': 0, 'async_val': 0, 'poll': 15}

<<< caused by >>>

Failed to connect to the host via ssh: ssh: connect to host 192.168.11.150 port 22: Connection timed out


2025-12-16 17:08:51,094 p=63068 u=maharavo n=ansible INFO| test2 | UNREACHABLE! => {
    "changed": false,
    "msg": "Task failed: Failed to connect to the host via ssh: ssh: connect to host 192.168.11.150 port 22: Connection timed out",
    "unreachable": true
}
2025-12-18 14:21:09,714 p=11597 u=maharavo n=ansible WARNING| [WARNING]: Host 'mahatoky' is using the discovered Python interpreter at '/usr/bin/python3.12', but future installation of another Python interpreter could cause a different interpreter to be discovered. See https://docs.ansible.com/ansible-core/2.20/reference_appendices/interpreter_discovery.html for more information.

2025-12-18 14:21:09,730 p=11597 u=maharavo n=ansible INFO| mahatoky | SUCCESS => {
    "ansible_facts": {
        "discovered_interpreter_python": "/usr/bin/python3.12"
    },
    "changed": false,
    "ping": "pong"
}
2025-12-18 14:21:22,629 p=11638 u=maharavo n=ansible INFO| PLAY [Maintenance complète du système] *****************************************
2025-12-18 14:21:22,663 p=11638 u=maharavo n=ansible INFO| TASK [Gathering Facts] *********************************************************
2025-12-18 14:21:23,860 p=11638 u=maharavo n=ansible ERROR| [ERROR]: Task failed: Failed to connect to the host via ssh: ** WARNING: connection is not using a post-quantum key exchange algorithm.
** This session may be vulnerable to "store now, decrypt later" attacks.
** The server may need to be upgraded. See https://openssh.com/pq.html

-----BEGIN CERTIFICATE-----
MIIB6jCCAXCgAwIBAgIMAQAAAAAAAAABGh1XMAoGCCqGSM49BAMDMBsxGTAXBgNV
BAMTEFNwYWNlWCBSb3V0ZXIgQ0EwHhcNMjQwNjA3MDAwMDAwWhcNNDQwNjA3MDAw
MDAwWjBIMQswCQYDVQQGEwJVUzEPMA0GA1UEChMGU3BhY2VYMSgwJgYDVQQDEx9S
b3V0ZXItMDEwMDAwMDAwMDAwMDAwMDAxMUExRDU3MHYwEAYHKoZIzj0CAQYFK4EE
ACIDYgAEXRZTFP0rn8/yKtjO0RZjfvbfzxKzbYvDxpgbWCVzwYZMcGrvtSPOSPYn
4VPzyWZd3ygyxEfBInLFhun7d85AhTBBX55ZXS/A/yn2884QaePBEsLbRvUp/Z43
jD9aO9UQo1AwTjAdBgNVHQ4EFgQU+6o4qZYeCTJbgsYiefKD1phzePUwHwYDVR0j
BBgwFoAUXK1XuFQFitF8QKLiv/LDgeiTQiAwDAYDVR0TBAUwAwEBADAKBggqhkjO
PQQDAwNoADBlAjEAt0CNN6rRrEe1ZRfBgLtYP1Bg7D93tuT2eF+OBfcczKfD4rly
a+pB00hcjDxDUydyAjA5pu823zm3ybto9sTCCvmDMj+gxRv0YDb4gjVOTvlDrus2
KqSBAfJHtaFU40/lnxA=
-----END CERTIFICATE-----

                                                                   +
                                                    +
                                          +    +
                                   +     +
                              +      +
   + + + + +              +     +
     +        +       +     +
        +       + +      +
           +   +      +
             +      + +                      +-------------------------+
         +      +        +                   |                         |
      +       +    +        +                |           ._.           |
    +       +         +        +             |                         |
   + + + + +             + + + + +           +-------------------------+
--------------------------------------------------------------------------------
 That day, for no particular reason, I decided to go for a little route. So I
 routed to the end of the ethernet cable. And when I got there, I thought maybe
 I'd route to the end of the dishy. And when I got there, I thought maybe I'd
 just route across the satellites. And I figured, since I route this far, maybe
 I'd just route across the space lasers. And that's what I did. I routed clear
 across the Internet. For no particular reason I just kept on going. I routed
 clear to the old Club Penguin servers. And when I got there, I figured, since
 I'd gone this far, I might as well turn around, just keep on routing. When I
 got to a firewall, I figured, since I'd gone this far, I might as well just
 turn back, keep right on routing.

  2025.12.08.mr66328                        Router-0100000000000000011A1D57
--------------------------------------------------------------------------------
admin@192.168.1.1: Permission denied (publickey,keyboard-interactive).

Task failed.

<<< caused by >>>

Failed to connect to the host via ssh: ** WARNING: connection is not using a post-quantum key exchange algorithm.
** This session may be vulnerable to "store now, decrypt later" attacks.
** The server may need to be upgraded. See https://openssh.com/pq.html

-----BEGIN CERTIFICATE-----
MIIB6jCCAXCgAwIBAgIMAQAAAAAAAAABGh1XMAoGCCqGSM49BAMDMBsxGTAXBgNV
BAMTEFNwYWNlWCBSb3V0ZXIgQ0EwHhcNMjQwNjA3MDAwMDAwWhcNNDQwNjA3MDAw
MDAwWjBIMQswCQYDVQQGEwJVUzEPMA0GA1UEChMGU3BhY2VYMSgwJgYDVQQDEx9S
b3V0ZXItMDEwMDAwMDAwMDAwMDAwMDAxMUExRDU3MHYwEAYHKoZIzj0CAQYFK4EE
ACIDYgAEXRZTFP0rn8/yKtjO0RZjfvbfzxKzbYvDxpgbWCVzwYZMcGrvtSPOSPYn
4VPzyWZd3ygyxEfBInLFhun7d85AhTBBX55ZXS/A/yn2884QaePBEsLbRvUp/Z43
jD9aO9UQo1AwTjAdBgNVHQ4EFgQU+6o4qZYeCTJbgsYiefKD1phzePUwHwYDVR0j
BBgwFoAUXK1XuFQFitF8QKLiv/LDgeiTQiAwDAYDVR0TBAUwAwEBADAKBggqhkjO
PQQDAwNoADBlAjEAt0CNN6rRrEe1ZRfBgLtYP1Bg7D93tuT2eF+OBfcczKfD4rly
a+pB00hcjDxDUydyAjA5pu823zm3ybto9sTCCvmDMj+gxRv0YDb4gjVOTvlDrus2
KqSBAfJHtaFU40/lnxA=
-----END CERTIFICATE-----

                                                                   +
                                                    +
                                          +    +
                                   +     +
                              +      +
   + + + + +              +     +
     +        +       +     +
        +       + +      +
           +   +      +
             +      + +                      +-------------------------+
         +      +        +                   |                         |
      +       +    +        +                |           ._.           |
    +       +         +        +             |                         |
   + + + + +             + + + + +           +-------------------------+
--------------------------------------------------------------------------------
 That day, for no particular reason, I decided to go for a little route. So I
 routed to the end of the ethernet cable. And when I got there, I thought maybe
 I'd route to the end of the dishy. And when I got there, I thought maybe I'd
 just route across the satellites. And I figured, since I route this far, maybe
 I'd just route across the space lasers. And that's what I did. I routed clear
 across the Internet. For no particular reason I just kept on going. I routed
 clear to the old Club Penguin servers. And when I got there, I figured, since
 I'd gone this far, I might as well turn around, just keep on routing. When I
 got to a firewall, I figured, since I'd gone this far, I might as well just
 turn back, keep right on routing.

  2025.12.08.mr66328                        Router-0100000000000000011A1D57
--------------------------------------------------------------------------------
admin@192.168.1.1: Permission denied (publickey,keyboard-interactive).


2025-12-18 14:21:23,860 p=11638 u=maharavo n=ansible INFO| fatal: [router1]: UNREACHABLE! => {"changed": false, "msg": "Task failed: Failed to connect to the host via ssh: ** WARNING: connection is not using a post-quantum key exchange algorithm.\r\n** This session may be vulnerable to \"store now, decrypt later\" attacks.\r\n** The server may need to be upgraded. See https://openssh.com/pq.html\r\n\n-----BEGIN CERTIFICATE-----\nMIIB6jCCAXCgAwIBAgIMAQAAAAAAAAABGh1XMAoGCCqGSM49BAMDMBsxGTAXBgNV\nBAMTEFNwYWNlWCBSb3V0ZXIgQ0EwHhcNMjQwNjA3MDAwMDAwWhcNNDQwNjA3MDAw\nMDAwWjBIMQswCQYDVQQGEwJVUzEPMA0GA1UEChMGU3BhY2VYMSgwJgYDVQQDEx9S\nb3V0ZXItMDEwMDAwMDAwMDAwMDAwMDAxMUExRDU3MHYwEAYHKoZIzj0CAQYFK4EE\nACIDYgAEXRZTFP0rn8/yKtjO0RZjfvbfzxKzbYvDxpgbWCVzwYZMcGrvtSPOSPYn\n4VPzyWZd3ygyxEfBInLFhun7d85AhTBBX55ZXS/A/yn2884QaePBEsLbRvUp/Z43\njD9aO9UQo1AwTjAdBgNVHQ4EFgQU+6o4qZYeCTJbgsYiefKD1phzePUwHwYDVR0j\nBBgwFoAUXK1XuFQFitF8QKLiv/LDgeiTQiAwDAYDVR0TBAUwAwEBADAKBggqhkjO\nPQQDAwNoADBlAjEAt0CNN6rRrEe1ZRfBgLtYP1Bg7D93tuT2eF+OBfcczKfD4rly\na+pB00hcjDxDUydyAjA5pu823zm3ybto9sTCCvmDMj+gxRv0YDb4gjVOTvlDrus2\nKqSBAfJHtaFU40/lnxA=\n-----END CERTIFICATE-----\n\n                                                                   +\n                                                    +\n                                          +    +\n                                   +     +\n                              +      +\n   + + + + +              +     +\n     +        +       +     +\n        +       + +      +\n           +   +      +\n             +      + +                      +-------------------------+\n         +      +        +                   |                         |\n      +       +    +        +                |           ._.           |\n    +       +         +        +             |                         |\n   + + + + +             + + + + +           +-------------------------+\n--------------------------------------------------------------------------------\n That day, for no particular reason, I decided to go for a little route. So I\n routed to the end of the ethernet cable. And when I got there, I thought maybe\n I'd route to the end of the dishy. And when I got there, I thought maybe I'd\n just route across the satellites. And I figured, since I route this far, maybe\n I'd just route across the space lasers. And that's what I did. I routed clear\n across the Internet. For no particular reason I just kept on going. I routed\n clear to the old Club Penguin servers. And when I got there, I figured, since\n I'd gone this far, I might as well turn around, just keep on routing. When I\n got to a firewall, I figured, since I'd gone this far, I might as well just\n turn back, keep right on routing.\n\n  2025.12.08.mr66328                        Router-0100000000000000011A1D57\n--------------------------------------------------------------------------------\nadmin@192.168.1.1: Permission denied (publickey,keyboard-interactive).", "unreachable": true}
2025-12-18 14:21:25,565 p=11638 u=maharavo n=ansible WARNING| [WARNING]: Host 'mahatoky' is using the discovered Python interpreter at '/usr/bin/python3.12', but future installation of another Python interpreter could cause a different interpreter to be discovered. See https://docs.ansible.com/ansible-core/2.20/reference_appendices/interpreter_discovery.html for more information.

2025-12-18 14:21:25,565 p=11638 u=maharavo n=ansible INFO| ok: [mahatoky]
2025-12-18 14:21:26,585 p=11638 u=maharavo n=ansible ERROR| [ERROR]: Task failed: Failed to connect to the host via ssh: ssh: connect to host 192.168.1.158 port 22: No route to host

Task failed.

<<< caused by >>>

Failed to connect to the host via ssh: ssh: connect to host 192.168.1.158 port 22: No route to host


2025-12-18 14:21:26,585 p=11638 u=maharavo n=ansible INFO| fatal: [test]: UNREACHABLE! => {"changed": false, "msg": "Task failed: Failed to connect to the host via ssh: ssh: connect to host 192.168.1.158 port 22: No route to host", "unreachable": true}
2025-12-18 14:21:53,558 p=11638 u=maharavo n=ansible ERROR| [ERROR]: Task failed: Failed to connect to the host via ssh: ssh: connect to host 192.168.11.150 port 22: Connection timed out

Task failed.

<<< caused by >>>

Failed to connect to the host via ssh: ssh: connect to host 192.168.11.150 port 22: Connection timed out


2025-12-18 14:21:53,559 p=11638 u=maharavo n=ansible INFO| fatal: [test2]: UNREACHABLE! => {"changed": false, "msg": "Task failed: Failed to connect to the host via ssh: ssh: connect to host 192.168.11.150 port 22: Connection timed out", "unreachable": true}
2025-12-18 14:21:53,567 p=11638 u=maharavo n=ansible INFO| TASK [Inclure le rôle de mise à jour] ******************************************
2025-12-18 14:21:53,593 p=11638 u=maharavo n=ansible INFO| included: /home/maharavo/L2/projet_ansible/roles/update.yml for mahatoky
2025-12-18 14:21:53,597 p=11638 u=maharavo n=ansible INFO| PLAY [Mise à jour uniquement] **************************************************
2025-12-18 14:21:53,654 p=11638 u=maharavo n=ansible INFO| TASK [Validating arguments against arg spec None] ******************************
2025-12-18 14:21:53,678 p=11638 u=maharavo n=ansible INFO| ok: [mahatoky]
2025-12-18 14:21:53,680 p=11638 u=maharavo n=ansible INFO| PLAY [Nettoyage uniquement] ****************************************************
2025-12-18 14:21:53,688 p=11638 u=maharavo n=ansible INFO| TASK [Validating arguments against arg spec None] ******************************
2025-12-18 14:21:53,705 p=11638 u=maharavo n=ansible INFO| ok: [mahatoky]
2025-12-18 14:21:53,707 p=11638 u=maharavo n=ansible INFO| PLAY [Configuration réseau uniquement] *****************************************
2025-12-18 14:21:53,716 p=11638 u=maharavo n=ansible INFO| TASK [Validating arguments against arg spec None] ******************************
2025-12-18 14:21:53,732 p=11638 u=maharavo n=ansible INFO| ok: [mahatoky]
2025-12-18 14:21:53,738 p=11638 u=maharavo n=ansible INFO| PLAY [Installation MariaDB uniquement] *****************************************
2025-12-18 14:21:53,747 p=11638 u=maharavo n=ansible INFO| TASK [Validating arguments against arg spec None] ******************************
2025-12-18 14:21:53,762 p=11638 u=maharavo n=ansible INFO| ok: [mahatoky]
2025-12-18 14:21:53,763 p=11638 u=maharavo n=ansible INFO| PLAY RECAP *********************************************************************
2025-12-18 14:21:53,763 p=11638 u=maharavo n=ansible INFO| mahatoky                   : ok=6    changed=0    unreachable=0    failed=0    skipped=0    rescued=0    ignored=0   
2025-12-18 14:21:53,763 p=11638 u=maharavo n=ansible INFO| router1                    : ok=0    changed=0    unreachable=1    failed=0    skipped=0    rescued=0    ignored=0   
2025-12-18 14:21:53,763 p=11638 u=maharavo n=ansible INFO| test                       : ok=0    changed=0    unreachable=1    failed=0    skipped=0    rescued=0    ignored=0   
2025-12-18 14:21:53,763 p=11638 u=maharavo n=ansible INFO| test2                      : ok=0    changed=0    unreachable=1    failed=0    skipped=0    rescued=0    ignored=0   
2025-12-18 14:21:59,006 p=11709 u=maharavo n=ansible INFO| PLAY [Maintenance complète du système] *****************************************
2025-12-18 14:21:59,022 p=11709 u=maharavo n=ansible INFO| TASK [Gathering Facts] *********************************************************
2025-12-18 14:22:01,661 p=11709 u=maharavo n=ansible WARNING| [WARNING]: Host 'mahatoky' is using the discovered Python interpreter at '/usr/bin/python3.12', but future installation of another Python interpreter could cause a different interpreter to be discovered. See https://docs.ansible.com/ansible-core/2.20/reference_appendices/interpreter_discovery.html for more information.

2025-12-18 14:22:01,661 p=11709 u=maharavo n=ansible INFO| ok: [mahatoky]
2025-12-18 14:22:01,670 p=11709 u=maharavo n=ansible INFO| TASK [Inclure le rôle de mise à jour] ******************************************
2025-12-18 14:22:01,703 p=11709 u=maharavo n=ansible INFO| included: /home/maharavo/L2/projet_ansible/roles/update.yml for mahatoky
2025-12-18 14:22:01,711 p=11709 u=maharavo n=ansible INFO| PLAY [Mise à jour uniquement] **************************************************
2025-12-18 14:22:01,731 p=11709 u=maharavo n=ansible INFO| TASK [Validating arguments against arg spec None] ******************************
2025-12-18 14:22:01,751 p=11709 u=maharavo n=ansible INFO| ok: [mahatoky]
2025-12-18 14:22:01,755 p=11709 u=maharavo n=ansible INFO| PLAY [Nettoyage uniquement] ****************************************************
2025-12-18 14:22:01,766 p=11709 u=maharavo n=ansible INFO| TASK [Validating arguments against arg spec None] ******************************
2025-12-18 14:22:01,785 p=11709 u=maharavo n=ansible INFO| ok: [mahatoky]
2025-12-18 14:22:01,788 p=11709 u=maharavo n=ansible INFO| PLAY [Configuration réseau uniquement] *****************************************
2025-12-18 14:22:01,799 p=11709 u=maharavo n=ansible INFO| TASK [Validating arguments against arg spec None] ******************************
2025-12-18 14:22:01,818 p=11709 u=maharavo n=ansible INFO| ok: [mahatoky]
2025-12-18 14:22:01,824 p=11709 u=maharavo n=ansible INFO| PLAY [Installation MariaDB uniquement] *****************************************
2025-12-18 14:22:01,835 p=11709 u=maharavo n=ansible INFO| TASK [Validating arguments against arg spec None] ******************************
2025-12-18 14:22:01,855 p=11709 u=maharavo n=ansible INFO| ok: [mahatoky]
2025-12-18 14:22:01,856 p=11709 u=maharavo n=ansible INFO| PLAY RECAP *********************************************************************
2025-12-18 14:22:01,856 p=11709 u=maharavo n=ansible INFO| mahatoky                   : ok=6    changed=0    unreachable=0    failed=0    skipped=0    rescued=0    ignored=0   
2025-12-18 14:22:18,517 p=11746 u=maharavo n=ansible WARNING| [WARNING]: Host 'mahatoky' is using the discovered Python interpreter at '/usr/bin/python3.12', but future installation of another Python interpreter could cause a different interpreter to be discovered. See https://docs.ansible.com/ansible-core/2.20/reference_appendices/interpreter_discovery.html for more information.

2025-12-18 14:22:18,519 p=11746 u=maharavo n=ansible INFO| mahatoky | SUCCESS => {
    "ansible_facts": {
        "discovered_interpreter_python": "/usr/bin/python3.12"
    },
    "changed": false,
    "ping": "pong"
}
2025-12-18 14:22:22,574 p=11774 u=maharavo n=ansible INFO| PLAY [Maintenance complète du système] *****************************************
2025-12-18 14:22:22,590 p=11774 u=maharavo n=ansible INFO| TASK [Gathering Facts] *********************************************************
2025-12-18 14:22:25,163 p=11774 u=maharavo n=ansible WARNING| [WARNING]: Host 'mahatoky' is using the discovered Python interpreter at '/usr/bin/python3.12', but future installation of another Python interpreter could cause a different interpreter to be discovered. See https://docs.ansible.com/ansible-core/2.20/reference_appendices/interpreter_discovery.html for more information.

2025-12-18 14:22:25,164 p=11774 u=maharavo n=ansible INFO| ok: [mahatoky]
2025-12-18 14:22:25,187 p=11774 u=maharavo n=ansible INFO| TASK [Inclure le rôle de mise à jour] ******************************************
2025-12-18 14:22:25,231 p=11774 u=maharavo n=ansible INFO| included: /home/maharavo/L2/projet_ansible/roles/update.yml for mahatoky
2025-12-18 14:22:25,242 p=11774 u=maharavo n=ansible INFO| PLAY [Mise à jour uniquement] **************************************************
2025-12-18 14:22:25,264 p=11774 u=maharavo n=ansible INFO| TASK [Validating arguments against arg spec None] ******************************
2025-12-18 14:22:25,283 p=11774 u=maharavo n=ansible INFO| ok: [mahatoky]
2025-12-18 14:22:25,287 p=11774 u=maharavo n=ansible INFO| PLAY [Nettoyage uniquement] ****************************************************
2025-12-18 14:22:25,298 p=11774 u=maharavo n=ansible INFO| TASK [Validating arguments against arg spec None] ******************************
2025-12-18 14:22:25,317 p=11774 u=maharavo n=ansible INFO| ok: [mahatoky]
2025-12-18 14:22:25,321 p=11774 u=maharavo n=ansible INFO| PLAY [Configuration réseau uniquement] *****************************************
2025-12-18 14:22:25,331 p=11774 u=maharavo n=ansible INFO| TASK [Validating arguments against arg spec None] ******************************
2025-12-18 14:22:25,350 p=11774 u=maharavo n=ansible INFO| ok: [mahatoky]
2025-12-18 14:22:25,358 p=11774 u=maharavo n=ansible INFO| PLAY [Installation MariaDB uniquement] *****************************************
2025-12-18 14:22:25,369 p=11774 u=maharavo n=ansible INFO| TASK [Validating arguments against arg spec None] ******************************
2025-12-18 14:22:25,389 p=11774 u=maharavo n=ansible INFO| ok: [mahatoky]
2025-12-18 14:22:25,390 p=11774 u=maharavo n=ansible INFO| PLAY RECAP *********************************************************************
2025-12-18 14:22:25,390 p=11774 u=maharavo n=ansible INFO| mahatoky                   : ok=6    changed=0    unreachable=0    failed=0    skipped=0    rescued=0    ignored=0   
2025-12-18 14:22:31,380 p=11823 u=maharavo n=ansible INFO| PLAY [Maintenance complète du système] *****************************************
2025-12-18 14:22:31,399 p=11823 u=maharavo n=ansible INFO| TASK [Gathering Facts] *********************************************************
2025-12-18 14:22:32,266 p=11823 u=maharavo n=ansible ERROR| [ERROR]: Task failed: Failed to connect to the host via ssh: ** WARNING: connection is not using a post-quantum key exchange algorithm.
** This session may be vulnerable to "store now, decrypt later" attacks.
** The server may need to be upgraded. See https://openssh.com/pq.html

-----BEGIN CERTIFICATE-----
MIIB6jCCAXCgAwIBAgIMAQAAAAAAAAABGh1XMAoGCCqGSM49BAMDMBsxGTAXBgNV
BAMTEFNwYWNlWCBSb3V0ZXIgQ0EwHhcNMjQwNjA3MDAwMDAwWhcNNDQwNjA3MDAw
MDAwWjBIMQswCQYDVQQGEwJVUzEPMA0GA1UEChMGU3BhY2VYMSgwJgYDVQQDEx9S
b3V0ZXItMDEwMDAwMDAwMDAwMDAwMDAxMUExRDU3MHYwEAYHKoZIzj0CAQYFK4EE
ACIDYgAEXRZTFP0rn8/yKtjO0RZjfvbfzxKzbYvDxpgbWCVzwYZMcGrvtSPOSPYn
4VPzyWZd3ygyxEfBInLFhun7d85AhTBBX55ZXS/A/yn2884QaePBEsLbRvUp/Z43
jD9aO9UQo1AwTjAdBgNVHQ4EFgQU+6o4qZYeCTJbgsYiefKD1phzePUwHwYDVR0j
BBgwFoAUXK1XuFQFitF8QKLiv/LDgeiTQiAwDAYDVR0TBAUwAwEBADAKBggqhkjO
PQQDAwNoADBlAjEAt0CNN6rRrEe1ZRfBgLtYP1Bg7D93tuT2eF+OBfcczKfD4rly
a+pB00hcjDxDUydyAjA5pu823zm3ybto9sTCCvmDMj+gxRv0YDb4gjVOTvlDrus2
KqSBAfJHtaFU40/lnxA=
-----END CERTIFICATE-----

                                                                   +
                                                    +
                                          +    +
                                   +     +
                              +      +
   + + + + +              +     +
     +        +       +     +
        +       + +      +
           +   +      +
             +      + +                      +-------------------------+
         +      +        +                   |                         |
      +       +    +        +                |           ._.           |
    +       +         +        +             |                         |
   + + + + +             + + + + +           +-------------------------+
--------------------------------------------------------------------------------
 That day, for no particular reason, I decided to go for a little route. So I
 routed to the end of the ethernet cable. And when I got there, I thought maybe
 I'd route to the end of the dishy. And when I got there, I thought maybe I'd
 just route across the satellites. And I figured, since I route this far, maybe
 I'd just route across the space lasers. And that's what I did. I routed clear
 across the Internet. For no particular reason I just kept on going. I routed
 clear to the old Club Penguin servers. And when I got there, I figured, since
 I'd gone this far, I might as well turn around, just keep on routing. When I
 got to a firewall, I figured, since I'd gone this far, I might as well just
 turn back, keep right on routing.

  2025.12.08.mr66328                        Router-0100000000000000011A1D57
--------------------------------------------------------------------------------
admin@192.168.1.1: Permission denied (publickey,keyboard-interactive).

Task failed.

<<< caused by >>>

Failed to connect to the host via ssh: ** WARNING: connection is not using a post-quantum key exchange algorithm.
** This session may be vulnerable to "store now, decrypt later" attacks.
** The server may need to be upgraded. See https://openssh.com/pq.html

-----BEGIN CERTIFICATE-----
MIIB6jCCAXCgAwIBAgIMAQAAAAAAAAABGh1XMAoGCCqGSM49BAMDMBsxGTAXBgNV
BAMTEFNwYWNlWCBSb3V0ZXIgQ0EwHhcNMjQwNjA3MDAwMDAwWhcNNDQwNjA3MDAw
MDAwWjBIMQswCQYDVQQGEwJVUzEPMA0GA1UEChMGU3BhY2VYMSgwJgYDVQQDEx9S
b3V0ZXItMDEwMDAwMDAwMDAwMDAwMDAxMUExRDU3MHYwEAYHKoZIzj0CAQYFK4EE
ACIDYgAEXRZTFP0rn8/yKtjO0RZjfvbfzxKzbYvDxpgbWCVzwYZMcGrvtSPOSPYn
4VPzyWZd3ygyxEfBInLFhun7d85AhTBBX55ZXS/A/yn2884QaePBEsLbRvUp/Z43
jD9aO9UQo1AwTjAdBgNVHQ4EFgQU+6o4qZYeCTJbgsYiefKD1phzePUwHwYDVR0j
BBgwFoAUXK1XuFQFitF8QKLiv/LDgeiTQiAwDAYDVR0TBAUwAwEBADAKBggqhkjO
PQQDAwNoADBlAjEAt0CNN6rRrEe1ZRfBgLtYP1Bg7D93tuT2eF+OBfcczKfD4rly
a+pB00hcjDxDUydyAjA5pu823zm3ybto9sTCCvmDMj+gxRv0YDb4gjVOTvlDrus2
KqSBAfJHtaFU40/lnxA=
-----END CERTIFICATE-----

                                                                   +
                                                    +
                                          +    +
                                   +     +
                              +      +
   + + + + +              +     +
     +        +       +     +
        +       + +      +
           +   +      +
             +      + +                      +-------------------------+
         +      +        +                   |                         |
      +       +    +        +                |           ._.           |
    +       +         +        +             |                         |
   + + + + +             + + + + +           +-------------------------+
--------------------------------------------------------------------------------
 That day, for no particular reason, I decided to go for a little route. So I
 routed to the end of the ethernet cable. And when I got there, I thought maybe
 I'd route to the end of the dishy. And when I got there, I thought maybe I'd
 just route across the satellites. And I figured, since I route this far, maybe
 I'd just route across the space lasers. And that's what I did. I routed clear
 across the Internet. For no particular reason I just kept on going. I routed
 clear to the old Club Penguin servers. And when I got there, I figured, since
 I'd gone this far, I might as well turn around, just keep on routing. When I
 got to a firewall, I figured, since I'd gone this far, I might as well just
 turn back, keep right on routing.

  2025.12.08.mr66328                        Router-0100000000000000011A1D57
--------------------------------------------------------------------------------
admin@192.168.1.1: Permission denied (publickey,keyboard-interactive).


2025-12-18 14:22:32,267 p=11823 u=maharavo n=ansible INFO| fatal: [router1]: UNREACHABLE! => {"changed": false, "msg": "Task failed: Failed to connect to the host via ssh: ** WARNING: connection is not using a post-quantum key exchange algorithm.\r\n** This session may be vulnerable to \"store now, decrypt later\" attacks.\r\n** The server may need to be upgraded. See https://openssh.com/pq.html\r\n\n-----BEGIN CERTIFICATE-----\nMIIB6jCCAXCgAwIBAgIMAQAAAAAAAAABGh1XMAoGCCqGSM49BAMDMBsxGTAXBgNV\nBAMTEFNwYWNlWCBSb3V0ZXIgQ0EwHhcNMjQwNjA3MDAwMDAwWhcNNDQwNjA3MDAw\nMDAwWjBIMQswCQYDVQQGEwJVUzEPMA0GA1UEChMGU3BhY2VYMSgwJgYDVQQDEx9S\nb3V0ZXItMDEwMDAwMDAwMDAwMDAwMDAxMUExRDU3MHYwEAYHKoZIzj0CAQYFK4EE\nACIDYgAEXRZTFP0rn8/yKtjO0RZjfvbfzxKzbYvDxpgbWCVzwYZMcGrvtSPOSPYn\n4VPzyWZd3ygyxEfBInLFhun7d85AhTBBX55ZXS/A/yn2884QaePBEsLbRvUp/Z43\njD9aO9UQo1AwTjAdBgNVHQ4EFgQU+6o4qZYeCTJbgsYiefKD1phzePUwHwYDVR0j\nBBgwFoAUXK1XuFQFitF8QKLiv/LDgeiTQiAwDAYDVR0TBAUwAwEBADAKBggqhkjO\nPQQDAwNoADBlAjEAt0CNN6rRrEe1ZRfBgLtYP1Bg7D93tuT2eF+OBfcczKfD4rly\na+pB00hcjDxDUydyAjA5pu823zm3ybto9sTCCvmDMj+gxRv0YDb4gjVOTvlDrus2\nKqSBAfJHtaFU40/lnxA=\n-----END CERTIFICATE-----\n\n                                                                   +\n                                                    +\n                                          +    +\n                                   +     +\n                              +      +\n   + + + + +              +     +\n     +        +       +     +\n        +       + +      +\n           +   +      +\n             +      + +                      +-------------------------+\n         +      +        +                   |                         |\n      +       +    +        +                |           ._.           |\n    +       +         +        +             |                         |\n   + + + + +             + + + + +           +-------------------------+\n--------------------------------------------------------------------------------\n That day, for no particular reason, I decided to go for a little route. So I\n routed to the end of the ethernet cable. And when I got there, I thought maybe\n I'd route to the end of the dishy. And when I got there, I thought maybe I'd\n just route across the satellites. And I figured, since I route this far, maybe\n I'd just route across the space lasers. And that's what I did. I routed clear\n across the Internet. For no particular reason I just kept on going. I routed\n clear to the old Club Penguin servers. And when I got there, I figured, since\n I'd gone this far, I might as well turn around, just keep on routing. When I\n got to a firewall, I figured, since I'd gone this far, I might as well just\n turn back, keep right on routing.\n\n  2025.12.08.mr66328                        Router-0100000000000000011A1D57\n--------------------------------------------------------------------------------\nadmin@192.168.1.1: Permission denied (publickey,keyboard-interactive).", "unreachable": true}
2025-12-18 14:22:33,797 p=11823 u=maharavo n=ansible WARNING| [WARNING]: Host 'mahatoky' is using the discovered Python interpreter at '/usr/bin/python3.12', but future installation of another Python interpreter could cause a different interpreter to be discovered. See https://docs.ansible.com/ansible-core/2.20/reference_appendices/interpreter_discovery.html for more information.

2025-12-18 14:22:33,797 p=11823 u=maharavo n=ansible INFO| ok: [mahatoky]
2025-12-18 14:22:35,003 p=11823 u=maharavo n=ansible ERROR| [ERROR]: Task failed: Failed to connect to the host via ssh: ssh: connect to host 192.168.1.158 port 22: No route to host

Task failed.

<<< caused by >>>

Failed to connect to the host via ssh: ssh: connect to host 192.168.1.158 port 22: No route to host


2025-12-18 14:22:35,004 p=11823 u=maharavo n=ansible INFO| fatal: [test]: UNREACHABLE! => {"changed": false, "msg": "Task failed: Failed to connect to the host via ssh: ssh: connect to host 192.168.1.158 port 22: No route to host", "unreachable": true}
2025-12-18 14:23:01,940 p=11823 u=maharavo n=ansible ERROR| [ERROR]: Task failed: Failed to connect to the host via ssh: ssh: connect to host 192.168.11.150 port 22: Connection timed out

Task failed.

<<< caused by >>>

Failed to connect to the host via ssh: ssh: connect to host 192.168.11.150 port 22: Connection timed out


2025-12-18 14:23:01,941 p=11823 u=maharavo n=ansible INFO| fatal: [test2]: UNREACHABLE! => {"changed": false, "msg": "Task failed: Failed to connect to the host via ssh: ssh: connect to host 192.168.11.150 port 22: Connection timed out", "unreachable": true}
2025-12-18 14:23:01,950 p=11823 u=maharavo n=ansible INFO| TASK [Inclure le rôle MariaDB] *************************************************
2025-12-18 14:23:02,078 p=11823 u=maharavo n=ansible INFO| skipping: [mahatoky]
2025-12-18 14:23:02,089 p=11823 u=maharavo n=ansible INFO| PLAY [Mise à jour uniquement] **************************************************
2025-12-18 14:23:02,104 p=11823 u=maharavo n=ansible INFO| TASK [Validating arguments against arg spec None] ******************************
2025-12-18 14:23:02,124 p=11823 u=maharavo n=ansible INFO| ok: [mahatoky]
2025-12-18 14:23:02,128 p=11823 u=maharavo n=ansible INFO| PLAY [Nettoyage uniquement] ****************************************************
2025-12-18 14:23:02,140 p=11823 u=maharavo n=ansible INFO| TASK [Validating arguments against arg spec None] ******************************
2025-12-18 14:23:02,161 p=11823 u=maharavo n=ansible INFO| ok: [mahatoky]
2025-12-18 14:23:02,164 p=11823 u=maharavo n=ansible INFO| PLAY [Configuration réseau uniquement] *****************************************
2025-12-18 14:23:02,176 p=11823 u=maharavo n=ansible INFO| TASK [Validating arguments against arg spec None] ******************************
2025-12-18 14:23:02,196 p=11823 u=maharavo n=ansible INFO| ok: [mahatoky]
2025-12-18 14:23:02,203 p=11823 u=maharavo n=ansible INFO| PLAY [Installation MariaDB uniquement] *****************************************
2025-12-18 14:23:02,223 p=11823 u=maharavo n=ansible INFO| TASK [Validating arguments against arg spec None] ******************************
2025-12-18 14:23:02,244 p=11823 u=maharavo n=ansible INFO| ok: [mahatoky]
2025-12-18 14:23:02,245 p=11823 u=maharavo n=ansible INFO| PLAY RECAP *********************************************************************
2025-12-18 14:23:02,245 p=11823 u=maharavo n=ansible INFO| mahatoky                   : ok=5    changed=0    unreachable=0    failed=0    skipped=1    rescued=0    ignored=0   
2025-12-18 14:23:02,245 p=11823 u=maharavo n=ansible INFO| router1                    : ok=0    changed=0    unreachable=1    failed=0    skipped=0    rescued=0    ignored=0   
2025-12-18 14:23:02,245 p=11823 u=maharavo n=ansible INFO| test                       : ok=0    changed=0    unreachable=1    failed=0    skipped=0    rescued=0    ignored=0   
2025-12-18 14:23:02,245 p=11823 u=maharavo n=ansible INFO| test2                      : ok=0    changed=0    unreachable=1    failed=0    skipped=0    rescued=0    ignored=0   
2025-12-18 14:23:03,716 p=11883 u=maharavo n=ansible INFO| PLAY [Maintenance complète du système] *****************************************
2025-12-18 14:23:03,732 p=11883 u=maharavo n=ansible INFO| TASK [Gathering Facts] *********************************************************
2025-12-18 14:23:04,756 p=11883 u=maharavo n=ansible ERROR| [ERROR]: Task failed: Failed to connect to the host via ssh: ** WARNING: connection is not using a post-quantum key exchange algorithm.
** This session may be vulnerable to "store now, decrypt later" attacks.
** The server may need to be upgraded. See https://openssh.com/pq.html

-----BEGIN CERTIFICATE-----
MIIB6jCCAXCgAwIBAgIMAQAAAAAAAAABGh1XMAoGCCqGSM49BAMDMBsxGTAXBgNV
BAMTEFNwYWNlWCBSb3V0ZXIgQ0EwHhcNMjQwNjA3MDAwMDAwWhcNNDQwNjA3MDAw
MDAwWjBIMQswCQYDVQQGEwJVUzEPMA0GA1UEChMGU3BhY2VYMSgwJgYDVQQDEx9S
b3V0ZXItMDEwMDAwMDAwMDAwMDAwMDAxMUExRDU3MHYwEAYHKoZIzj0CAQYFK4EE
ACIDYgAEXRZTFP0rn8/yKtjO0RZjfvbfzxKzbYvDxpgbWCVzwYZMcGrvtSPOSPYn
4VPzyWZd3ygyxEfBInLFhun7d85AhTBBX55ZXS/A/yn2884QaePBEsLbRvUp/Z43
jD9aO9UQo1AwTjAdBgNVHQ4EFgQU+6o4qZYeCTJbgsYiefKD1phzePUwHwYDVR0j
BBgwFoAUXK1XuFQFitF8QKLiv/LDgeiTQiAwDAYDVR0TBAUwAwEBADAKBggqhkjO
PQQDAwNoADBlAjEAt0CNN6rRrEe1ZRfBgLtYP1Bg7D93tuT2eF+OBfcczKfD4rly
a+pB00hcjDxDUydyAjA5pu823zm3ybto9sTCCvmDMj+gxRv0YDb4gjVOTvlDrus2
KqSBAfJHtaFU40/lnxA=
-----END CERTIFICATE-----

                                                                   +
                                                    +
                                          +    +
                                   +     +
                              +      +
   + + + + +              +     +
     +        +       +     +
        +       + +      +
           +   +      +
             +      + +                      +-------------------------+
         +      +        +                   |                         |
      +       +    +        +                |           ._.           |
    +       +         +        +             |                         |
   + + + + +             + + + + +           +-------------------------+
--------------------------------------------------------------------------------
 That day, for no particular reason, I decided to go for a little route. So I
 routed to the end of the ethernet cable. And when I got there, I thought maybe
 I'd route to the end of the dishy. And when I got there, I thought maybe I'd
 just route across the satellites. And I figured, since I route this far, maybe
 I'd just route across the space lasers. And that's what I did. I routed clear
 across the Internet. For no particular reason I just kept on going. I routed
 clear to the old Club Penguin servers. And when I got there, I figured, since
 I'd gone this far, I might as well turn around, just keep on routing. When I
 got to a firewall, I figured, since I'd gone this far, I might as well just
 turn back, keep right on routing.

  2025.12.08.mr66328                        Router-0100000000000000011A1D57
--------------------------------------------------------------------------------
admin@192.168.1.1: Permission denied (publickey,keyboard-interactive).

Task failed.

<<< caused by >>>

Failed to connect to the host via ssh: ** WARNING: connection is not using a post-quantum key exchange algorithm.
** This session may be vulnerable to "store now, decrypt later" attacks.
** The server may need to be upgraded. See https://openssh.com/pq.html

-----BEGIN CERTIFICATE-----
MIIB6jCCAXCgAwIBAgIMAQAAAAAAAAABGh1XMAoGCCqGSM49BAMDMBsxGTAXBgNV
BAMTEFNwYWNlWCBSb3V0ZXIgQ0EwHhcNMjQwNjA3MDAwMDAwWhcNNDQwNjA3MDAw
MDAwWjBIMQswCQYDVQQGEwJVUzEPMA0GA1UEChMGU3BhY2VYMSgwJgYDVQQDEx9S
b3V0ZXItMDEwMDAwMDAwMDAwMDAwMDAxMUExRDU3MHYwEAYHKoZIzj0CAQYFK4EE
ACIDYgAEXRZTFP0rn8/yKtjO0RZjfvbfzxKzbYvDxpgbWCVzwYZMcGrvtSPOSPYn
4VPzyWZd3ygyxEfBInLFhun7d85AhTBBX55ZXS/A/yn2884QaePBEsLbRvUp/Z43
jD9aO9UQo1AwTjAdBgNVHQ4EFgQU+6o4qZYeCTJbgsYiefKD1phzePUwHwYDVR0j
BBgwFoAUXK1XuFQFitF8QKLiv/LDgeiTQiAwDAYDVR0TBAUwAwEBADAKBggqhkjO
PQQDAwNoADBlAjEAt0CNN6rRrEe1ZRfBgLtYP1Bg7D93tuT2eF+OBfcczKfD4rly
a+pB00hcjDxDUydyAjA5pu823zm3ybto9sTCCvmDMj+gxRv0YDb4gjVOTvlDrus2
KqSBAfJHtaFU40/lnxA=
-----END CERTIFICATE-----

                                                                   +
                                                    +
                                          +    +
                                   +     +
                              +      +
   + + + + +              +     +
     +        +       +     +
        +       + +      +
           +   +      +
             +      + +                      +-------------------------+
         +      +        +                   |                         |
      +       +    +        +                |           ._.           |
    +       +         +        +             |                         |
   + + + + +             + + + + +           +-------------------------+
--------------------------------------------------------------------------------
 That day, for no particular reason, I decided to go for a little route. So I
 routed to the end of the ethernet cable. And when I got there, I thought maybe
 I'd route to the end of the dishy. And when I got there, I thought maybe I'd
 just route across the satellites. And I figured, since I route this far, maybe
 I'd just route across the space lasers. And that's what I did. I routed clear
 across the Internet. For no particular reason I just kept on going. I routed
 clear to the old Club Penguin servers. And when I got there, I figured, since
 I'd gone this far, I might as well turn around, just keep on routing. When I
 got to a firewall, I figured, since I'd gone this far, I might as well just
 turn back, keep right on routing.

  2025.12.08.mr66328                        Router-0100000000000000011A1D57
--------------------------------------------------------------------------------
admin@192.168.1.1: Permission denied (publickey,keyboard-interactive).


2025-12-18 14:23:04,757 p=11883 u=maharavo n=ansible INFO| fatal: [router1]: UNREACHABLE! => {"changed": false, "msg": "Task failed: Failed to connect to the host via ssh: ** WARNING: connection is not using a post-quantum key exchange algorithm.\r\n** This session may be vulnerable to \"store now, decrypt later\" attacks.\r\n** The server may need to be upgraded. See https://openssh.com/pq.html\r\n\n-----BEGIN CERTIFICATE-----\nMIIB6jCCAXCgAwIBAgIMAQAAAAAAAAABGh1XMAoGCCqGSM49BAMDMBsxGTAXBgNV\nBAMTEFNwYWNlWCBSb3V0ZXIgQ0EwHhcNMjQwNjA3MDAwMDAwWhcNNDQwNjA3MDAw\nMDAwWjBIMQswCQYDVQQGEwJVUzEPMA0GA1UEChMGU3BhY2VYMSgwJgYDVQQDEx9S\nb3V0ZXItMDEwMDAwMDAwMDAwMDAwMDAxMUExRDU3MHYwEAYHKoZIzj0CAQYFK4EE\nACIDYgAEXRZTFP0rn8/yKtjO0RZjfvbfzxKzbYvDxpgbWCVzwYZMcGrvtSPOSPYn\n4VPzyWZd3ygyxEfBInLFhun7d85AhTBBX55ZXS/A/yn2884QaePBEsLbRvUp/Z43\njD9aO9UQo1AwTjAdBgNVHQ4EFgQU+6o4qZYeCTJbgsYiefKD1phzePUwHwYDVR0j\nBBgwFoAUXK1XuFQFitF8QKLiv/LDgeiTQiAwDAYDVR0TBAUwAwEBADAKBggqhkjO\nPQQDAwNoADBlAjEAt0CNN6rRrEe1ZRfBgLtYP1Bg7D93tuT2eF+OBfcczKfD4rly\na+pB00hcjDxDUydyAjA5pu823zm3ybto9sTCCvmDMj+gxRv0YDb4gjVOTvlDrus2\nKqSBAfJHtaFU40/lnxA=\n-----END CERTIFICATE-----\n\n                                                                   +\n                                                    +\n                                          +    +\n                                   +     +\n                              +      +\n   + + + + +              +     +\n     +        +       +     +\n        +       + +      +\n           +   +      +\n             +      + +                      +-------------------------+\n         +      +        +                   |                         |\n      +       +    +        +                |           ._.           |\n    +       +         +        +             |                         |\n   + + + + +             + + + + +           +-------------------------+\n--------------------------------------------------------------------------------\n That day, for no particular reason, I decided to go for a little route. So I\n routed to the end of the ethernet cable. And when I got there, I thought maybe\n I'd route to the end of the dishy. And when I got there, I thought maybe I'd\n just route across the satellites. And I figured, since I route this far, maybe\n I'd just route across the space lasers. And that's what I did. I routed clear\n across the Internet. For no particular reason I just kept on going. I routed\n clear to the old Club Penguin servers. And when I got there, I figured, since\n I'd gone this far, I might as well turn around, just keep on routing. When I\n got to a firewall, I figured, since I'd gone this far, I might as well just\n turn back, keep right on routing.\n\n  2025.12.08.mr66328                        Router-0100000000000000011A1D57\n--------------------------------------------------------------------------------\nadmin@192.168.1.1: Permission denied (publickey,keyboard-interactive).", "unreachable": true}
2025-12-18 14:23:06,677 p=11883 u=maharavo n=ansible WARNING| [WARNING]: Host 'mahatoky' is using the discovered Python interpreter at '/usr/bin/python3.12', but future installation of another Python interpreter could cause a different interpreter to be discovered. See https://docs.ansible.com/ansible-core/2.20/reference_appendices/interpreter_discovery.html for more information.

2025-12-18 14:23:06,678 p=11883 u=maharavo n=ansible INFO| ok: [mahatoky]
2025-12-18 14:23:07,387 p=11883 u=maharavo n=ansible ERROR| [ERROR]: Task failed: Failed to connect to the host via ssh: ssh: connect to host 192.168.1.158 port 22: No route to host

Task failed.

<<< caused by >>>

Failed to connect to the host via ssh: ssh: connect to host 192.168.1.158 port 22: No route to host


2025-12-18 14:23:07,388 p=11883 u=maharavo n=ansible INFO| fatal: [test]: UNREACHABLE! => {"changed": false, "msg": "Task failed: Failed to connect to the host via ssh: ssh: connect to host 192.168.1.158 port 22: No route to host", "unreachable": true}
2025-12-18 14:23:34,336 p=11883 u=maharavo n=ansible ERROR| [ERROR]: Task failed: Failed to connect to the host via ssh: ssh: connect to host 192.168.11.150 port 22: Connection timed out

Task failed.

<<< caused by >>>

Failed to connect to the host via ssh: ssh: connect to host 192.168.11.150 port 22: Connection timed out


2025-12-18 14:23:34,337 p=11883 u=maharavo n=ansible INFO| fatal: [test2]: UNREACHABLE! => {"changed": false, "msg": "Task failed: Failed to connect to the host via ssh: ssh: connect to host 192.168.11.150 port 22: Connection timed out", "unreachable": true}
2025-12-18 14:23:34,347 p=11883 u=maharavo n=ansible INFO| TASK [Inclure le rôle MariaDB] *************************************************
2025-12-18 14:23:34,366 p=11883 u=maharavo n=ansible INFO| skipping: [mahatoky]
2025-12-18 14:23:34,371 p=11883 u=maharavo n=ansible INFO| PLAY [Mise à jour uniquement] **************************************************
2025-12-18 14:23:34,382 p=11883 u=maharavo n=ansible INFO| TASK [Validating arguments against arg spec None] ******************************
2025-12-18 14:23:34,398 p=11883 u=maharavo n=ansible INFO| ok: [mahatoky]
2025-12-18 14:23:34,401 p=11883 u=maharavo n=ansible INFO| PLAY [Nettoyage uniquement] ****************************************************
2025-12-18 14:23:34,410 p=11883 u=maharavo n=ansible INFO| TASK [Validating arguments against arg spec None] ******************************
2025-12-18 14:23:34,427 p=11883 u=maharavo n=ansible INFO| ok: [mahatoky]
2025-12-18 14:23:34,430 p=11883 u=maharavo n=ansible INFO| PLAY [Configuration réseau uniquement] *****************************************
2025-12-18 14:23:34,438 p=11883 u=maharavo n=ansible INFO| TASK [Validating arguments against arg spec None] ******************************
2025-12-18 14:23:34,454 p=11883 u=maharavo n=ansible INFO| ok: [mahatoky]
2025-12-18 14:23:34,459 p=11883 u=maharavo n=ansible INFO| PLAY [Installation MariaDB uniquement] *****************************************
2025-12-18 14:23:34,472 p=11883 u=maharavo n=ansible INFO| TASK [Validating arguments against arg spec None] ******************************
2025-12-18 14:23:34,488 p=11883 u=maharavo n=ansible INFO| ok: [mahatoky]
2025-12-18 14:23:34,489 p=11883 u=maharavo n=ansible INFO| PLAY RECAP *********************************************************************
2025-12-18 14:23:34,489 p=11883 u=maharavo n=ansible INFO| mahatoky                   : ok=5    changed=0    unreachable=0    failed=0    skipped=1    rescued=0    ignored=0   
2025-12-18 14:23:34,489 p=11883 u=maharavo n=ansible INFO| router1                    : ok=0    changed=0    unreachable=1    failed=0    skipped=0    rescued=0    ignored=0   
2025-12-18 14:23:34,489 p=11883 u=maharavo n=ansible INFO| test                       : ok=0    changed=0    unreachable=1    failed=0    skipped=0    rescued=0    ignored=0   
2025-12-18 14:23:34,489 p=11883 u=maharavo n=ansible INFO| test2                      : ok=0    changed=0    unreachable=1    failed=0    skipped=0    rescued=0    ignored=0   
2025-12-18 14:23:54,733 p=12001 u=maharavo n=ansible INFO| PLAY [Maintenance complète du système] *****************************************
2025-12-18 14:23:54,752 p=12001 u=maharavo n=ansible INFO| TASK [Gathering Facts] *********************************************************
2025-12-18 14:23:57,440 p=12001 u=maharavo n=ansible WARNING| [WARNING]: Host 'mahatoky' is using the discovered Python interpreter at '/usr/bin/python3.12', but future installation of another Python interpreter could cause a different interpreter to be discovered. See https://docs.ansible.com/ansible-core/2.20/reference_appendices/interpreter_discovery.html for more information.

2025-12-18 14:23:57,441 p=12001 u=maharavo n=ansible INFO| ok: [mahatoky]
2025-12-18 14:23:57,449 p=12001 u=maharavo n=ansible INFO| TASK [Inclure le rôle MariaDB] *************************************************
2025-12-18 14:23:57,471 p=12001 u=maharavo n=ansible INFO| skipping: [mahatoky]
2025-12-18 14:23:57,479 p=12001 u=maharavo n=ansible INFO| PLAY [Mise à jour uniquement] **************************************************
2025-12-18 14:23:57,491 p=12001 u=maharavo n=ansible INFO| TASK [Validating arguments against arg spec None] ******************************
2025-12-18 14:23:57,512 p=12001 u=maharavo n=ansible INFO| ok: [mahatoky]
2025-12-18 14:23:57,515 p=12001 u=maharavo n=ansible INFO| PLAY [Nettoyage uniquement] ****************************************************
2025-12-18 14:23:57,527 p=12001 u=maharavo n=ansible INFO| TASK [Validating arguments against arg spec None] ******************************
2025-12-18 14:23:57,547 p=12001 u=maharavo n=ansible INFO| ok: [mahatoky]
2025-12-18 14:23:57,550 p=12001 u=maharavo n=ansible INFO| PLAY [Configuration réseau uniquement] *****************************************
2025-12-18 14:23:57,560 p=12001 u=maharavo n=ansible INFO| TASK [Validating arguments against arg spec None] ******************************
2025-12-18 14:23:57,580 p=12001 u=maharavo n=ansible INFO| ok: [mahatoky]
2025-12-18 14:23:57,585 p=12001 u=maharavo n=ansible INFO| PLAY [Installation MariaDB uniquement] *****************************************
2025-12-18 14:23:57,596 p=12001 u=maharavo n=ansible INFO| TASK [Validating arguments against arg spec None] ******************************
2025-12-18 14:23:57,615 p=12001 u=maharavo n=ansible INFO| ok: [mahatoky]
2025-12-18 14:23:57,616 p=12001 u=maharavo n=ansible INFO| PLAY RECAP *********************************************************************
2025-12-18 14:23:57,616 p=12001 u=maharavo n=ansible INFO| mahatoky                   : ok=5    changed=0    unreachable=0    failed=0    skipped=1    rescued=0    ignored=0   
2025-12-18 14:35:09,674 p=12862 u=maharavo n=ansible INFO| localhost | SUCCESS => {
    "changed": false,
    "ping": "pong"
}
2025-12-18 14:35:09,857 p=12862 u=maharavo n=ansible WARNING| [WARNING]: Host 'mahatoky' is using the discovered Python interpreter at '/usr/bin/python3.12', but future installation of another Python interpreter could cause a different interpreter to be discovered. See https://docs.ansible.com/ansible-core/2.20/reference_appendices/interpreter_discovery.html for more information.

2025-12-18 14:35:09,857 p=12862 u=maharavo n=ansible INFO| mahatoky | SUCCESS => {
    "ansible_facts": {
        "discovered_interpreter_python": "/usr/bin/python3.12"
    },
    "changed": false,
    "ping": "pong"
}
2025-12-18 14:35:10,941 p=12906 u=maharavo n=ansible INFO| PLAY [Maintenance complète du système] *****************************************
2025-12-18 14:35:10,955 p=12906 u=maharavo n=ansible INFO| TASK [Gathering Facts] *********************************************************
2025-12-18 14:35:13,589 p=12906 u=maharavo n=ansible WARNING| [WARNING]: Host 'mahatoky' is using the discovered Python interpreter at '/usr/bin/python3.12', but future installation of another Python interpreter could cause a different interpreter to be discovered. See https://docs.ansible.com/ansible-core/2.20/reference_appendices/interpreter_discovery.html for more information.

2025-12-18 14:35:13,590 p=12906 u=maharavo n=ansible INFO| ok: [mahatoky]
2025-12-18 14:35:13,607 p=12906 u=maharavo n=ansible INFO| TASK [Inclure le rôle de mise à jour] ******************************************
2025-12-18 14:35:13,649 p=12906 u=maharavo n=ansible INFO| included: /home/maharavo/L2/projet_ansible/roles/update.yml for mahatoky
2025-12-18 14:35:13,655 p=12906 u=maharavo n=ansible INFO| PLAY [Mise à jour uniquement] **************************************************
2025-12-18 14:35:13,672 p=12906 u=maharavo n=ansible INFO| TASK [Validating arguments against arg spec None] ******************************
2025-12-18 14:35:13,692 p=12906 u=maharavo n=ansible INFO| ok: [mahatoky]
2025-12-18 14:35:13,695 p=12906 u=maharavo n=ansible INFO| PLAY [Nettoyage uniquement] ****************************************************
2025-12-18 14:35:13,706 p=12906 u=maharavo n=ansible INFO| TASK [Validating arguments against arg spec None] ******************************
2025-12-18 14:35:13,726 p=12906 u=maharavo n=ansible INFO| ok: [mahatoky]
2025-12-18 14:35:13,730 p=12906 u=maharavo n=ansible INFO| PLAY [Configuration réseau uniquement] *****************************************
2025-12-18 14:35:13,740 p=12906 u=maharavo n=ansible INFO| TASK [Validating arguments against arg spec None] ******************************
2025-12-18 14:35:13,760 p=12906 u=maharavo n=ansible INFO| ok: [mahatoky]
2025-12-18 14:35:13,768 p=12906 u=maharavo n=ansible INFO| PLAY [Installation MariaDB uniquement] *****************************************
2025-12-18 14:35:13,780 p=12906 u=maharavo n=ansible INFO| TASK [Validating arguments against arg spec None] ******************************
2025-12-18 14:35:13,802 p=12906 u=maharavo n=ansible INFO| ok: [mahatoky]
2025-12-18 14:35:13,803 p=12906 u=maharavo n=ansible INFO| PLAY RECAP *********************************************************************
2025-12-18 14:35:13,803 p=12906 u=maharavo n=ansible INFO| mahatoky                   : ok=6    changed=0    unreachable=0    failed=0    skipped=0    rescued=0    ignored=0   
2025-12-18 14:35:19,312 p=12940 u=maharavo n=ansible INFO| localhost | SUCCESS => {
    "changed": false,
    "ping": "pong"
}
2025-12-18 14:35:19,905 p=12940 u=maharavo n=ansible WARNING| [WARNING]: Host 'mahatoky' is using the discovered Python interpreter at '/usr/bin/python3.12', but future installation of another Python interpreter could cause a different interpreter to be discovered. See https://docs.ansible.com/ansible-core/2.20/reference_appendices/interpreter_discovery.html for more information.

2025-12-18 14:35:19,905 p=12940 u=maharavo n=ansible INFO| mahatoky | SUCCESS => {
    "ansible_facts": {
        "discovered_interpreter_python": "/usr/bin/python3.12"
    },
    "changed": false,
    "ping": "pong"
}
2025-12-18 14:35:20,745 p=12979 u=maharavo n=ansible INFO| PLAY [Maintenance complète du système] *****************************************
2025-12-18 14:35:20,757 p=12979 u=maharavo n=ansible INFO| TASK [Gathering Facts] *********************************************************
2025-12-18 14:35:23,966 p=12979 u=maharavo n=ansible WARNING| [WARNING]: Host 'mahatoky' is using the discovered Python interpreter at '/usr/bin/python3.12', but future installation of another Python interpreter could cause a different interpreter to be discovered. See https://docs.ansible.com/ansible-core/2.20/reference_appendices/interpreter_discovery.html for more information.

2025-12-18 14:35:23,966 p=12979 u=maharavo n=ansible INFO| ok: [mahatoky]
2025-12-18 14:35:23,985 p=12979 u=maharavo n=ansible INFO| TASK [Inclure le rôle de mise à jour] ******************************************
2025-12-18 14:35:24,015 p=12979 u=maharavo n=ansible INFO| included: /home/maharavo/L2/projet_ansible/roles/update.yml for mahatoky
2025-12-18 14:35:24,021 p=12979 u=maharavo n=ansible INFO| PLAY [Mise à jour uniquement] **************************************************
2025-12-18 14:35:24,039 p=12979 u=maharavo n=ansible INFO| TASK [Validating arguments against arg spec None] ******************************
2025-12-18 14:35:24,060 p=12979 u=maharavo n=ansible INFO| ok: [mahatoky]
2025-12-18 14:35:24,063 p=12979 u=maharavo n=ansible INFO| PLAY [Nettoyage uniquement] ****************************************************
2025-12-18 14:35:24,072 p=12979 u=maharavo n=ansible INFO| TASK [Validating arguments against arg spec None] ******************************
2025-12-18 14:35:24,088 p=12979 u=maharavo n=ansible INFO| ok: [mahatoky]
2025-12-18 14:35:24,091 p=12979 u=maharavo n=ansible INFO| PLAY [Configuration réseau uniquement] *****************************************
2025-12-18 14:35:24,099 p=12979 u=maharavo n=ansible INFO| TASK [Validating arguments against arg spec None] ******************************
2025-12-18 14:35:24,115 p=12979 u=maharavo n=ansible INFO| ok: [mahatoky]
2025-12-18 14:35:24,120 p=12979 u=maharavo n=ansible INFO| PLAY [Installation MariaDB uniquement] *****************************************
2025-12-18 14:35:24,129 p=12979 u=maharavo n=ansible INFO| TASK [Validating arguments against arg spec None] ******************************
2025-12-18 14:35:24,144 p=12979 u=maharavo n=ansible INFO| ok: [mahatoky]
2025-12-18 14:35:24,145 p=12979 u=maharavo n=ansible INFO| PLAY RECAP *********************************************************************
2025-12-18 14:35:24,146 p=12979 u=maharavo n=ansible INFO| mahatoky                   : ok=6    changed=0    unreachable=0    failed=0    skipped=0    rescued=0    ignored=0   
2025-12-18 14:46:08,115 p=14105 u=maharavo n=ansible INFO| localhost | SUCCESS => {
    "changed": false,
    "ping": "pong"
}
2025-12-18 14:46:08,756 p=14105 u=maharavo n=ansible WARNING| [WARNING]: Host 'mahatoky' is using the discovered Python interpreter at '/usr/bin/python3.12', but future installation of another Python interpreter could cause a different interpreter to be discovered. See https://docs.ansible.com/ansible-core/2.20/reference_appendices/interpreter_discovery.html for more information.

2025-12-18 14:46:08,794 p=14105 u=maharavo n=ansible INFO| mahatoky | SUCCESS => {
    "ansible_facts": {
        "discovered_interpreter_python": "/usr/bin/python3.12"
    },
    "changed": false,
    "ping": "pong"
}
2025-12-18 14:46:10,595 p=14152 u=maharavo n=ansible INFO| PLAY [Maintenance complète du système] *****************************************
2025-12-18 14:46:10,678 p=14152 u=maharavo n=ansible INFO| TASK [Gathering Facts] *********************************************************
2025-12-18 14:46:13,158 p=14152 u=maharavo n=ansible WARNING| [WARNING]: Host 'mahatoky' is using the discovered Python interpreter at '/usr/bin/python3.12', but future installation of another Python interpreter could cause a different interpreter to be discovered. See https://docs.ansible.com/ansible-core/2.20/reference_appendices/interpreter_discovery.html for more information.

2025-12-18 14:46:13,159 p=14152 u=maharavo n=ansible INFO| ok: [mahatoky]
2025-12-18 14:46:13,171 p=14152 u=maharavo n=ansible INFO| TASK [Inclure le rôle de mise à jour] ******************************************
2025-12-18 14:46:13,211 p=14152 u=maharavo n=ansible INFO| included: /home/maharavo/L2/projet_ansible/roles/update.yml for mahatoky
2025-12-18 14:46:13,219 p=14152 u=maharavo n=ansible INFO| PLAY [Mise à jour uniquement] **************************************************
2025-12-18 14:46:13,291 p=14152 u=maharavo n=ansible INFO| TASK [Validating arguments against arg spec None] ******************************
2025-12-18 14:46:13,312 p=14152 u=maharavo n=ansible INFO| ok: [mahatoky]
2025-12-18 14:46:13,315 p=14152 u=maharavo n=ansible INFO| PLAY [Nettoyage uniquement] ****************************************************
2025-12-18 14:46:13,329 p=14152 u=maharavo n=ansible INFO| TASK [Validating arguments against arg spec None] ******************************
2025-12-18 14:46:13,352 p=14152 u=maharavo n=ansible INFO| ok: [mahatoky]
2025-12-18 14:46:13,356 p=14152 u=maharavo n=ansible INFO| PLAY [Configuration réseau uniquement] *****************************************
2025-12-18 14:46:13,368 p=14152 u=maharavo n=ansible INFO| TASK [Validating arguments against arg spec None] ******************************
2025-12-18 14:46:13,394 p=14152 u=maharavo n=ansible INFO| ok: [mahatoky]
2025-12-18 14:46:13,400 p=14152 u=maharavo n=ansible INFO| PLAY [Installation MariaDB uniquement] *****************************************
2025-12-18 14:46:13,414 p=14152 u=maharavo n=ansible INFO| TASK [Validating arguments against arg spec None] ******************************
2025-12-18 14:46:13,439 p=14152 u=maharavo n=ansible INFO| ok: [mahatoky]
2025-12-18 14:46:13,440 p=14152 u=maharavo n=ansible INFO| PLAY RECAP *********************************************************************
2025-12-18 14:46:13,440 p=14152 u=maharavo n=ansible INFO| mahatoky                   : ok=6    changed=0    unreachable=0    failed=0    skipped=0    rescued=0    ignored=0   
2025-12-18 14:49:47,620 p=14532 u=maharavo n=ansible INFO| PLAY [Maintenance complète du système] ***************************************************
2025-12-18 14:49:47,686 p=14532 u=maharavo n=ansible INFO| skipping: no hosts matched
2025-12-18 14:49:47,697 p=14532 u=maharavo n=ansible INFO| PLAY [Mise à jour uniquement] ************************************************************
2025-12-18 14:49:47,697 p=14532 u=maharavo n=ansible INFO| skipping: no hosts matched
2025-12-18 14:49:47,700 p=14532 u=maharavo n=ansible INFO| PLAY [Nettoyage uniquement] **************************************************************
2025-12-18 14:49:47,700 p=14532 u=maharavo n=ansible INFO| skipping: no hosts matched
2025-12-18 14:49:47,702 p=14532 u=maharavo n=ansible INFO| PLAY [Configuration réseau uniquement] ***************************************************
2025-12-18 14:49:47,703 p=14532 u=maharavo n=ansible INFO| skipping: no hosts matched
2025-12-18 14:49:47,712 p=14532 u=maharavo n=ansible INFO| PLAY [Installation MariaDB uniquement] ***************************************************
2025-12-18 14:49:47,712 p=14532 u=maharavo n=ansible INFO| skipping: no hosts matched
2025-12-18 14:49:47,712 p=14532 u=maharavo n=ansible INFO| PLAY RECAP *******************************************************************************
2025-12-18 14:50:28,560 p=14725 u=maharavo n=ansible INFO| PLAY [Test notification par email] *******************************************************
2025-12-18 14:50:28,575 p=14725 u=maharavo n=ansible INFO| TASK [Gathering Facts] *******************************************************************
2025-12-18 14:50:32,825 p=14725 u=maharavo n=ansible INFO| ok: [localhost]
2025-12-18 14:50:32,866 p=14725 u=maharavo n=ansible INFO| TASK [Préparer le rapport d'exécution] ***************************************************
2025-12-18 14:50:33,078 p=14725 u=maharavo n=ansible WARNING| [WARNING]: Deprecation warnings can be disabled by setting `deprecation_warnings=False` in ansible.cfg.

2025-12-18 14:50:33,079 p=14725 u=maharavo n=ansible INFO| [DEPRECATION WARNING]: INJECT_FACTS_AS_VARS default to `True` is deprecated, top-level facts will not be auto injected after the change. This feature will be removed from ansible-core version 2.24.
Origin: /home/maharavo/L2/projet_ansible/test_notification.yml:14:23

12     - name: Préparer le rapport d'exécution
13       set_fact:
14         rapport_date: '{{ ansible_date_time.iso8601 }}'
                         ^ column 23

Use `ansible_facts["fact_name"]` (no `ansible_` prefix) instead.


2025-12-18 14:50:33,081 p=14725 u=maharavo n=ansible INFO| [DEPRECATION WARNING]: INJECT_FACTS_AS_VARS default to `True` is deprecated, top-level facts will not be auto injected after the change. This feature will be removed from ansible-core version 2.24.
Origin: /home/maharavo/L2/projet_ansible/test_notification.yml:15:27

13       set_fact:
14         rapport_date: '{{ ansible_date_time.iso8601 }}'
15         rapport_hostname: '{{ ansible_hostname }}'
                             ^ column 27

Use `ansible_facts["fact_name"]` (no `ansible_` prefix) instead.


2025-12-18 14:50:33,083 p=14725 u=maharavo n=ansible INFO| [DEPRECATION WARNING]: INJECT_FACTS_AS_VARS default to `True` is deprecated, top-level facts will not be auto injected after the change. This feature will be removed from ansible-core version 2.24.
Origin: /home/maharavo/L2/projet_ansible/test_notification.yml:16:21

14         rapport_date: '{{ ansible_date_time.iso8601 }}'
15         rapport_hostname: '{{ ansible_hostname }}'
16         rapport_ip: "{{ ansible_default_ipv4.address | default('N/A') }}"
                       ^ column 21

Use `ansible_facts["fact_name"]` (no `ansible_` prefix) instead.


2025-12-18 14:50:33,086 p=14725 u=maharavo n=ansible INFO| [DEPRECATION WARNING]: INJECT_FACTS_AS_VARS default to `True` is deprecated, top-level facts will not be auto injected after the change. This feature will be removed from ansible-core version 2.24.
Origin: /home/maharavo/L2/projet_ansible/test_notification.yml:17:21

15         rapport_hostname: '{{ ansible_hostname }}'
16         rapport_ip: "{{ ansible_default_ipv4.address | default('N/A') }}"
17         rapport_os: '{{ ansible_distribution }} {{ ansible_distribution_version }}'
                       ^ column 21

Use `ansible_facts["fact_name"]` (no `ansible_` prefix) instead.


2025-12-18 14:50:33,087 p=14725 u=maharavo n=ansible INFO| [DEPRECATION WARNING]: INJECT_FACTS_AS_VARS default to `True` is deprecated, top-level facts will not be auto injected after the change. This feature will be removed from ansible-core version 2.24.
Origin: /home/maharavo/L2/projet_ansible/test_notification.yml:18:25

16         rapport_ip: "{{ ansible_default_ipv4.address | default('N/A') }}"
17         rapport_os: '{{ ansible_distribution }} {{ ansible_distribution_version }}'
18         rapport_uptime: '{{ ansible_uptime_seconds | int // 3600 }} heures'
                           ^ column 25

Use `ansible_facts["fact_name"]` (no `ansible_` prefix) instead.


2025-12-18 14:50:33,088 p=14725 u=maharavo n=ansible INFO| ok: [localhost]
2025-12-18 14:50:33,101 p=14725 u=maharavo n=ansible INFO| TASK [Envoyer l'email de notification] ***************************************************
2025-12-18 14:50:39,299 p=14725 u=maharavo n=ansible INFO| [DEPRECATION WARNING]: INJECT_FACTS_AS_VARS default to `True` is deprecated, top-level facts will not be auto injected after the change. This feature will be removed from ansible-core version 2.24.
Origin: /home/maharavo/L2/projet_ansible/test_notification.yml:29:15

27         subject: '✅ Ansible - Test de notification'
28         subtype: html
29         body: |
                 ^ column 15

Use `ansible_facts["fact_name"]` (no `ansible_` prefix) instead.


2025-12-18 14:50:39,300 p=14725 u=maharavo n=ansible INFO| ok: [localhost]
2025-12-18 14:50:39,490 p=14725 u=maharavo n=ansible INFO| TASK [Confirmation] **********************************************************************
2025-12-18 14:50:39,516 p=14725 u=maharavo n=ansible INFO| ok: [localhost] => {
    "msg": "✅ Email envoyé avec succès à maharavonyony@gmail.com"
}
2025-12-18 14:50:39,518 p=14725 u=maharavo n=ansible INFO| PLAY RECAP *******************************************************************************
2025-12-18 14:50:39,518 p=14725 u=maharavo n=ansible INFO| localhost                  : ok=4    changed=0    unreachable=0    failed=0    skipped=0    rescued=0    ignored=0   
2025-12-18 14:54:36,950 p=15532 u=maharavo n=ansible INFO| PLAY [Test notification par email] *********************************************
2025-12-18 14:54:37,124 p=15532 u=maharavo n=ansible INFO| TASK [Gathering Facts] *********************************************************
2025-12-18 14:54:37,831 p=15522 u=maharavo n=ansible INFO| localhost | SUCCESS => {
    "changed": false,
    "ping": "pong"
}
2025-12-18 14:54:38,364 p=15522 u=maharavo n=ansible WARNING| [WARNING]: Host 'mahatoky' is using the discovered Python interpreter at '/usr/bin/python3.12', but future installation of another Python interpreter could cause a different interpreter to be discovered. See https://docs.ansible.com/ansible-core/2.20/reference_appendices/interpreter_discovery.html for more information.

2025-12-18 14:54:38,366 p=15522 u=maharavo n=ansible INFO| mahatoky | SUCCESS => {
    "ansible_facts": {
        "discovered_interpreter_python": "/usr/bin/python3.12"
    },
    "changed": false,
    "ping": "pong"
}
2025-12-18 14:54:40,075 p=15532 u=maharavo n=ansible INFO| ok: [localhost]
2025-12-18 14:54:40,105 p=15532 u=maharavo n=ansible INFO| TASK [Préparer le rapport d'exécution] *****************************************
2025-12-18 14:54:40,265 p=15586 u=maharavo n=ansible INFO| PLAY [Maintenance complète du système] *****************************************
2025-12-18 14:54:40,310 p=15532 u=maharavo n=ansible WARNING| [WARNING]: Deprecation warnings can be disabled by setting `deprecation_warnings=False` in ansible.cfg.

2025-12-18 14:54:40,311 p=15532 u=maharavo n=ansible INFO| [DEPRECATION WARNING]: INJECT_FACTS_AS_VARS default to `True` is deprecated, top-level facts will not be auto injected after the change. This feature will be removed from ansible-core version 2.24.
Origin: /home/maharavo/L2/projet_ansible/test_notification.yml:14:23

12     - name: Préparer le rapport d'exécution
13       set_fact:
14         rapport_date: '{{ ansible_date_time.iso8601 }}'
                         ^ column 23

Use `ansible_facts["fact_name"]` (no `ansible_` prefix) instead.


2025-12-18 14:54:40,311 p=15532 u=maharavo n=ansible INFO| [DEPRECATION WARNING]: INJECT_FACTS_AS_VARS default to `True` is deprecated, top-level facts will not be auto injected after the change. This feature will be removed from ansible-core version 2.24.
Origin: /home/maharavo/L2/projet_ansible/test_notification.yml:15:27

13       set_fact:
14         rapport_date: '{{ ansible_date_time.iso8601 }}'
15         rapport_hostname: '{{ ansible_hostname }}'
                             ^ column 27

Use `ansible_facts["fact_name"]` (no `ansible_` prefix) instead.


2025-12-18 14:54:40,311 p=15532 u=maharavo n=ansible INFO| [DEPRECATION WARNING]: INJECT_FACTS_AS_VARS default to `True` is deprecated, top-level facts will not be auto injected after the change. This feature will be removed from ansible-core version 2.24.
Origin: /home/maharavo/L2/projet_ansible/test_notification.yml:16:21

14         rapport_date: '{{ ansible_date_time.iso8601 }}'
15         rapport_hostname: '{{ ansible_hostname }}'
16         rapport_ip: "{{ ansible_default_ipv4.address | default('N/A') }}"
                       ^ column 21

Use `ansible_facts["fact_name"]` (no `ansible_` prefix) instead.


2025-12-18 14:54:40,312 p=15532 u=maharavo n=ansible INFO| [DEPRECATION WARNING]: INJECT_FACTS_AS_VARS default to `True` is deprecated, top-level facts will not be auto injected after the change. This feature will be removed from ansible-core version 2.24.
Origin: /home/maharavo/L2/projet_ansible/test_notification.yml:17:21

15         rapport_hostname: '{{ ansible_hostname }}'
16         rapport_ip: "{{ ansible_default_ipv4.address | default('N/A') }}"
17         rapport_os: '{{ ansible_distribution }} {{ ansible_distribution_version }}'
                       ^ column 21

Use `ansible_facts["fact_name"]` (no `ansible_` prefix) instead.


2025-12-18 14:54:40,312 p=15532 u=maharavo n=ansible INFO| [DEPRECATION WARNING]: INJECT_FACTS_AS_VARS default to `True` is deprecated, top-level facts will not be auto injected after the change. This feature will be removed from ansible-core version 2.24.
Origin: /home/maharavo/L2/projet_ansible/test_notification.yml:18:25

16         rapport_ip: "{{ ansible_default_ipv4.address | default('N/A') }}"
17         rapport_os: '{{ ansible_distribution }} {{ ansible_distribution_version }}'
18         rapport_uptime: '{{ ansible_uptime_seconds | int // 3600 }} heures'
                           ^ column 25

Use `ansible_facts["fact_name"]` (no `ansible_` prefix) instead.


2025-12-18 14:54:40,312 p=15532 u=maharavo n=ansible INFO| ok: [localhost]
2025-12-18 14:54:40,322 p=15532 u=maharavo n=ansible INFO| TASK [Envoyer l'email de notification] *****************************************
2025-12-18 14:54:40,457 p=15586 u=maharavo n=ansible INFO| TASK [Gathering Facts] *********************************************************
2025-12-18 14:54:43,043 p=15586 u=maharavo n=ansible WARNING| [WARNING]: Host 'mahatoky' is using the discovered Python interpreter at '/usr/bin/python3.12', but future installation of another Python interpreter could cause a different interpreter to be discovered. See https://docs.ansible.com/ansible-core/2.20/reference_appendices/interpreter_discovery.html for more information.

2025-12-18 14:54:43,043 p=15586 u=maharavo n=ansible INFO| ok: [mahatoky]
2025-12-18 14:54:43,068 p=15586 u=maharavo n=ansible INFO| TASK [Inclure le rôle de mise à jour] ******************************************
2025-12-18 14:54:43,111 p=15586 u=maharavo n=ansible INFO| included: /home/maharavo/L2/projet_ansible/roles/update.yml for mahatoky
2025-12-18 14:54:43,120 p=15586 u=maharavo n=ansible INFO| PLAY [Mise à jour uniquement] **************************************************
2025-12-18 14:54:43,179 p=15586 u=maharavo n=ansible INFO| TASK [Validating arguments against arg spec None] ******************************
2025-12-18 14:54:43,202 p=15586 u=maharavo n=ansible INFO| ok: [mahatoky]
2025-12-18 14:54:43,205 p=15586 u=maharavo n=ansible INFO| PLAY [Nettoyage uniquement] ****************************************************
2025-12-18 14:54:43,221 p=15586 u=maharavo n=ansible INFO| TASK [Validating arguments against arg spec None] ******************************
2025-12-18 14:54:43,246 p=15586 u=maharavo n=ansible INFO| ok: [mahatoky]
2025-12-18 14:54:43,251 p=15586 u=maharavo n=ansible INFO| PLAY [Configuration réseau uniquement] *****************************************
2025-12-18 14:54:43,262 p=15586 u=maharavo n=ansible INFO| TASK [Validating arguments against arg spec None] ******************************
2025-12-18 14:54:43,286 p=15586 u=maharavo n=ansible INFO| ok: [mahatoky]
2025-12-18 14:54:43,295 p=15586 u=maharavo n=ansible INFO| PLAY [Installation MariaDB uniquement] *****************************************
2025-12-18 14:54:43,308 p=15586 u=maharavo n=ansible INFO| TASK [Validating arguments against arg spec None] ******************************
2025-12-18 14:54:43,335 p=15586 u=maharavo n=ansible INFO| ok: [mahatoky]
2025-12-18 14:54:43,335 p=15586 u=maharavo n=ansible INFO| PLAY RECAP *********************************************************************
2025-12-18 14:54:43,336 p=15586 u=maharavo n=ansible INFO| mahatoky                   : ok=6    changed=0    unreachable=0    failed=0    skipped=0    rescued=0    ignored=0   
2025-12-18 14:54:49,141 p=15532 u=maharavo n=ansible INFO| [DEPRECATION WARNING]: INJECT_FACTS_AS_VARS default to `True` is deprecated, top-level facts will not be auto injected after the change. This feature will be removed from ansible-core version 2.24.
Origin: /home/maharavo/L2/projet_ansible/test_notification.yml:29:15

27         subject: '✅ Ansible - Test de notification'
28         subtype: html
29         body: |
                 ^ column 15

Use `ansible_facts["fact_name"]` (no `ansible_` prefix) instead.


2025-12-18 14:54:49,142 p=15532 u=maharavo n=ansible INFO| ok: [localhost]
2025-12-18 14:54:49,206 p=15532 u=maharavo n=ansible INFO| TASK [Confirmation] ************************************************************
2025-12-18 14:54:49,282 p=15532 u=maharavo n=ansible INFO| ok: [localhost] => {
    "msg": "✅ Email envoyé avec succès à maharavonyony@gmail.com"
}
2025-12-18 14:54:49,288 p=15532 u=maharavo n=ansible INFO| PLAY RECAP *********************************************************************
2025-12-18 14:54:49,289 p=15532 u=maharavo n=ansible INFO| localhost                  : ok=4    changed=0    unreachable=0    failed=0    skipped=0    rescued=0    ignored=0   
2025-12-20 02:47:57,437 p=8822 u=manda n=ansible ERROR| [ERROR]: the role 'mit-dns' was not found in /home/manda/Documents/MITL2/PROJETRESEAUXS4/ANSIBLE-MIT/projet_ansible/playbooks/roles:/home/manda/.ansible/roles:/usr/share/ansible/roles:/etc/ansible/roles:/home/manda/Documents/MITL2/PROJETRESEAUXS4/ANSIBLE-MIT/projet_ansible/playbooks
Origin: /home/manda/Documents/MITL2/PROJETRESEAUXS4/ANSIBLE-MIT/projet_ansible/playbooks/dns.yml:6:7

4   
5   roles:
6     - role: mit-dns
        ^ column 7


2025-12-20 02:55:45,884 p=9124 u=manda n=ansible ERROR| [ERROR]: the role 'mit-dns' was not found in /home/manda/Documents/MITL2/PROJETRESEAUXS4/ANSIBLE-MIT/projet_ansible/playbooks/roles:/home/manda/.ansible/roles:/usr/share/ansible/roles:/etc/ansible/roles:/home/manda/Documents/MITL2/PROJETRESEAUXS4/ANSIBLE-MIT/projet_ansible/playbooks
Origin: /home/manda/Documents/MITL2/PROJETRESEAUXS4/ANSIBLE-MIT/projet_ansible/playbooks/dns.yml:6:7

4   
5   roles:
6     - role: mit-dns
        ^ column 7


2025-12-20 02:59:11,748 p=9204 u=manda n=ansible INFO|   hosts (5):
2025-12-20 02:59:11,748 p=9204 u=manda n=ansible INFO|     pc1
2025-12-20 02:59:11,748 p=9204 u=manda n=ansible INFO|     pc2
2025-12-20 02:59:11,748 p=9204 u=manda n=ansible INFO|     router1
2025-12-20 02:59:11,748 p=9204 u=manda n=ansible INFO|     localhost
2025-12-20 02:59:11,748 p=9204 u=manda n=ansible INFO|     mahatoky
2025-12-20 02:59:12,435 p=9208 u=manda n=ansible ERROR| [ERROR]: the role 'mit-dns' was not found in /home/manda/Documents/MITL2/PROJETRESEAUXS4/ANSIBLE-MIT/projet_ansible/playbooks/roles:/home/manda/.ansible/roles:/usr/share/ansible/roles:/etc/ansible/roles:/home/manda/Documents/MITL2/PROJETRESEAUXS4/ANSIBLE-MIT/projet_ansible/playbooks
Origin: /home/manda/Documents/MITL2/PROJETRESEAUXS4/ANSIBLE-MIT/projet_ansible/playbooks/dns.yml:6:7

4   
5   roles:
6     - role: mit-dns
        ^ column 7


2025-12-20 02:59:13,177 p=9213 u=manda n=ansible ERROR| [ERROR]: the role 'mit-dns' was not found in /home/manda/Documents/MITL2/PROJETRESEAUXS4/ANSIBLE-MIT/projet_ansible/playbooks/roles:/home/manda/.ansible/roles:/usr/share/ansible/roles:/etc/ansible/roles:/home/manda/Documents/MITL2/PROJETRESEAUXS4/ANSIBLE-MIT/projet_ansible/playbooks
Origin: /home/manda/Documents/MITL2/PROJETRESEAUXS4/ANSIBLE-MIT/projet_ansible/playbooks/dns.yml:6:7

4   
5   roles:
6     - role: mit-dns
        ^ column 7


2025-12-20 02:59:13,914 p=9222 u=manda n=ansible ERROR| [ERROR]: the role 'mit-dns' was not found in /home/manda/Documents/MITL2/PROJETRESEAUXS4/ANSIBLE-MIT/projet_ansible/playbooks/roles:/home/manda/.ansible/roles:/usr/share/ansible/roles:/etc/ansible/roles:/home/manda/Documents/MITL2/PROJETRESEAUXS4/ANSIBLE-MIT/projet_ansible/playbooks
Origin: /home/manda/Documents/MITL2/PROJETRESEAUXS4/ANSIBLE-MIT/projet_ansible/playbooks/dns.yml:6:7

4   
5   roles:
6     - role: mit-dns
        ^ column 7


2025-12-20 02:59:24,235 p=9228 u=manda n=ansible INFO|   hosts (5):
2025-12-20 02:59:24,236 p=9228 u=manda n=ansible INFO|     pc1
2025-12-20 02:59:24,236 p=9228 u=manda n=ansible INFO|     pc2
2025-12-20 02:59:24,236 p=9228 u=manda n=ansible INFO|     router1
2025-12-20 02:59:24,236 p=9228 u=manda n=ansible INFO|     localhost
2025-12-20 02:59:24,236 p=9228 u=manda n=ansible INFO|     mahatoky
2025-12-20 02:59:34,277 p=9238 u=manda n=ansible ERROR| [ERROR]: the role 'mit-dns' was not found in /home/manda/Documents/MITL2/PROJETRESEAUXS4/ANSIBLE-MIT/projet_ansible/playbooks/roles:/home/manda/.ansible/roles:/usr/share/ansible/roles:/etc/ansible/roles:/home/manda/Documents/MITL2/PROJETRESEAUXS4/ANSIBLE-MIT/projet_ansible/playbooks
Origin: /home/manda/Documents/MITL2/PROJETRESEAUXS4/ANSIBLE-MIT/projet_ansible/playbooks/dns.yml:6:7

4   
5   roles:
6     - role: mit-dns
        ^ column 7


2025-12-20 03:02:16,221 p=9359 u=manda n=ansible INFO|   hosts (1):
2025-12-20 03:02:16,221 p=9359 u=manda n=ansible INFO|     pc1
2025-12-20 03:02:35,870 p=9375 u=manda n=ansible ERROR| [ERROR]: Task failed: Failed to connect to the host via ssh: ssh: connect to host 192.168.1.21 port 22: No route to host

Task failed.
Origin: <adhoc 'ping' task>

{'action': 'ping', 'args': {}, 'timeout': 0, 'async_val': 0, 'poll': 15}

<<< caused by >>>

Failed to connect to the host via ssh: ssh: connect to host 192.168.1.21 port 22: No route to host


2025-12-20 03:02:35,871 p=9375 u=manda n=ansible INFO| pc1 | UNREACHABLE! => {
    "changed": false,
    "msg": "Task failed: Failed to connect to the host via ssh: ssh: connect to host 192.168.1.21 port 22: No route to host",
    "unreachable": true
}
2025-12-20 03:02:49,241 p=9392 u=manda n=ansible ERROR| [ERROR]: the role 'mit-dns' was not found in /home/manda/Documents/MITL2/PROJETRESEAUXS4/ANSIBLE-MIT/projet_ansible/playbooks/roles:/home/manda/.ansible/roles:/usr/share/ansible/roles:/etc/ansible/roles:/home/manda/Documents/MITL2/PROJETRESEAUXS4/ANSIBLE-MIT/projet_ansible/playbooks
Origin: /home/manda/Documents/MITL2/PROJETRESEAUXS4/ANSIBLE-MIT/projet_ansible/playbooks/dns.yml:6:7

4   
5   roles:
6     - role: mit-dns
        ^ column 7


2025-12-20 03:06:16,918 p=9489 u=manda n=ansible ERROR| [ERROR]: the role 'mit-dns' was not found in /home/manda/Documents/MITL2/PROJETRESEAUXS4/ANSIBLE-MIT/projet_ansible/playbooks/roles:/home/manda/.ansible/roles:/usr/share/ansible/roles:/etc/ansible/roles:/home/manda/Documents/MITL2/PROJETRESEAUXS4/ANSIBLE-MIT/projet_ansible/playbooks
Origin: /home/manda/Documents/MITL2/PROJETRESEAUXS4/ANSIBLE-MIT/projet_ansible/playbooks/dns.yml:6:7

4   
5   roles:
6     - role: mit-dns
        ^ column 7


2025-12-20 03:07:43,112 p=9517 u=manda n=ansible ERROR| [ERROR]: the role 'mit-dns' was not found in /home/manda/Documents/MITL2/PROJETRESEAUXS4/ANSIBLE-MIT/projet_ansible/playbooks/roles:/home/manda/.ansible/roles:/usr/share/ansible/roles:/etc/ansible/roles:/home/manda/Documents/MITL2/PROJETRESEAUXS4/ANSIBLE-MIT/projet_ansible/playbooks
Origin: /home/manda/Documents/MITL2/PROJETRESEAUXS4/ANSIBLE-MIT/projet_ansible/playbooks/dns.yml:6:7

4   
5   roles:
6     - role: mit-dns
        ^ column 7


2025-12-20 03:10:14,216 p=9624 u=manda n=ansible ERROR| [ERROR]: conflicting action statements: hosts, tasks
Origin: /home/manda/Documents/MITL2/PROJETRESEAUXS4/ANSIBLE-MIT/projet_ansible/roles/mit-dns/tasks/main.yml:2:3

1 ---
2 - name: Déploiement serveur DNS (dnsmasq) distant
    ^ column 3


2025-12-20 03:14:27,368 p=9716 u=manda n=ansible ERROR| [ERROR]: A malformed block was encountered while loading a block: The ds ({'vars': {'domain': 'lab.local', 'dns_port': 53}, 'tasks': [{'name': 'Mettre à jour cache APT', 'ansible.builtin.apt': {'update_cache': True}, 'ignore_errors': True}, {'name': 'Installer dnsmasq', 'ansible.builtin.apt': {'name': 'dnsmasq', 'state': 'present'}}, {'name': 'Arrêter systemd-resolved (conflit port 53)', 'ansible.builtin.systemd': {'name': 'systemd-resolved', 'state': 'stopped', 'enabled': False}}, {'name': 'Configurer /etc/systemd/resolved.conf (libérer port 53)', 'ansible.builtin.lineinfile': {'path': '/etc/systemd/resolved.conf', 'regexp': '^DNSStubListener=', 'line': 'DNSStubListener=no', 'state': 'present'}, 'notify': 'restart systemd-resolved'}, {'name': 'Arrêter named/Bind9 (conflit port 53)', 'ansible.builtin.systemd': {'name': '{{ item }}', 'state': 'stopped', 'enabled': False}, 'loop': ['named', 'bind9']}, {'name': 'Sauvegarder config dnsmasq originale', 'ansible.builtin.copy': {'src': '/etc/dnsmasq.conf', 'dest': '/etc/dnsmasq.conf.backup', 'remote_src': True, 'backup': True}}, {'name': 'Configurer dnsmasq principal', 'ansible.builtin.copy': {'content': '# DNS local lab.local\n domain={{ domain }}\n domain-needed\n bogus-priv\n expand-hosts\n\n# Interface et binding\n bind-interfaces\n interface=lo\n interface=eth0\n except-interface=lo\n\n# Résolution récursive\n server=8.8.8.8\n server=8.8.4.4\n\n# Zones locales\n address=/{{ domain }}/192.168.56.10\n address=/.local/192.168.56.10\n\n# Cache et performance\n cache-size=1000\n log-queries\n log-facility=/var/log/dnsmasq.log\n', 'dest': '/etc/dnsmasq.conf', 'mode': '0644'}, 'notify': 'restart dnsmasq'}, {'name': 'Créer /etc/dnsmasq.d/lab.local', 'ansible.builtin.copy': {'content': '# Zone lab.local\naddress=/.lab.local/192.168.56.10\ncname=dns1.lab.local,serveur1.lab.local\n', 'dest': '/etc/dnsmasq.d/lab.local', 'mode': '0644'}, 'notify': 'restart dnsmasq'}, {'name': 'Activer et démarrer dnsmasq', 'ansible.builtin.systemd': {'name': 'dnsmasq', 'state': 'restarted', 'enabled': True}}, {'name': 'Vérifier dnsmasq écoute sur port 53', 'ansible.builtin.wait_for': {'port': '{{ dns_port }}', 'host': '0.0.0.0', 'timeout': 30}}, {'name': 'Tester résolution locale', 'ansible.builtin.command': 'dig @127.0.0.1 {{ domain }}', 'register': 'dig_result', 'changed_when': False}, {'name': 'Afficher statut DNS', 'ansible.builtin.debug': {'msg': ['DNS {{ domain }} déployé sur {{ inventory_hostname }}', 'Test dig: {{ dig_result.rc == 0 }}', 'Connexion: dig @{{ ansible_host }} {{ domain }}']}}], 'handlers': [{'name': 'restart systemd-resolved', 'ansible.builtin.systemd': {'name': 'systemd-resolved', 'state': 'restarted'}}, {'name': 'restart dnsmasq', 'ansible.builtin.systemd': {'name': 'dnsmasq', 'state': 'restarted'}}]}) should be a list but was a <class 'ansible.module_utils._internal._datatag._AnsibleTaggedDict'>
Origin: /home/manda/Documents/MITL2/PROJETRESEAUXS4/ANSIBLE-MIT/projet_ansible/roles/mit-dns/tasks/main.yml:2:3

1 ---
2 - name: Déploiement serveur DNS (dnsmasq) distant
    ^ column 3


2025-12-20 03:19:19,766 p=9869 u=manda n=ansible INFO| playbook: playbooks/dns.yml
2025-12-20 03:19:28,370 p=9880 u=manda n=ansible INFO| PLAY [🌍 Configuration DNS BIND9] *********************************************************
2025-12-20 03:19:28,390 p=9880 u=manda n=ansible INFO| TASK [Gathering Facts] ********************************************************************
2025-12-20 03:19:31,742 p=9880 u=manda n=ansible ERROR| [ERROR]: Task failed: Failed to connect to the host via ssh: ssh: connect to host 192.168.1.21 port 22: No route to host

Task failed.

<<< caused by >>>

Failed to connect to the host via ssh: ssh: connect to host 192.168.1.21 port 22: No route to host


2025-12-20 03:19:31,743 p=9880 u=manda n=ansible INFO| fatal: [pc1]: UNREACHABLE! => {"changed": false, "msg": "Task failed: Failed to connect to the host via ssh: ssh: connect to host 192.168.1.21 port 22: No route to host", "unreachable": true}
2025-12-20 03:19:31,745 p=9880 u=manda n=ansible INFO| PLAY RECAP ********************************************************************************
2025-12-20 03:19:31,745 p=9880 u=manda n=ansible INFO| pc1                        : ok=0    changed=0    unreachable=1    failed=0    skipped=0    rescued=0    ignored=0   
2025-12-20 03:20:04,346 p=9919 u=manda n=ansible INFO| playbook: playbooks/dns.yml
2025-12-20 03:20:04,347 p=9919 u=manda n=ansible INFO| playbook: playbooks/ssh.yml
2025-12-20 03:20:04,347 p=9919 u=manda n=ansible INFO| playbook: playbooks/tls.yml
2025-12-20 03:20:10,820 p=9930 u=manda n=ansible INFO| PLAY [🚀 Déploiement complet infrastructure MIT] ******************************************
2025-12-20 03:20:10,831 p=9930 u=manda n=ansible INFO| TASK [Gathering Facts] ********************************************************************
2025-12-20 03:20:11,131 p=9930 u=manda n=ansible ERROR| [ERROR]: Task failed: Premature end of stream waiting for become success.
>>> Standard Error
sudo: il est nécessaire de saisir un mot de passe


2025-12-20 03:20:11,131 p=9930 u=manda n=ansible INFO| fatal: [localhost]: FAILED! => {"changed": false, "msg": "Task failed: Premature end of stream waiting for become success.\n>>> Standard Error\nsudo: il est nécessaire de saisir un mot de passe"}
2025-12-20 03:20:14,174 p=9930 u=manda n=ansible ERROR| [ERROR]: Task failed: Failed to connect to the host via ssh: ssh: connect to host 192.168.1.22 port 22: No route to host

Task failed.

<<< caused by >>>

Failed to connect to the host via ssh: ssh: connect to host 192.168.1.22 port 22: No route to host


2025-12-20 03:20:14,179 p=9930 u=manda n=ansible INFO| fatal: [pc2]: UNREACHABLE! => {"changed": false, "msg": "Task failed: Failed to connect to the host via ssh: ssh: connect to host 192.168.1.22 port 22: No route to host", "unreachable": true}
2025-12-20 03:20:14,180 p=9930 u=manda n=ansible ERROR| [ERROR]: Task failed: Failed to connect to the host via ssh: ssh: connect to host 192.168.1.1 port 22: No route to host

Task failed.

<<< caused by >>>

Failed to connect to the host via ssh: ssh: connect to host 192.168.1.1 port 22: No route to host


2025-12-20 03:20:14,180 p=9930 u=manda n=ansible INFO| fatal: [router1]: UNREACHABLE! => {"changed": false, "msg": "Task failed: Failed to connect to the host via ssh: ssh: connect to host 192.168.1.1 port 22: No route to host", "unreachable": true}
2025-12-20 03:20:14,180 p=9930 u=manda n=ansible ERROR| [ERROR]: Task failed: Failed to connect to the host via ssh: ssh: connect to host 192.168.1.21 port 22: No route to host

Task failed.

<<< caused by >>>

Failed to connect to the host via ssh: ssh: connect to host 192.168.1.21 port 22: No route to host


2025-12-20 03:20:14,181 p=9930 u=manda n=ansible INFO| fatal: [mahatoky]: UNREACHABLE! => {"changed": false, "msg": "Task failed: Failed to connect to the host via ssh: ssh: connect to host 192.168.1.21 port 22: No route to host", "unreachable": true}
2025-12-20 03:20:14,181 p=9930 u=manda n=ansible INFO| fatal: [pc1]: UNREACHABLE! => {"changed": false, "msg": "Task failed: Failed to connect to the host via ssh: ssh: connect to host 192.168.1.21 port 22: No route to host", "unreachable": true}
2025-12-20 03:20:14,182 p=9930 u=manda n=ansible INFO| PLAY RECAP ********************************************************************************
2025-12-20 03:20:14,182 p=9930 u=manda n=ansible INFO| localhost                  : ok=0    changed=0    unreachable=0    failed=1    skipped=0    rescued=0    ignored=0   
2025-12-20 03:20:14,182 p=9930 u=manda n=ansible INFO| mahatoky                   : ok=0    changed=0    unreachable=1    failed=0    skipped=0    rescued=0    ignored=0   
2025-12-20 03:20:14,182 p=9930 u=manda n=ansible INFO| pc1                        : ok=0    changed=0    unreachable=1    failed=0    skipped=0    rescued=0    ignored=0   
2025-12-20 03:20:14,183 p=9930 u=manda n=ansible INFO| pc2                        : ok=0    changed=0    unreachable=1    failed=0    skipped=0    rescued=0    ignored=0   
2025-12-20 03:20:14,183 p=9930 u=manda n=ansible INFO| router1                    : ok=0    changed=0    unreachable=1    failed=0    skipped=0    rescued=0    ignored=0   
2025-12-20 03:20:21,383 p=9972 u=manda n=ansible INFO| PLAY [🚀 Déploiement complet infrastructure MIT] ******************************************
2025-12-20 03:20:21,391 p=9972 u=manda n=ansible INFO| TASK [Gathering Facts] ********************************************************************
2025-12-20 03:20:21,680 p=9972 u=manda n=ansible ERROR| [ERROR]: Task failed: Premature end of stream waiting for become success.
>>> Standard Error
sudo: il est nécessaire de saisir un mot de passe


2025-12-20 03:20:21,680 p=9972 u=manda n=ansible INFO| fatal: [localhost]: FAILED! => {"changed": false, "msg": "Task failed: Premature end of stream waiting for become success.\n>>> Standard Error\nsudo: il est nécessaire de saisir un mot de passe"}
2025-12-20 03:20:21,681 p=9972 u=manda n=ansible INFO| PLAY RECAP ********************************************************************************
2025-12-20 03:20:21,681 p=9972 u=manda n=ansible INFO| localhost                  : ok=0    changed=0    unreachable=0    failed=1    skipped=0    rescued=0    ignored=0   
2025-12-20 03:28:56,971 p=12176 u=manda n=ansible INFO| PLAY [🔒 Configuration TLS/HTTPS] *********************************************************
2025-12-20 03:28:56,971 p=12176 u=manda n=ansible INFO| skipping: no hosts matched
2025-12-20 03:28:56,972 p=12176 u=manda n=ansible INFO| PLAY RECAP ********************************************************************************
2025-12-20 03:29:48,931 p=12220 u=manda n=ansible INFO| PLAY [🔒 Configuration TLS/HTTPS] *********************************************************
2025-12-20 03:29:48,942 p=12220 u=manda n=ansible INFO| TASK [Gathering Facts] ********************************************************************
2025-12-20 03:29:49,249 p=12220 u=manda n=ansible ERROR| [ERROR]: Task failed: Premature end of stream waiting for become success.
>>> Standard Error
sudo: il est nécessaire de saisir un mot de passe


2025-12-20 03:29:49,250 p=12220 u=manda n=ansible INFO| fatal: [localhost]: FAILED! => {"changed": false, "msg": "Task failed: Premature end of stream waiting for become success.\n>>> Standard Error\nsudo: il est nécessaire de saisir un mot de passe"}
2025-12-20 03:29:49,251 p=12220 u=manda n=ansible INFO| PLAY RECAP ********************************************************************************
2025-12-20 03:29:49,251 p=12220 u=manda n=ansible INFO| localhost                  : ok=0    changed=0    unreachable=0    failed=1    skipped=0    rescued=0    ignored=0   
2025-12-20 03:30:41,350 p=12299 u=manda n=ansible INFO| PLAY [🔒 Configuration TLS/HTTPS] *********************************************************
2025-12-20 03:30:41,362 p=12299 u=manda n=ansible INFO| TASK [Gathering Facts] ********************************************************************
2025-12-20 03:30:41,646 p=12299 u=manda n=ansible ERROR| [ERROR]: Task failed: Premature end of stream waiting for become success.
>>> Standard Error
sudo: il est nécessaire de saisir un mot de passe


2025-12-20 03:30:41,647 p=12299 u=manda n=ansible INFO| fatal: [localhost]: FAILED! => {"changed": false, "msg": "Task failed: Premature end of stream waiting for become success.\n>>> Standard Error\nsudo: il est nécessaire de saisir un mot de passe"}
2025-12-20 03:30:44,701 p=12299 u=manda n=ansible ERROR| [ERROR]: Task failed: Failed to connect to the host via ssh: ssh: connect to host 192.168.1.22 port 22: No route to host

Task failed.

<<< caused by >>>

Failed to connect to the host via ssh: ssh: connect to host 192.168.1.22 port 22: No route to host


2025-12-20 03:30:44,703 p=12299 u=manda n=ansible INFO| fatal: [pc2]: UNREACHABLE! => {"changed": false, "msg": "Task failed: Failed to connect to the host via ssh: ssh: connect to host 192.168.1.22 port 22: No route to host", "unreachable": true}
2025-12-20 03:30:44,706 p=12299 u=manda n=ansible INFO| PLAY RECAP ********************************************************************************
2025-12-20 03:30:44,707 p=12299 u=manda n=ansible INFO| localhost                  : ok=0    changed=0    unreachable=0    failed=1    skipped=0    rescued=0    ignored=0   
2025-12-20 03:30:44,707 p=12299 u=manda n=ansible INFO| pc2                        : ok=0    changed=0    unreachable=1    failed=0    skipped=0    rescued=0    ignored=0   
2025-12-20 03:30:49,128 p=12339 u=root n=ansible INFO| PLAY [🔒 Configuration TLS/HTTPS] *********************************************************
2025-12-20 03:30:49,142 p=12339 u=root n=ansible INFO| TASK [Gathering Facts] ********************************************************************
2025-12-20 03:30:50,452 p=12339 u=root n=ansible INFO| ok: [localhost]
2025-12-20 03:30:52,508 p=12339 u=root n=ansible ERROR| [ERROR]: Task failed: Failed to connect to the host via ssh: ssh: connect to host 192.168.1.22 port 22: No route to host

Task failed.

<<< caused by >>>

Failed to connect to the host via ssh: ssh: connect to host 192.168.1.22 port 22: No route to host


2025-12-20 03:30:52,509 p=12339 u=root n=ansible INFO| fatal: [pc2]: UNREACHABLE! => {"changed": false, "msg": "Task failed: Failed to connect to the host via ssh: ssh: connect to host 192.168.1.22 port 22: No route to host", "unreachable": true}
2025-12-20 03:30:52,518 p=12339 u=root n=ansible INFO| TASK [mit-tls : 🔒 TLS - Installation des prérequis] **************************************
2025-12-20 03:30:52,557 p=12339 u=root n=ansible INFO| skipping: [localhost]
2025-12-20 03:30:52,565 p=12339 u=root n=ansible INFO| TASK [mit-tls : 🔒 TLS - Créer répertoires SSL] *******************************************
2025-12-20 03:30:52,589 p=12339 u=root n=ansible INFO| skipping: [localhost] => (item=/etc/nginx/ssl) 
2025-12-20 03:30:52,591 p=12339 u=root n=ansible INFO| skipping: [localhost] => (item=/var/www/certbot) 
2025-12-20 03:30:52,592 p=12339 u=root n=ansible INFO| skipping: [localhost]
2025-12-20 03:30:52,599 p=12339 u=root n=ansible INFO| TASK [mit-tls : 🔒 TLS - Arrêter Nginx temporairement pour Certbot] ***********************
2025-12-20 03:30:52,621 p=12339 u=root n=ansible INFO| skipping: [localhost]
2025-12-20 03:30:52,629 p=12339 u=root n=ansible INFO| TASK [mit-tls : 🔒 TLS - Générer certificat Let's Encrypt] ********************************
2025-12-20 03:30:52,650 p=12339 u=root n=ansible INFO| skipping: [localhost]
2025-12-20 03:30:52,657 p=12339 u=root n=ansible INFO| TASK [mit-tls : 🔒 TLS - Générer certificat auto-signé (développement)] *******************
2025-12-20 03:30:52,677 p=12339 u=root n=ansible INFO| skipping: [localhost]
2025-12-20 03:30:52,683 p=12339 u=root n=ansible INFO| TASK [mit-tls : 🔒 TLS - Copier certificats Let's Encrypt vers Nginx] *********************
2025-12-20 03:30:52,709 p=12339 u=root n=ansible INFO| skipping: [localhost] => (item={'src': '/etc/letsencrypt/live/mit.mg/fullchain.pem', 'dest': '/etc/nginx/ssl/mit.mg.crt'}) 
2025-12-20 03:30:52,711 p=12339 u=root n=ansible INFO| skipping: [localhost] => (item={'src': '/etc/letsencrypt/live/mit.mg/privkey.pem', 'dest': '/etc/nginx/ssl/mit.mg.key'}) 
2025-12-20 03:30:52,712 p=12339 u=root n=ansible INFO| skipping: [localhost]
2025-12-20 03:30:52,719 p=12339 u=root n=ansible INFO| TASK [mit-tls : 🔒 TLS - Générer paramètres Diffie-Hellman] *******************************
2025-12-20 03:30:52,741 p=12339 u=root n=ansible INFO| skipping: [localhost]
2025-12-20 03:30:52,748 p=12339 u=root n=ansible INFO| TASK [mit-tls : 🔒 TLS - Configuration SSL Nginx (snippet)] *******************************
2025-12-20 03:30:52,769 p=12339 u=root n=ansible INFO| skipping: [localhost]
2025-12-20 03:30:52,776 p=12339 u=root n=ansible INFO| TASK [mit-tls : 🔒 TLS - Configuration site HTTPS Nginx] **********************************
2025-12-20 03:30:52,797 p=12339 u=root n=ansible INFO| skipping: [localhost]
2025-12-20 03:30:52,804 p=12339 u=root n=ansible INFO| TASK [mit-tls : 🔒 TLS - Activer site HTTPS] **********************************************
2025-12-20 03:30:52,828 p=12339 u=root n=ansible INFO| skipping: [localhost]
2025-12-20 03:30:52,835 p=12339 u=root n=ansible INFO| TASK [mit-tls : 🔒 TLS - Supprimer configuration par défaut] ******************************
2025-12-20 03:30:52,856 p=12339 u=root n=ansible INFO| skipping: [localhost]
2025-12-20 03:30:52,862 p=12339 u=root n=ansible INFO| TASK [mit-tls : 🔒 TLS - Vérifier configuration Nginx] ************************************
2025-12-20 03:30:52,883 p=12339 u=root n=ansible INFO| skipping: [localhost]
2025-12-20 03:30:52,890 p=12339 u=root n=ansible INFO| TASK [mit-tls : 🔒 TLS - Créer page d'accueil] ********************************************
2025-12-20 03:30:52,910 p=12339 u=root n=ansible INFO| skipping: [localhost]
2025-12-20 03:30:52,916 p=12339 u=root n=ansible INFO| TASK [mit-tls : 🔒 TLS - Configurer renouvellement automatique] ***************************
2025-12-20 03:30:52,936 p=12339 u=root n=ansible INFO| skipping: [localhost]
2025-12-20 03:30:52,942 p=12339 u=root n=ansible INFO| TASK [mit-tls : 🔒 TLS - Ouvrir ports HTTP/HTTPS dans firewall] ***************************
2025-12-20 03:30:52,963 p=12339 u=root n=ansible INFO| skipping: [localhost] => (item=80) 
2025-12-20 03:30:52,965 p=12339 u=root n=ansible INFO| skipping: [localhost] => (item=443) 
2025-12-20 03:30:52,966 p=12339 u=root n=ansible INFO| skipping: [localhost]
2025-12-20 03:30:52,972 p=12339 u=root n=ansible INFO| TASK [mit-tls : 🔒 TLS - Démarrer et activer Nginx] ***************************************
2025-12-20 03:30:52,995 p=12339 u=root n=ansible INFO| skipping: [localhost]
2025-12-20 03:30:53,003 p=12339 u=root n=ansible INFO| PLAY RECAP ********************************************************************************
2025-12-20 03:30:53,003 p=12339 u=root n=ansible INFO| localhost                  : ok=1    changed=0    unreachable=0    failed=0    skipped=16   rescued=0    ignored=0   
2025-12-20 03:30:53,003 p=12339 u=root n=ansible INFO| pc2                        : ok=0    changed=0    unreachable=1    failed=0    skipped=0    rescued=0    ignored=0   
2025-12-20 03:31:19,279 p=12503 u=manda n=ansible INFO| PLAY [🔒 Configuration TLS/HTTPS] *********************************************************
2025-12-20 03:31:19,288 p=12503 u=manda n=ansible INFO| TASK [Gathering Facts] ********************************************************************
2025-12-20 03:31:19,574 p=12503 u=manda n=ansible ERROR| [ERROR]: Task failed: Premature end of stream waiting for become success.
>>> Standard Error
sudo: il est nécessaire de saisir un mot de passe


2025-12-20 03:31:19,575 p=12503 u=manda n=ansible INFO| fatal: [localhost]: FAILED! => {"changed": false, "msg": "Task failed: Premature end of stream waiting for become success.\n>>> Standard Error\nsudo: il est nécessaire de saisir un mot de passe"}
2025-12-20 03:31:19,576 p=12503 u=manda n=ansible INFO| PLAY RECAP ********************************************************************************
2025-12-20 03:31:19,576 p=12503 u=manda n=ansible INFO| localhost                  : ok=0    changed=0    unreachable=0    failed=1    skipped=0    rescued=0    ignored=0   
2025-12-20 03:31:24,627 p=12540 u=root n=ansible INFO| PLAY [🔒 Configuration TLS/HTTPS] *********************************************************
2025-12-20 03:31:24,637 p=12540 u=root n=ansible INFO| TASK [Gathering Facts] ********************************************************************
2025-12-20 03:31:25,809 p=12540 u=root n=ansible INFO| ok: [localhost]
2025-12-20 03:31:25,816 p=12540 u=root n=ansible INFO| TASK [mit-tls : 🔒 TLS - Installation des prérequis] **************************************
2025-12-20 03:31:25,837 p=12540 u=root n=ansible INFO| skipping: [localhost]
2025-12-20 03:31:25,843 p=12540 u=root n=ansible INFO| TASK [mit-tls : 🔒 TLS - Créer répertoires SSL] *******************************************
2025-12-20 03:31:25,867 p=12540 u=root n=ansible INFO| skipping: [localhost] => (item=/etc/nginx/ssl) 
2025-12-20 03:31:25,871 p=12540 u=root n=ansible INFO| skipping: [localhost] => (item=/var/www/certbot) 
2025-12-20 03:31:25,872 p=12540 u=root n=ansible INFO| skipping: [localhost]
2025-12-20 03:31:25,879 p=12540 u=root n=ansible INFO| TASK [mit-tls : 🔒 TLS - Arrêter Nginx temporairement pour Certbot] ***********************
2025-12-20 03:31:25,899 p=12540 u=root n=ansible INFO| skipping: [localhost]
2025-12-20 03:31:25,905 p=12540 u=root n=ansible INFO| TASK [mit-tls : 🔒 TLS - Générer certificat Let's Encrypt] ********************************
2025-12-20 03:31:25,925 p=12540 u=root n=ansible INFO| skipping: [localhost]
2025-12-20 03:31:25,931 p=12540 u=root n=ansible INFO| TASK [mit-tls : 🔒 TLS - Générer certificat auto-signé (développement)] *******************
2025-12-20 03:31:25,949 p=12540 u=root n=ansible INFO| skipping: [localhost]
2025-12-20 03:31:25,956 p=12540 u=root n=ansible INFO| TASK [mit-tls : 🔒 TLS - Copier certificats Let's Encrypt vers Nginx] *********************
2025-12-20 03:31:25,982 p=12540 u=root n=ansible INFO| skipping: [localhost] => (item={'src': '/etc/letsencrypt/live/mit.mg/fullchain.pem', 'dest': '/etc/nginx/ssl/mit.mg.crt'}) 
2025-12-20 03:31:25,987 p=12540 u=root n=ansible INFO| skipping: [localhost] => (item={'src': '/etc/letsencrypt/live/mit.mg/privkey.pem', 'dest': '/etc/nginx/ssl/mit.mg.key'}) 
2025-12-20 03:31:25,989 p=12540 u=root n=ansible INFO| skipping: [localhost]
2025-12-20 03:31:25,995 p=12540 u=root n=ansible INFO| TASK [mit-tls : 🔒 TLS - Générer paramètres Diffie-Hellman] *******************************
2025-12-20 03:31:26,017 p=12540 u=root n=ansible INFO| skipping: [localhost]
2025-12-20 03:31:26,024 p=12540 u=root n=ansible INFO| TASK [mit-tls : 🔒 TLS - Configuration SSL Nginx (snippet)] *******************************
2025-12-20 03:31:26,045 p=12540 u=root n=ansible INFO| skipping: [localhost]
2025-12-20 03:31:26,052 p=12540 u=root n=ansible INFO| TASK [mit-tls : 🔒 TLS - Configuration site HTTPS Nginx] **********************************
2025-12-20 03:31:26,072 p=12540 u=root n=ansible INFO| skipping: [localhost]
2025-12-20 03:31:26,078 p=12540 u=root n=ansible INFO| TASK [mit-tls : 🔒 TLS - Activer site HTTPS] **********************************************
2025-12-20 03:31:26,099 p=12540 u=root n=ansible INFO| skipping: [localhost]
2025-12-20 03:31:26,104 p=12540 u=root n=ansible INFO| TASK [mit-tls : 🔒 TLS - Supprimer configuration par défaut] ******************************
2025-12-20 03:31:26,125 p=12540 u=root n=ansible INFO| skipping: [localhost]
2025-12-20 03:31:26,132 p=12540 u=root n=ansible INFO| TASK [mit-tls : 🔒 TLS - Vérifier configuration Nginx] ************************************
2025-12-20 03:31:26,152 p=12540 u=root n=ansible INFO| skipping: [localhost]
2025-12-20 03:31:26,158 p=12540 u=root n=ansible INFO| TASK [mit-tls : 🔒 TLS - Créer page d'accueil] ********************************************
2025-12-20 03:31:26,179 p=12540 u=root n=ansible INFO| skipping: [localhost]
2025-12-20 03:31:26,187 p=12540 u=root n=ansible INFO| TASK [mit-tls : 🔒 TLS - Configurer renouvellement automatique] ***************************
2025-12-20 03:31:26,207 p=12540 u=root n=ansible INFO| skipping: [localhost]
2025-12-20 03:31:26,214 p=12540 u=root n=ansible INFO| TASK [mit-tls : 🔒 TLS - Ouvrir ports HTTP/HTTPS dans firewall] ***************************
2025-12-20 03:31:26,237 p=12540 u=root n=ansible INFO| skipping: [localhost] => (item=80) 
2025-12-20 03:31:26,239 p=12540 u=root n=ansible INFO| skipping: [localhost] => (item=443) 
2025-12-20 03:31:26,240 p=12540 u=root n=ansible INFO| skipping: [localhost]
2025-12-20 03:31:26,245 p=12540 u=root n=ansible INFO| TASK [mit-tls : 🔒 TLS - Démarrer et activer Nginx] ***************************************
2025-12-20 03:31:26,265 p=12540 u=root n=ansible INFO| skipping: [localhost]
2025-12-20 03:31:26,272 p=12540 u=root n=ansible INFO| PLAY RECAP ********************************************************************************
2025-12-20 03:31:26,272 p=12540 u=root n=ansible INFO| localhost                  : ok=1    changed=0    unreachable=0    failed=0    skipped=16   rescued=0    ignored=0   
2025-12-20 03:44:34,180 p=13134 u=manda n=ansible WARNING| [WARNING]: Could not match supplied host pattern, ignoring: site.yml

2025-12-20 03:44:34,181 p=13134 u=manda n=ansible WARNING| [WARNING]: No hosts matched, nothing to do

2025-12-20 03:44:34,181 p=13134 u=manda n=ansible ERROR| [ERROR]: No argument passed to command module (did you mean to run ansible-playbook?)

2025-12-20 03:44:50,862 p=13179 u=manda n=ansible INFO| PLAY [🚀 Déploiement complet infrastructure MIT] ******************************************
2025-12-20 03:44:50,874 p=13179 u=manda n=ansible INFO| TASK [Gathering Facts] ********************************************************************
2025-12-20 03:44:51,170 p=13179 u=manda n=ansible ERROR| [ERROR]: Task failed: Premature end of stream waiting for become success.
>>> Standard Error
sudo: il est nécessaire de saisir un mot de passe


2025-12-20 03:44:51,171 p=13179 u=manda n=ansible INFO| fatal: [localhost]: FAILED! => {"changed": false, "msg": "Task failed: Premature end of stream waiting for become success.\n>>> Standard Error\nsudo: il est nécessaire de saisir un mot de passe"}
2025-12-20 03:44:54,236 p=13179 u=manda n=ansible ERROR| [ERROR]: Task failed: Failed to connect to the host via ssh: ssh: connect to host 192.168.1.21 port 22: No route to host

Task failed.

<<< caused by >>>

Failed to connect to the host via ssh: ssh: connect to host 192.168.1.21 port 22: No route to host


2025-12-20 03:44:54,237 p=13179 u=manda n=ansible INFO| fatal: [pc1]: UNREACHABLE! => {"changed": false, "msg": "Task failed: Failed to connect to the host via ssh: ssh: connect to host 192.168.1.21 port 22: No route to host", "unreachable": true}
2025-12-20 03:44:54,238 p=13179 u=manda n=ansible ERROR| [ERROR]: Task failed: Failed to connect to the host via ssh: ssh: connect to host 192.168.1.1 port 22: No route to host

Task failed.

<<< caused by >>>

Failed to connect to the host via ssh: ssh: connect to host 192.168.1.1 port 22: No route to host


2025-12-20 03:44:54,239 p=13179 u=manda n=ansible INFO| fatal: [router1]: UNREACHABLE! => {"changed": false, "msg": "Task failed: Failed to connect to the host via ssh: ssh: connect to host 192.168.1.1 port 22: No route to host", "unreachable": true}
2025-12-20 03:44:54,239 p=13179 u=manda n=ansible ERROR| [ERROR]: Task failed: Failed to connect to the host via ssh: ssh: connect to host 192.168.1.22 port 22: No route to host

Task failed.

<<< caused by >>>

Failed to connect to the host via ssh: ssh: connect to host 192.168.1.22 port 22: No route to host


2025-12-20 03:44:54,239 p=13179 u=manda n=ansible INFO| fatal: [pc2]: UNREACHABLE! => {"changed": false, "msg": "Task failed: Failed to connect to the host via ssh: ssh: connect to host 192.168.1.22 port 22: No route to host", "unreachable": true}
2025-12-20 03:44:54,240 p=13179 u=manda n=ansible INFO| fatal: [mahatoky]: UNREACHABLE! => {"changed": false, "msg": "Task failed: Failed to connect to the host via ssh: ssh: connect to host 192.168.1.21 port 22: No route to host", "unreachable": true}
2025-12-20 03:44:54,241 p=13179 u=manda n=ansible INFO| PLAY RECAP ********************************************************************************
2025-12-20 03:44:54,241 p=13179 u=manda n=ansible INFO| localhost                  : ok=0    changed=0    unreachable=0    failed=1    skipped=0    rescued=0    ignored=0   
2025-12-20 03:44:54,241 p=13179 u=manda n=ansible INFO| mahatoky                   : ok=0    changed=0    unreachable=1    failed=0    skipped=0    rescued=0    ignored=0   
2025-12-20 03:44:54,241 p=13179 u=manda n=ansible INFO| pc1                        : ok=0    changed=0    unreachable=1    failed=0    skipped=0    rescued=0    ignored=0   
2025-12-20 03:44:54,242 p=13179 u=manda n=ansible INFO| pc2                        : ok=0    changed=0    unreachable=1    failed=0    skipped=0    rescued=0    ignored=0   
2025-12-20 03:44:54,242 p=13179 u=manda n=ansible INFO| router1                    : ok=0    changed=0    unreachable=1    failed=0    skipped=0    rescued=0    ignored=0   
2025-12-20 03:44:59,664 p=13225 u=root n=ansible INFO| PLAY [🚀 Déploiement complet infrastructure MIT] ******************************************
2025-12-20 03:44:59,675 p=13225 u=root n=ansible INFO| TASK [Gathering Facts] ********************************************************************
2025-12-20 03:45:00,829 p=13225 u=root n=ansible INFO| ok: [localhost]
2025-12-20 03:45:03,004 p=13225 u=root n=ansible ERROR| [ERROR]: Task failed: Failed to connect to the host via ssh: ssh: connect to host 192.168.1.21 port 22: No route to host

Task failed.

<<< caused by >>>

Failed to connect to the host via ssh: ssh: connect to host 192.168.1.21 port 22: No route to host


2025-12-20 03:45:03,004 p=13225 u=root n=ansible INFO| fatal: [mahatoky]: UNREACHABLE! => {"changed": false, "msg": "Task failed: Failed to connect to the host via ssh: ssh: connect to host 192.168.1.21 port 22: No route to host", "unreachable": true}
2025-12-20 03:45:03,005 p=13225 u=root n=ansible INFO| fatal: [pc1]: UNREACHABLE! => {"changed": false, "msg": "Task failed: Failed to connect to the host via ssh: ssh: connect to host 192.168.1.21 port 22: No route to host", "unreachable": true}
2025-12-20 03:45:03,005 p=13225 u=root n=ansible ERROR| [ERROR]: Task failed: Failed to connect to the host via ssh: ssh: connect to host 192.168.1.1 port 22: No route to host

Task failed.

<<< caused by >>>

Failed to connect to the host via ssh: ssh: connect to host 192.168.1.1 port 22: No route to host


2025-12-20 03:45:03,006 p=13225 u=root n=ansible INFO| fatal: [router1]: UNREACHABLE! => {"changed": false, "msg": "Task failed: Failed to connect to the host via ssh: ssh: connect to host 192.168.1.1 port 22: No route to host", "unreachable": true}
2025-12-20 03:45:03,068 p=13225 u=root n=ansible ERROR| [ERROR]: Task failed: Failed to connect to the host via ssh: ssh: connect to host 192.168.1.22 port 22: No route to host

Task failed.

<<< caused by >>>

Failed to connect to the host via ssh: ssh: connect to host 192.168.1.22 port 22: No route to host


2025-12-20 03:45:03,069 p=13225 u=root n=ansible INFO| fatal: [pc2]: UNREACHABLE! => {"changed": false, "msg": "Task failed: Failed to connect to the host via ssh: ssh: connect to host 192.168.1.22 port 22: No route to host", "unreachable": true}
2025-12-20 03:45:03,105 p=13225 u=root n=ansible INFO| TASK [📊 Afficher les hôtes ciblés] *******************************************************
2025-12-20 03:45:03,137 p=13225 u=root n=ansible INFO| ok: [localhost] => {
    "msg": "Déploiement sur localhost (localhost)"
}
2025-12-20 03:45:03,141 p=13225 u=root n=ansible INFO| PLAY [🔄 Mise à jour et nettoyage système] ************************************************
2025-12-20 03:45:03,154 p=13225 u=root n=ansible INFO| TASK [Gathering Facts] ********************************************************************
2025-12-20 03:45:04,086 p=13225 u=root n=ansible INFO| ok: [localhost]
2025-12-20 03:45:04,093 p=13225 u=root n=ansible INFO| TASK [Mise à jour système] ****************************************************************
2025-12-20 03:45:04,122 p=13225 u=root n=ansible INFO| included: /home/manda/Documents/MITL2/PROJETRESEAUXS4/ANSIBLE-MIT/projet_ansible/roles/update.yml for localhost
2025-12-20 03:45:04,127 p=13225 u=root n=ansible INFO| TASK [Mise à jour du cache APT] ***********************************************************
2025-12-20 03:45:14,761 p=13225 u=root n=ansible INFO| changed: [localhost]
2025-12-20 03:45:14,774 p=13225 u=root n=ansible INFO| TASK [Mise à jour complète du système] ****************************************************
2025-12-20 03:46:03,900 p=13225 u=root n=ansible INFO| changed: [localhost]
2025-12-20 03:46:03,930 p=13225 u=root n=ansible INFO| TASK [Afficher le résultat de la mise à jour] *********************************************
2025-12-20 03:46:03,972 p=13225 u=root n=ansible INFO| ok: [localhost] => {
    "msg": "Mise à jour terminée avec succès"
}
2025-12-20 03:46:03,984 p=13225 u=root n=ansible INFO| TASK [Nettoyage système] ******************************************************************
2025-12-20 03:46:04,049 p=13225 u=root n=ansible INFO| included: /home/manda/Documents/MITL2/PROJETRESEAUXS4/ANSIBLE-MIT/projet_ansible/roles/cleanup.yml for localhost
2025-12-20 03:46:04,064 p=13225 u=root n=ansible INFO| TASK [Nettoyer le répertoire /tmp] ********************************************************
2025-12-20 03:46:04,648 p=13225 u=root n=ansible INFO| ok: [localhost]
2025-12-20 03:46:04,657 p=13225 u=root n=ansible INFO| TASK [Nettoyer le répertoire /var/tmp] ****************************************************
2025-12-20 03:46:05,023 p=13225 u=root n=ansible INFO| ok: [localhost]
2025-12-20 03:46:05,032 p=13225 u=root n=ansible INFO| TASK [Nettoyer les anciens journaux système (plus de 7 jours)] ****************************
2025-12-20 03:46:05,428 p=13225 u=root n=ansible INFO| ok: [localhost]
2025-12-20 03:46:05,435 p=13225 u=root n=ansible INFO| TASK [Nettoyer les anciens fichiers de log] ***********************************************
2025-12-20 03:46:05,765 p=13225 u=root n=ansible INFO| ok: [localhost]
2025-12-20 03:46:05,772 p=13225 u=root n=ansible INFO| TASK [Nettoyer les anciens fichiers log rotatés] ******************************************
2025-12-20 03:46:06,137 p=13225 u=root n=ansible INFO| ok: [localhost]
2025-12-20 03:46:06,143 p=13225 u=root n=ansible INFO| TASK [Vider le cache APT] *****************************************************************
2025-12-20 03:46:06,484 p=13225 u=root n=ansible INFO| ok: [localhost]
2025-12-20 03:46:06,492 p=13225 u=root n=ansible INFO| TASK [Supprimer les paquets orphelins] ****************************************************
2025-12-20 03:46:09,879 p=13225 u=root n=ansible INFO| ok: [localhost]
2025-12-20 03:46:09,885 p=13225 u=root n=ansible INFO| PLAY [🌐 Configuration réseau] ************************************************************
2025-12-20 03:46:09,898 p=13225 u=root n=ansible INFO| TASK [Gathering Facts] ********************************************************************
2025-12-20 03:46:10,940 p=13225 u=root n=ansible INFO| ok: [localhost]
2025-12-20 03:46:10,947 p=13225 u=root n=ansible INFO| TASK [Configuration réseau statique] ******************************************************
2025-12-20 03:46:10,971 p=13225 u=root n=ansible INFO| skipping: [localhost]
2025-12-20 03:46:10,975 p=13225 u=root n=ansible INFO| PLAY [🌍 Configuration DNS BIND9] *********************************************************
2025-12-20 03:46:10,983 p=13225 u=root n=ansible INFO| PLAY [🔐 Sécurisation SSH] ****************************************************************
2025-12-20 03:46:10,991 p=13225 u=root n=ansible INFO| TASK [Gathering Facts] ********************************************************************
2025-12-20 03:46:11,949 p=13225 u=root n=ansible INFO| ok: [localhost]
2025-12-20 03:46:11,958 p=13225 u=root n=ansible INFO| PLAY [🔒 Configuration TLS/HTTPS] *********************************************************
2025-12-20 03:46:11,968 p=13225 u=root n=ansible INFO| TASK [Gathering Facts] ********************************************************************
2025-12-20 03:46:12,960 p=13225 u=root n=ansible INFO| ok: [localhost]
2025-12-20 03:46:12,970 p=13225 u=root n=ansible INFO| TASK [mit-tls : 🔒 TLS - Installation des prérequis] **************************************
2025-12-20 03:46:13,001 p=13225 u=root n=ansible INFO| skipping: [localhost]
2025-12-20 03:46:13,012 p=13225 u=root n=ansible INFO| TASK [mit-tls : 🔒 TLS - Créer répertoires SSL] *******************************************
2025-12-20 03:46:13,045 p=13225 u=root n=ansible INFO| skipping: [localhost] => (item=/etc/nginx/ssl) 
2025-12-20 03:46:13,048 p=13225 u=root n=ansible INFO| skipping: [localhost] => (item=/var/www/certbot) 
2025-12-20 03:46:13,050 p=13225 u=root n=ansible INFO| skipping: [localhost]
2025-12-20 03:46:13,058 p=13225 u=root n=ansible INFO| TASK [mit-tls : 🔒 TLS - Arrêter Nginx temporairement pour Certbot] ***********************
2025-12-20 03:46:13,088 p=13225 u=root n=ansible INFO| skipping: [localhost]
2025-12-20 03:46:13,097 p=13225 u=root n=ansible INFO| TASK [mit-tls : 🔒 TLS - Générer certificat Let's Encrypt] ********************************
2025-12-20 03:46:13,127 p=13225 u=root n=ansible INFO| skipping: [localhost]
2025-12-20 03:46:13,136 p=13225 u=root n=ansible INFO| TASK [mit-tls : 🔒 TLS - Générer certificat auto-signé (développement)] *******************
2025-12-20 03:46:13,164 p=13225 u=root n=ansible INFO| skipping: [localhost]
2025-12-20 03:46:13,178 p=13225 u=root n=ansible INFO| TASK [mit-tls : 🔒 TLS - Copier certificats Let's Encrypt vers Nginx] *********************
2025-12-20 03:46:13,213 p=13225 u=root n=ansible INFO| skipping: [localhost] => (item={'src': '/etc/letsencrypt/live/mit.mg/fullchain.pem', 'dest': '/etc/nginx/ssl/mit.mg.crt'}) 
2025-12-20 03:46:13,215 p=13225 u=root n=ansible INFO| skipping: [localhost] => (item={'src': '/etc/letsencrypt/live/mit.mg/privkey.pem', 'dest': '/etc/nginx/ssl/mit.mg.key'}) 
2025-12-20 03:46:13,216 p=13225 u=root n=ansible INFO| skipping: [localhost]
2025-12-20 03:46:13,222 p=13225 u=root n=ansible INFO| TASK [mit-tls : 🔒 TLS - Générer paramètres Diffie-Hellman] *******************************
2025-12-20 03:46:13,246 p=13225 u=root n=ansible INFO| skipping: [localhost]
2025-12-20 03:46:13,253 p=13225 u=root n=ansible INFO| TASK [mit-tls : 🔒 TLS - Configuration SSL Nginx (snippet)] *******************************
2025-12-20 03:46:13,280 p=13225 u=root n=ansible INFO| skipping: [localhost]
2025-12-20 03:46:13,289 p=13225 u=root n=ansible INFO| TASK [mit-tls : 🔒 TLS - Configuration site HTTPS Nginx] **********************************
2025-12-20 03:46:13,316 p=13225 u=root n=ansible INFO| skipping: [localhost]
2025-12-20 03:46:13,324 p=13225 u=root n=ansible INFO| TASK [mit-tls : 🔒 TLS - Activer site HTTPS] **********************************************
2025-12-20 03:46:13,348 p=13225 u=root n=ansible INFO| skipping: [localhost]
2025-12-20 03:46:13,357 p=13225 u=root n=ansible INFO| TASK [mit-tls : 🔒 TLS - Supprimer configuration par défaut] ******************************
2025-12-20 03:46:13,382 p=13225 u=root n=ansible INFO| skipping: [localhost]
2025-12-20 03:46:13,389 p=13225 u=root n=ansible INFO| TASK [mit-tls : 🔒 TLS - Vérifier configuration Nginx] ************************************
2025-12-20 03:46:13,415 p=13225 u=root n=ansible INFO| skipping: [localhost]
2025-12-20 03:46:13,423 p=13225 u=root n=ansible INFO| TASK [mit-tls : 🔒 TLS - Créer page d'accueil] ********************************************
2025-12-20 03:46:13,450 p=13225 u=root n=ansible INFO| skipping: [localhost]
2025-12-20 03:46:13,457 p=13225 u=root n=ansible INFO| TASK [mit-tls : 🔒 TLS - Configurer renouvellement automatique] ***************************
2025-12-20 03:46:13,483 p=13225 u=root n=ansible INFO| skipping: [localhost]
2025-12-20 03:46:13,491 p=13225 u=root n=ansible INFO| TASK [mit-tls : 🔒 TLS - Ouvrir ports HTTP/HTTPS dans firewall] ***************************
2025-12-20 03:46:13,517 p=13225 u=root n=ansible INFO| skipping: [localhost] => (item=80) 
2025-12-20 03:46:13,521 p=13225 u=root n=ansible INFO| skipping: [localhost] => (item=443) 
2025-12-20 03:46:13,523 p=13225 u=root n=ansible INFO| skipping: [localhost]
2025-12-20 03:46:13,530 p=13225 u=root n=ansible INFO| TASK [mit-tls : 🔒 TLS - Démarrer et activer Nginx] ***************************************
2025-12-20 03:46:13,555 p=13225 u=root n=ansible INFO| skipping: [localhost]
2025-12-20 03:46:13,563 p=13225 u=root n=ansible INFO| PLAY [🗄️ Installation MariaDB] *************************************************************
2025-12-20 03:46:13,573 p=13225 u=root n=ansible INFO| TASK [Gathering Facts] ********************************************************************
2025-12-20 03:46:14,537 p=13225 u=root n=ansible INFO| ok: [localhost]
2025-12-20 03:46:14,544 p=13225 u=root n=ansible INFO| TASK [Installation et configuration MariaDB] **********************************************
2025-12-20 03:46:14,567 p=13225 u=root n=ansible INFO| skipping: [localhost]
2025-12-20 03:46:14,570 p=13225 u=root n=ansible INFO| PLAY RECAP ********************************************************************************
2025-12-20 03:46:14,570 p=13225 u=root n=ansible INFO| localhost                  : ok=19   changed=2    unreachable=0    failed=0    skipped=18   rescued=0    ignored=0   
2025-12-20 03:46:14,570 p=13225 u=root n=ansible INFO| mahatoky                   : ok=0    changed=0    unreachable=1    failed=0    skipped=0    rescued=0    ignored=0   
2025-12-20 03:46:14,570 p=13225 u=root n=ansible INFO| pc1                        : ok=0    changed=0    unreachable=1    failed=0    skipped=0    rescued=0    ignored=0   
2025-12-20 03:46:14,570 p=13225 u=root n=ansible INFO| pc2                        : ok=0    changed=0    unreachable=1    failed=0    skipped=0    rescued=0    ignored=0   
2025-12-20 03:46:14,571 p=13225 u=root n=ansible INFO| router1                    : ok=0    changed=0    unreachable=1    failed=0    skipped=0    rescued=0    ignored=0   
2025-12-20 03:47:02,457 p=21354 u=manda n=ansible INFO| PLAY [🌍 Configuration DNS BIND9] *********************************************************
2025-12-20 03:47:02,479 p=21354 u=manda n=ansible INFO| TASK [Gathering Facts] ********************************************************************
2025-12-20 03:47:05,885 p=21354 u=manda n=ansible ERROR| [ERROR]: Task failed: Failed to connect to the host via ssh: ssh: connect to host 192.168.1.21 port 22: No route to host

Task failed.

<<< caused by >>>

Failed to connect to the host via ssh: ssh: connect to host 192.168.1.21 port 22: No route to host


2025-12-20 03:47:05,886 p=21354 u=manda n=ansible INFO| fatal: [pc1]: UNREACHABLE! => {"changed": false, "msg": "Task failed: Failed to connect to the host via ssh: ssh: connect to host 192.168.1.21 port 22: No route to host", "unreachable": true}
2025-12-20 03:47:05,888 p=21354 u=manda n=ansible INFO| PLAY RECAP ********************************************************************************
2025-12-20 03:47:05,888 p=21354 u=manda n=ansible INFO| pc1                        : ok=0    changed=0    unreachable=1    failed=0    skipped=0    rescued=0    ignored=0   
2025-12-20 03:47:06,712 p=21367 u=manda n=ansible INFO| PLAY [🔐 Sécurisation SSH] ****************************************************************
2025-12-20 03:47:06,725 p=21367 u=manda n=ansible INFO| TASK [Gathering Facts] ********************************************************************
2025-12-20 03:47:07,045 p=21367 u=manda n=ansible ERROR| [ERROR]: Task failed: Premature end of stream waiting for become success.
>>> Standard Error
sudo: il est nécessaire de saisir un mot de passe


2025-12-20 03:47:07,046 p=21367 u=manda n=ansible INFO| fatal: [localhost]: FAILED! => {"changed": false, "msg": "Task failed: Premature end of stream waiting for become success.\n>>> Standard Error\nsudo: il est nécessaire de saisir un mot de passe"}
2025-12-20 03:47:10,111 p=21367 u=manda n=ansible ERROR| [ERROR]: Task failed: Failed to connect to the host via ssh: ssh: connect to host 192.168.1.21 port 22: No route to host

Task failed.

<<< caused by >>>

Failed to connect to the host via ssh: ssh: connect to host 192.168.1.21 port 22: No route to host


2025-12-20 03:47:10,112 p=21367 u=manda n=ansible INFO| fatal: [pc1]: UNREACHABLE! => {"changed": false, "msg": "Task failed: Failed to connect to the host via ssh: ssh: connect to host 192.168.1.21 port 22: No route to host", "unreachable": true}
2025-12-20 03:47:10,113 p=21367 u=manda n=ansible ERROR| [ERROR]: Task failed: Failed to connect to the host via ssh: ssh: connect to host 192.168.1.22 port 22: No route to host

Task failed.

<<< caused by >>>

Failed to connect to the host via ssh: ssh: connect to host 192.168.1.22 port 22: No route to host


2025-12-20 03:47:10,114 p=21367 u=manda n=ansible INFO| fatal: [pc2]: UNREACHABLE! => {"changed": false, "msg": "Task failed: Failed to connect to the host via ssh: ssh: connect to host 192.168.1.22 port 22: No route to host", "unreachable": true}
2025-12-20 03:47:10,115 p=21367 u=manda n=ansible ERROR| [ERROR]: Task failed: Failed to connect to the host via ssh: ssh: connect to host 192.168.1.1 port 22: No route to host

Task failed.

<<< caused by >>>

Failed to connect to the host via ssh: ssh: connect to host 192.168.1.1 port 22: No route to host


2025-12-20 03:47:10,116 p=21367 u=manda n=ansible INFO| fatal: [router1]: UNREACHABLE! => {"changed": false, "msg": "Task failed: Failed to connect to the host via ssh: ssh: connect to host 192.168.1.1 port 22: No route to host", "unreachable": true}
2025-12-20 03:47:10,117 p=21367 u=manda n=ansible INFO| fatal: [mahatoky]: UNREACHABLE! => {"changed": false, "msg": "Task failed: Failed to connect to the host via ssh: ssh: connect to host 192.168.1.21 port 22: No route to host", "unreachable": true}
2025-12-20 03:47:10,118 p=21367 u=manda n=ansible INFO| PLAY RECAP ********************************************************************************
2025-12-20 03:47:10,118 p=21367 u=manda n=ansible INFO| localhost                  : ok=0    changed=0    unreachable=0    failed=1    skipped=0    rescued=0    ignored=0   
2025-12-20 03:47:10,118 p=21367 u=manda n=ansible INFO| mahatoky                   : ok=0    changed=0    unreachable=1    failed=0    skipped=0    rescued=0    ignored=0   
2025-12-20 03:47:10,119 p=21367 u=manda n=ansible INFO| pc1                        : ok=0    changed=0    unreachable=1    failed=0    skipped=0    rescued=0    ignored=0   
2025-12-20 03:47:10,119 p=21367 u=manda n=ansible INFO| pc2                        : ok=0    changed=0    unreachable=1    failed=0    skipped=0    rescued=0    ignored=0   
2025-12-20 03:47:10,119 p=21367 u=manda n=ansible INFO| router1                    : ok=0    changed=0    unreachable=1    failed=0    skipped=0    rescued=0    ignored=0   
2025-12-20 03:47:11,045 p=21405 u=manda n=ansible INFO| PLAY [🔒 Configuration TLS/HTTPS] *********************************************************
2025-12-20 03:47:11,060 p=21405 u=manda n=ansible INFO| TASK [Gathering Facts] ********************************************************************
2025-12-20 03:47:11,481 p=21405 u=manda n=ansible ERROR| [ERROR]: Task failed: Premature end of stream waiting for become success.
>>> Standard Error
sudo: il est nécessaire de saisir un mot de passe


2025-12-20 03:47:11,482 p=21405 u=manda n=ansible INFO| fatal: [localhost]: FAILED! => {"changed": false, "msg": "Task failed: Premature end of stream waiting for become success.\n>>> Standard Error\nsudo: il est nécessaire de saisir un mot de passe"}
2025-12-20 03:47:14,518 p=21405 u=manda n=ansible ERROR| [ERROR]: Task failed: Failed to connect to the host via ssh: ssh: connect to host 192.168.1.22 port 22: No route to host

Task failed.

<<< caused by >>>

Failed to connect to the host via ssh: ssh: connect to host 192.168.1.22 port 22: No route to host


2025-12-20 03:47:14,518 p=21405 u=manda n=ansible INFO| fatal: [pc2]: UNREACHABLE! => {"changed": false, "msg": "Task failed: Failed to connect to the host via ssh: ssh: connect to host 192.168.1.22 port 22: No route to host", "unreachable": true}
2025-12-20 03:47:14,519 p=21405 u=manda n=ansible INFO| PLAY RECAP ********************************************************************************
2025-12-20 03:47:14,520 p=21405 u=manda n=ansible INFO| localhost                  : ok=0    changed=0    unreachable=0    failed=1    skipped=0    rescued=0    ignored=0   
2025-12-20 03:47:14,520 p=21405 u=manda n=ansible INFO| pc2                        : ok=0    changed=0    unreachable=1    failed=0    skipped=0    rescued=0    ignored=0   
2025-12-20 03:58:28,890 p=21939 u=manda n=ansible INFO|   hosts (5):
2025-12-20 03:58:28,897 p=21939 u=manda n=ansible INFO|     pc1
2025-12-20 03:58:28,898 p=21939 u=manda n=ansible INFO|     pc2
2025-12-20 03:58:28,898 p=21939 u=manda n=ansible INFO|     localhost
2025-12-20 03:58:28,898 p=21939 u=manda n=ansible INFO|     router1
2025-12-20 03:58:28,898 p=21939 u=manda n=ansible INFO|     mahatoky
2025-12-20 03:58:44,153 p=21980 u=manda n=ansible INFO| PLAY [🌍 Configuration DNS BIND9] **********************************************
2025-12-20 03:58:44,153 p=21980 u=manda n=ansible INFO| skipping: no hosts matched
2025-12-20 03:58:44,153 p=21980 u=manda n=ansible INFO| PLAY RECAP *********************************************************************
2025-12-20 03:58:48,372 p=21993 u=manda n=ansible INFO| PLAY [🔄 Mise à jour et nettoyage système] *************************************
2025-12-20 03:58:48,380 p=21993 u=manda n=ansible INFO| TASK [Gathering Facts] *********************************************************
2025-12-20 03:58:48,688 p=21993 u=manda n=ansible ERROR| [ERROR]: Task failed: Premature end of stream waiting for become success.
>>> Standard Error
sudo: il est nécessaire de saisir un mot de passe


2025-12-20 03:58:48,688 p=21993 u=manda n=ansible INFO| fatal: [localhost]: FAILED! => {"changed": false, "msg": "Task failed: Premature end of stream waiting for become success.\n>>> Standard Error\nsudo: il est nécessaire de saisir un mot de passe"}
2025-12-20 03:58:48,689 p=21993 u=manda n=ansible INFO| PLAY RECAP *********************************************************************
2025-12-20 03:58:48,689 p=21993 u=manda n=ansible INFO| localhost                  : ok=0    changed=0    unreachable=0    failed=1    skipped=0    rescued=0    ignored=0   
2025-12-20 03:58:49,210 p=22007 u=manda n=ansible INFO| PLAY [🔐 Sécurisation SSH] *****************************************************
2025-12-20 03:58:49,219 p=22007 u=manda n=ansible INFO| TASK [Gathering Facts] *********************************************************
2025-12-20 03:58:49,540 p=22007 u=manda n=ansible ERROR| [ERROR]: Task failed: Premature end of stream waiting for become success.
>>> Standard Error
sudo: il est nécessaire de saisir un mot de passe


2025-12-20 03:58:49,541 p=22007 u=manda n=ansible INFO| fatal: [localhost]: FAILED! => {"changed": false, "msg": "Task failed: Premature end of stream waiting for become success.\n>>> Standard Error\nsudo: il est nécessaire de saisir un mot de passe"}
2025-12-20 03:58:49,541 p=22007 u=manda n=ansible INFO| PLAY RECAP *********************************************************************
2025-12-20 03:58:49,541 p=22007 u=manda n=ansible INFO| localhost                  : ok=0    changed=0    unreachable=0    failed=1    skipped=0    rescued=0    ignored=0   
2025-12-20 03:58:50,084 p=22044 u=manda n=ansible INFO| PLAY [🔄 Mise à jour et nettoyage système] *************************************
2025-12-20 03:58:50,092 p=22044 u=manda n=ansible INFO| TASK [Gathering Facts] *********************************************************
2025-12-20 03:58:50,385 p=22044 u=manda n=ansible ERROR| [ERROR]: Task failed: Premature end of stream waiting for become success.
>>> Standard Error
sudo: il est nécessaire de saisir un mot de passe


2025-12-20 03:58:50,386 p=22044 u=manda n=ansible INFO| fatal: [localhost]: FAILED! => {"changed": false, "msg": "Task failed: Premature end of stream waiting for become success.\n>>> Standard Error\nsudo: il est nécessaire de saisir un mot de passe"}
2025-12-20 03:58:50,386 p=22044 u=manda n=ansible INFO| PLAY RECAP *********************************************************************
2025-12-20 03:58:50,386 p=22044 u=manda n=ansible INFO| localhost                  : ok=0    changed=0    unreachable=0    failed=1    skipped=0    rescued=0    ignored=0   
2025-12-20 03:58:50,807 p=22061 u=manda n=ansible ERROR| [ERROR]: Task failed: Premature end of stream waiting for become success.
>>> Standard Error
sudo: il est nécessaire de saisir un mot de passe
Origin: <adhoc 'ping' task>

{'action': 'ping', 'args': {}, 'timeout': 0, 'async_val': 0, 'poll': 15}


2025-12-20 03:58:50,807 p=22061 u=manda n=ansible INFO| localhost | FAILED! => {
    "changed": false,
    "msg": "Task failed: Premature end of stream waiting for become success.\n>>> Standard Error\nsudo: il est nécessaire de saisir un mot de passe"
}
2025-12-20 13:40:19,315 p=38679 u=manda n=ansible INFO|   hosts (5):
2025-12-20 13:40:19,315 p=38679 u=manda n=ansible INFO|     pc1
2025-12-20 13:40:19,315 p=38679 u=manda n=ansible INFO|     pc2
2025-12-20 13:40:19,316 p=38679 u=manda n=ansible INFO|     localhost
2025-12-20 13:40:19,316 p=38679 u=manda n=ansible INFO|     router1
2025-12-20 13:40:19,316 p=38679 u=manda n=ansible INFO|     mahatoky
2025-12-20 13:40:33,115 p=39098 u=manda n=ansible ERROR| [ERROR]: Task failed: Failed to connect to the host via ssh: ssh: connect to host 192.168.1.22 port 22: No route to host

Task failed.
Origin: <adhoc 'ping' task>

{'action': 'ping', 'args': {}, 'timeout': 0, 'async_val': 0, 'poll': 15}

<<< caused by >>>

Failed to connect to the host via ssh: ssh: connect to host 192.168.1.22 port 22: No route to host


2025-12-20 13:40:33,118 p=39098 u=manda n=ansible INFO| pc2 | UNREACHABLE! => {
    "changed": false,
    "msg": "Task failed: Failed to connect to the host via ssh: ssh: connect to host 192.168.1.22 port 22: No route to host",
    "unreachable": true
}
2025-12-20 13:40:36,800 p=39393 u=manda n=ansible INFO| PLAY [🌍 Configuration DNS BIND9] **********************************************
2025-12-20 13:40:36,800 p=39393 u=manda n=ansible INFO| skipping: no hosts matched
2025-12-20 13:40:36,801 p=39393 u=manda n=ansible INFO| PLAY RECAP *********************************************************************
2025-12-20 13:40:41,428 p=39587 u=manda n=ansible INFO| PLAY [🔐 Sécurisation SSH] *****************************************************
2025-12-20 13:40:41,441 p=39587 u=manda n=ansible INFO| TASK [Gathering Facts] *********************************************************
2025-12-20 13:40:44,955 p=39587 u=manda n=ansible ERROR| [ERROR]: Task failed: Failed to connect to the host via ssh: ssh: connect to host 192.168.1.22 port 22: No route to host

Task failed.

<<< caused by >>>

Failed to connect to the host via ssh: ssh: connect to host 192.168.1.22 port 22: No route to host


2025-12-20 13:40:44,957 p=39587 u=manda n=ansible INFO| fatal: [pc2]: UNREACHABLE! => {"changed": false, "msg": "Task failed: Failed to connect to the host via ssh: ssh: connect to host 192.168.1.22 port 22: No route to host", "unreachable": true}
2025-12-20 13:40:44,960 p=39587 u=manda n=ansible INFO| PLAY RECAP *********************************************************************
2025-12-20 13:40:44,960 p=39587 u=manda n=ansible INFO| pc2                        : ok=0    changed=0    unreachable=1    failed=0    skipped=0    rescued=0    ignored=0   
2025-12-20 13:40:51,649 p=39997 u=manda n=ansible INFO| PLAY [🔒 Configuration TLS/HTTPS] **********************************************
2025-12-20 13:40:51,664 p=39997 u=manda n=ansible INFO| TASK [Gathering Facts] *********************************************************
2025-12-20 13:40:55,124 p=39997 u=manda n=ansible ERROR| [ERROR]: Task failed: Failed to connect to the host via ssh: ssh: connect to host 192.168.1.22 port 22: No route to host

Task failed.

<<< caused by >>>

Failed to connect to the host via ssh: ssh: connect to host 192.168.1.22 port 22: No route to host


2025-12-20 13:40:55,124 p=39997 u=manda n=ansible INFO| fatal: [pc2]: UNREACHABLE! => {"changed": false, "msg": "Task failed: Failed to connect to the host via ssh: ssh: connect to host 192.168.1.22 port 22: No route to host", "unreachable": true}
2025-12-20 13:40:55,125 p=39997 u=manda n=ansible INFO| PLAY RECAP *********************************************************************
2025-12-20 13:40:55,125 p=39997 u=manda n=ansible INFO| pc2                        : ok=0    changed=0    unreachable=1    failed=0    skipped=0    rescued=0    ignored=0   
2025-12-20 13:53:23,209 p=70257 u=manda n=ansible INFO|   hosts (5):
2025-12-20 13:53:23,210 p=70257 u=manda n=ansible INFO|     pc1
2025-12-20 13:53:23,210 p=70257 u=manda n=ansible INFO|     pc2
2025-12-20 13:53:23,210 p=70257 u=manda n=ansible INFO|     localhost
2025-12-20 13:53:23,210 p=70257 u=manda n=ansible INFO|     router1
2025-12-20 13:53:23,210 p=70257 u=manda n=ansible INFO|     mahatoky
2025-12-20 13:53:26,083 p=70357 u=manda n=ansible ERROR| [ERROR]: Task failed: Premature end of stream waiting for become success.
>>> Standard Error
sudo: il est nécessaire de saisir un mot de passe
Origin: <adhoc 'ping' task>

{'action': 'ping', 'args': {}, 'timeout': 0, 'async_val': 0, 'poll': 15}


2025-12-20 13:53:26,084 p=70357 u=manda n=ansible INFO| localhost | FAILED! => {
    "changed": false,
    "msg": "Task failed: Premature end of stream waiting for become success.\n>>> Standard Error\nsudo: il est nécessaire de saisir un mot de passe"
}
2025-12-20 13:53:32,035 p=70649 u=manda n=ansible INFO| PLAY [🔒 Configuration TLS/HTTPS] **********************************************
2025-12-20 13:53:32,047 p=70649 u=manda n=ansible INFO| TASK [Gathering Facts] *********************************************************
2025-12-20 13:53:32,557 p=70649 u=manda n=ansible ERROR| [ERROR]: Task failed: Premature end of stream waiting for become success.
>>> Standard Error
sudo: il est nécessaire de saisir un mot de passe


2025-12-20 13:53:32,558 p=70649 u=manda n=ansible INFO| fatal: [localhost]: FAILED! => {"changed": false, "msg": "Task failed: Premature end of stream waiting for become success.\n>>> Standard Error\nsudo: il est nécessaire de saisir un mot de passe"}
2025-12-20 13:53:32,559 p=70649 u=manda n=ansible INFO| PLAY RECAP *********************************************************************
2025-12-20 13:53:32,559 p=70649 u=manda n=ansible INFO| localhost                  : ok=0    changed=0    unreachable=0    failed=1    skipped=0    rescued=0    ignored=0   
2025-12-20 13:53:47,610 p=71126 u=manda n=ansible ERROR| [ERROR]: Task failed: Failed to connect to the host via ssh: ssh: connect to host 192.168.1.22 port 22: No route to host

Task failed.
Origin: <adhoc 'ping' task>

{'action': 'ping', 'args': {}, 'timeout': 0, 'async_val': 0, 'poll': 15}

<<< caused by >>>

Failed to connect to the host via ssh: ssh: connect to host 192.168.1.22 port 22: No route to host


2025-12-20 13:53:47,613 p=71126 u=manda n=ansible INFO| pc2 | UNREACHABLE! => {
    "changed": false,
    "msg": "Task failed: Failed to connect to the host via ssh: ssh: connect to host 192.168.1.22 port 22: No route to host",
    "unreachable": true
}
2025-12-20 13:53:50,218 p=71401 u=manda n=ansible INFO| PLAY [🌍 Configuration DNS BIND9] **********************************************
2025-12-20 13:53:50,218 p=71401 u=manda n=ansible INFO| skipping: no hosts matched
2025-12-20 13:53:50,218 p=71401 u=manda n=ansible INFO| PLAY RECAP *********************************************************************
2025-12-20 13:53:52,998 p=71512 u=manda n=ansible INFO| PLAY [🔒 Configuration TLS/HTTPS] **********************************************
2025-12-20 13:53:53,013 p=71512 u=manda n=ansible INFO| TASK [Gathering Facts] *********************************************************
2025-12-20 13:53:56,506 p=71512 u=manda n=ansible ERROR| [ERROR]: Task failed: Failed to connect to the host via ssh: ssh: connect to host 192.168.1.22 port 22: No route to host

Task failed.

<<< caused by >>>

Failed to connect to the host via ssh: ssh: connect to host 192.168.1.22 port 22: No route to host


2025-12-20 13:53:56,508 p=71512 u=manda n=ansible INFO| fatal: [pc2]: UNREACHABLE! => {"changed": false, "msg": "Task failed: Failed to connect to the host via ssh: ssh: connect to host 192.168.1.22 port 22: No route to host", "unreachable": true}
2025-12-20 13:53:56,510 p=71512 u=manda n=ansible INFO| PLAY RECAP *********************************************************************
2025-12-20 13:53:56,510 p=71512 u=manda n=ansible INFO| pc2                        : ok=0    changed=0    unreachable=1    failed=0    skipped=0    rescued=0    ignored=0   
2025-12-20 13:55:08,642 p=74556 u=manda n=ansible INFO| Using /home/manda/Documents/MITL2/PROJETRESEAUXS4/ANSIBLE-MIT/projet_ansible/ansible.cfg as config file
2025-12-20 13:55:08,643 p=74556 u=manda n=ansible ERROR| [ERROR]: the playbook: tls.yml could not be found

2025-12-20 13:56:20,309 p=77477 u=manda n=ansible INFO| Using /home/manda/Documents/MITL2/PROJETRESEAUXS4/ANSIBLE-MIT/projet_ansible/ansible.cfg as config file
2025-12-20 13:56:20,310 p=77477 u=manda n=ansible ERROR| [ERROR]: the playbook: tls.yml could not be found

2025-12-20 13:58:11,712 p=82055 u=manda n=ansible INFO| ansible-playbook [core 2.19.5]
  config file = /home/manda/Documents/MITL2/PROJETRESEAUXS4/ANSIBLE-MIT/projet_ansible/ansible.cfg
  configured module search path = ['/home/manda/.ansible/plugins/modules', '/usr/share/ansible/plugins/modules']
  ansible python module location = /usr/lib/python3/dist-packages/ansible
  ansible collection location = /home/manda/.ansible/collections:/usr/share/ansible/collections
  executable location = /usr/bin/ansible-playbook
  python version = 3.12.3 (main, Nov  6 2025, 13:44:16) [GCC 13.3.0] (/usr/bin/python3)
  jinja version = 3.1.2
  pyyaml version = 6.0.1 (with libyaml v0.2.5)
2025-12-20 13:58:11,713 p=82055 u=manda n=ansible INFO| Using /home/manda/Documents/MITL2/PROJETRESEAUXS4/ANSIBLE-MIT/projet_ansible/ansible.cfg as config file
2025-12-20 13:58:11,845 p=82055 u=manda n=ansible INFO| host_list declined parsing /home/manda/Documents/MITL2/PROJETRESEAUXS4/ANSIBLE-MIT/projet_ansible/inventory as it did not pass its verify_file() method
2025-12-20 13:58:11,845 p=82055 u=manda n=ansible INFO| Skipping due to inventory source not existing or not being readable by the current user
2025-12-20 13:58:11,845 p=82055 u=manda n=ansible INFO| script declined parsing /home/manda/Documents/MITL2/PROJETRESEAUXS4/ANSIBLE-MIT/projet_ansible/inventory as it did not pass its verify_file() method
2025-12-20 13:58:11,845 p=82055 u=manda n=ansible INFO| auto declined parsing /home/manda/Documents/MITL2/PROJETRESEAUXS4/ANSIBLE-MIT/projet_ansible/inventory as it did not pass its verify_file() method
2025-12-20 13:58:11,845 p=82055 u=manda n=ansible INFO| Skipping due to inventory source not existing or not being readable by the current user
2025-12-20 13:58:11,845 p=82055 u=manda n=ansible INFO| yaml declined parsing /home/manda/Documents/MITL2/PROJETRESEAUXS4/ANSIBLE-MIT/projet_ansible/inventory as it did not pass its verify_file() method
2025-12-20 13:58:11,845 p=82055 u=manda n=ansible INFO| Skipping due to inventory source not existing or not being readable by the current user
2025-12-20 13:58:11,845 p=82055 u=manda n=ansible INFO| ini declined parsing /home/manda/Documents/MITL2/PROJETRESEAUXS4/ANSIBLE-MIT/projet_ansible/inventory as it did not pass its verify_file() method
2025-12-20 13:58:11,845 p=82055 u=manda n=ansible INFO| Skipping due to inventory source not existing or not being readable by the current user
2025-12-20 13:58:11,845 p=82055 u=manda n=ansible INFO| toml declined parsing /home/manda/Documents/MITL2/PROJETRESEAUXS4/ANSIBLE-MIT/projet_ansible/inventory as it did not pass its verify_file() method
2025-12-20 13:58:11,846 p=82055 u=manda n=ansible WARNING| [WARNING]: Unable to parse /home/manda/Documents/MITL2/PROJETRESEAUXS4/ANSIBLE-MIT/projet_ansible/inventory as an inventory source

2025-12-20 13:58:11,846 p=82055 u=manda n=ansible WARNING| [WARNING]: No inventory was parsed, only implicit localhost is available

2025-12-20 13:58:11,853 p=82055 u=manda n=ansible WARNING| [WARNING]: provided hosts list is empty, only localhost is available. Note that the implicit localhost does not match 'all'

2025-12-20 13:58:11,853 p=82055 u=manda n=ansible WARNING| [WARNING]: Could not match supplied host pattern, ignoring: pc2

2025-12-20 13:58:12,070 p=82055 u=manda n=ansible INFO| redirecting (type: modules) ansible.builtin.ufw to community.general.ufw
2025-12-20 13:58:12,110 p=82055 u=manda n=ansible INFO| Skipping callback 'minimal', as we already have a stdout callback.
2025-12-20 13:58:12,110 p=82055 u=manda n=ansible INFO| Skipping callback 'oneline', as we already have a stdout callback.
2025-12-20 13:58:12,110 p=82055 u=manda n=ansible INFO| PLAYBOOK: tls.yml **************************************************************
2025-12-20 13:58:12,110 p=82055 u=manda n=ansible INFO| 1 plays in playbooks/tls.yml
2025-12-20 13:58:12,112 p=82055 u=manda n=ansible INFO| PLAY [🔒 Configuration TLS/HTTPS] **********************************************
2025-12-20 13:58:12,112 p=82055 u=manda n=ansible INFO| skipping: no hosts matched
2025-12-20 13:58:12,112 p=82055 u=manda n=ansible INFO| PLAY RECAP *********************************************************************
2025-12-20 13:58:50,319 p=83553 u=manda n=ansible INFO| ansible-playbook [core 2.19.5]
  config file = /home/manda/Documents/MITL2/PROJETRESEAUXS4/ANSIBLE-MIT/projet_ansible/ansible.cfg
  configured module search path = ['/home/manda/.ansible/plugins/modules', '/usr/share/ansible/plugins/modules']
  ansible python module location = /usr/lib/python3/dist-packages/ansible
  ansible collection location = /home/manda/.ansible/collections:/usr/share/ansible/collections
  executable location = /usr/bin/ansible-playbook
  python version = 3.12.3 (main, Nov  6 2025, 13:44:16) [GCC 13.3.0] (/usr/bin/python3)
  jinja version = 3.1.2
  pyyaml version = 6.0.1 (with libyaml v0.2.5)
2025-12-20 13:58:50,319 p=83553 u=manda n=ansible INFO| Using /home/manda/Documents/MITL2/PROJETRESEAUXS4/ANSIBLE-MIT/projet_ansible/ansible.cfg as config file
2025-12-20 13:58:50,456 p=83553 u=manda n=ansible INFO| host_list declined parsing /home/manda/Documents/MITL2/PROJETRESEAUXS4/ANSIBLE-MIT/projet_ansible/hosts as it did not pass its verify_file() method
2025-12-20 13:58:50,456 p=83553 u=manda n=ansible INFO| script declined parsing /home/manda/Documents/MITL2/PROJETRESEAUXS4/ANSIBLE-MIT/projet_ansible/hosts as it did not pass its verify_file() method
2025-12-20 13:58:50,456 p=83553 u=manda n=ansible INFO| auto declined parsing /home/manda/Documents/MITL2/PROJETRESEAUXS4/ANSIBLE-MIT/projet_ansible/hosts as it did not pass its verify_file() method
2025-12-20 13:58:50,463 p=83553 u=manda n=ansible INFO| Parsed /home/manda/Documents/MITL2/PROJETRESEAUXS4/ANSIBLE-MIT/projet_ansible/hosts inventory source with ini plugin
2025-12-20 13:58:50,678 p=83553 u=manda n=ansible INFO| redirecting (type: modules) ansible.builtin.ufw to community.general.ufw
2025-12-20 13:58:50,719 p=83553 u=manda n=ansible INFO| Skipping callback 'minimal', as we already have a stdout callback.
2025-12-20 13:58:50,719 p=83553 u=manda n=ansible INFO| Skipping callback 'oneline', as we already have a stdout callback.
2025-12-20 13:58:50,719 p=83553 u=manda n=ansible INFO| PLAYBOOK: tls.yml **************************************************************
2025-12-20 13:58:50,719 p=83553 u=manda n=ansible INFO| 1 plays in playbooks/tls.yml
2025-12-20 13:58:50,722 p=83553 u=manda n=ansible INFO| PLAY [🔒 Configuration TLS/HTTPS] **********************************************
2025-12-20 13:58:50,738 p=83553 u=manda n=ansible INFO| TASK [Gathering Facts] *********************************************************
2025-12-20 13:58:50,739 p=83553 u=manda n=ansible INFO| task path: /home/manda/Documents/MITL2/PROJETRESEAUXS4/ANSIBLE-MIT/projet_ansible/playbooks/tls.yml:2
2025-12-20 13:58:51,131 p=83553 u=manda n=ansible INFO| <pc2> Attempting python interpreter discovery.
2025-12-20 13:58:51,132 p=83553 u=manda n=ansible INFO| <192.168.1.22> ESTABLISH SSH CONNECTION FOR USER: mimi
2025-12-20 13:58:51,132 p=83553 u=manda n=ansible INFO| <192.168.1.22> SSH: EXEC ssh -o ControlMaster=auto -o ControlPersist=60s -o StrictHostKeyChecking=no -o KbdInteractiveAuthentication=no -o PreferredAuthentications=gssapi-with-mic,gssapi-keyex,hostbased,publickey -o PasswordAuthentication=no -o 'User="mimi"' -o ConnectTimeout=30 -o 'ControlPath="/home/manda/.ansible/cp/a3e3773901"' -o NumberOfPasswordPrompts=1 192.168.1.22 '/bin/sh -c '"'"'echo FOUND; command -v '"'"'"'"'"'"'"'"'python3.13'"'"'"'"'"'"'"'"'; command -v '"'"'"'"'"'"'"'"'python3.12'"'"'"'"'"'"'"'"'; command -v '"'"'"'"'"'"'"'"'python3.11'"'"'"'"'"'"'"'"'; command -v '"'"'"'"'"'"'"'"'python3.10'"'"'"'"'"'"'"'"'; command -v '"'"'"'"'"'"'"'"'python3.9'"'"'"'"'"'"'"'"'; command -v '"'"'"'"'"'"'"'"'python3.8'"'"'"'"'"'"'"'"'; command -v '"'"'"'"'"'"'"'"'/usr/bin/python3'"'"'"'"'"'"'"'"'; command -v '"'"'"'"'"'"'"'"'python3'"'"'"'"'"'"'"'"'; echo ENDFOUND && sleep 0'"'"''
2025-12-20 13:58:54,222 p=83553 u=manda n=ansible INFO| <192.168.1.22> (255, b'', b'ssh: connect to host 192.168.1.22 port 22: No route to host\r\n')
2025-12-20 13:58:54,227 p=83553 u=manda n=ansible ERROR| [ERROR]: Task failed: Failed to connect to the host via ssh: ssh: connect to host 192.168.1.22 port 22: No route to host

Task failed.

<<< caused by >>>

Failed to connect to the host via ssh: ssh: connect to host 192.168.1.22 port 22: No route to host


2025-12-20 13:58:54,228 p=83553 u=manda n=ansible INFO| fatal: [pc2]: UNREACHABLE! => {
    "changed": false,
    "msg": "Task failed: Failed to connect to the host via ssh: ssh: connect to host 192.168.1.22 port 22: No route to host",
    "unreachable": true
}
2025-12-20 13:58:54,229 p=83553 u=manda n=ansible INFO| PLAY RECAP *********************************************************************
2025-12-20 13:58:54,229 p=83553 u=manda n=ansible INFO| pc2                        : ok=0    changed=0    unreachable=1    failed=0    skipped=0    rescued=0    ignored=0   
2025-12-20 14:00:47,274 p=88134 u=manda n=ansible INFO| ansible-playbook [core 2.19.5]
  config file = /home/manda/Documents/MITL2/PROJETRESEAUXS4/ANSIBLE-MIT/projet_ansible/ansible.cfg
  configured module search path = ['/home/manda/.ansible/plugins/modules', '/usr/share/ansible/plugins/modules']
  ansible python module location = /usr/lib/python3/dist-packages/ansible
  ansible collection location = /home/manda/.ansible/collections:/usr/share/ansible/collections
  executable location = /usr/bin/ansible-playbook
  python version = 3.12.3 (main, Nov  6 2025, 13:44:16) [GCC 13.3.0] (/usr/bin/python3)
  jinja version = 3.1.2
  pyyaml version = 6.0.1 (with libyaml v0.2.5)
2025-12-20 14:00:47,274 p=88134 u=manda n=ansible INFO| Using /home/manda/Documents/MITL2/PROJETRESEAUXS4/ANSIBLE-MIT/projet_ansible/ansible.cfg as config file
2025-12-20 14:00:47,404 p=88134 u=manda n=ansible INFO| host_list declined parsing /home/manda/Documents/MITL2/PROJETRESEAUXS4/ANSIBLE-MIT/projet_ansible/hosts as it did not pass its verify_file() method
2025-12-20 14:00:47,404 p=88134 u=manda n=ansible INFO| script declined parsing /home/manda/Documents/MITL2/PROJETRESEAUXS4/ANSIBLE-MIT/projet_ansible/hosts as it did not pass its verify_file() method
2025-12-20 14:00:47,404 p=88134 u=manda n=ansible INFO| auto declined parsing /home/manda/Documents/MITL2/PROJETRESEAUXS4/ANSIBLE-MIT/projet_ansible/hosts as it did not pass its verify_file() method
2025-12-20 14:00:47,417 p=88134 u=manda n=ansible INFO| Parsed /home/manda/Documents/MITL2/PROJETRESEAUXS4/ANSIBLE-MIT/projet_ansible/hosts inventory source with ini plugin
2025-12-20 14:00:47,632 p=88134 u=manda n=ansible INFO| redirecting (type: modules) ansible.builtin.ufw to community.general.ufw
2025-12-20 14:00:47,675 p=88134 u=manda n=ansible INFO| Skipping callback 'minimal', as we already have a stdout callback.
2025-12-20 14:00:47,675 p=88134 u=manda n=ansible INFO| Skipping callback 'oneline', as we already have a stdout callback.
2025-12-20 14:00:47,675 p=88134 u=manda n=ansible INFO| PLAYBOOK: tls.yml **************************************************************
2025-12-20 14:00:47,675 p=88134 u=manda n=ansible INFO| 1 plays in playbooks/tls.yml
2025-12-20 14:00:47,678 p=88134 u=manda n=ansible INFO| PLAY [🔒 Configuration TLS/HTTPS] **********************************************
2025-12-20 14:00:47,694 p=88134 u=manda n=ansible INFO| TASK [Gathering Facts] *********************************************************
2025-12-20 14:00:47,694 p=88134 u=manda n=ansible INFO| task path: /home/manda/Documents/MITL2/PROJETRESEAUXS4/ANSIBLE-MIT/projet_ansible/playbooks/tls.yml:2
2025-12-20 14:00:48,100 p=88134 u=manda n=ansible INFO| <pc2> Attempting python interpreter discovery.
2025-12-20 14:00:48,101 p=88134 u=manda n=ansible INFO| <192.168.1.29> ESTABLISH SSH CONNECTION FOR USER: nax
2025-12-20 14:00:48,101 p=88134 u=manda n=ansible INFO| <192.168.1.29> SSH: EXEC ssh -o ControlMaster=auto -o ControlPersist=60s -o StrictHostKeyChecking=no -o KbdInteractiveAuthentication=no -o PreferredAuthentications=gssapi-with-mic,gssapi-keyex,hostbased,publickey -o PasswordAuthentication=no -o 'User="nax"' -o ConnectTimeout=30 -o 'ControlPath="/home/manda/.ansible/cp/a66f51d0c3"' -o NumberOfPasswordPrompts=1 192.168.1.29 '/bin/sh -c '"'"'echo FOUND; command -v '"'"'"'"'"'"'"'"'python3.13'"'"'"'"'"'"'"'"'; command -v '"'"'"'"'"'"'"'"'python3.12'"'"'"'"'"'"'"'"'; command -v '"'"'"'"'"'"'"'"'python3.11'"'"'"'"'"'"'"'"'; command -v '"'"'"'"'"'"'"'"'python3.10'"'"'"'"'"'"'"'"'; command -v '"'"'"'"'"'"'"'"'python3.9'"'"'"'"'"'"'"'"'; command -v '"'"'"'"'"'"'"'"'python3.8'"'"'"'"'"'"'"'"'; command -v '"'"'"'"'"'"'"'"'/usr/bin/python3'"'"'"'"'"'"'"'"'; command -v '"'"'"'"'"'"'"'"'python3'"'"'"'"'"'"'"'"'; echo ENDFOUND && sleep 0'"'"''
2025-12-20 14:00:48,635 p=88134 u=manda n=ansible INFO| <192.168.1.29> (255, b'', b"Warning: Permanently added '192.168.1.29' (ED25519) to the list of known hosts.\r\nnax@192.168.1.29: Permission denied (publickey,password).\r\n")
2025-12-20 14:00:48,640 p=88134 u=manda n=ansible ERROR| [ERROR]: Task failed: Failed to connect to the host via ssh: Warning: Permanently added '192.168.1.29' (ED25519) to the list of known hosts.
nax@192.168.1.29: Permission denied (publickey,password).

Task failed.

<<< caused by >>>

Failed to connect to the host via ssh: Warning: Permanently added '192.168.1.29' (ED25519) to the list of known hosts.
nax@192.168.1.29: Permission denied (publickey,password).


2025-12-20 14:00:48,642 p=88134 u=manda n=ansible INFO| fatal: [pc2]: UNREACHABLE! => {
    "changed": false,
    "msg": "Task failed: Failed to connect to the host via ssh: Warning: Permanently added '192.168.1.29' (ED25519) to the list of known hosts.\r\nnax@192.168.1.29: Permission denied (publickey,password).",
    "unreachable": true
}
2025-12-20 14:00:48,642 p=88134 u=manda n=ansible INFO| PLAY RECAP *********************************************************************
2025-12-20 14:00:48,643 p=88134 u=manda n=ansible INFO| pc2                        : ok=0    changed=0    unreachable=1    failed=0    skipped=0    rescued=0    ignored=0   
2025-12-20 14:03:28,080 p=91061 u=manda n=ansible WARNING| [WARNING]: Host 'pc2' is using the discovered Python interpreter at '/usr/local/bin/python3.13', but future installation of another Python interpreter could cause a different interpreter to be discovered. See https://docs.ansible.com/ansible-core/2.19/reference_appendices/interpreter_discovery.html for more information.

2025-12-20 14:03:28,083 p=91061 u=manda n=ansible INFO| pc2 | SUCCESS => {
    "ansible_facts": {
        "discovered_interpreter_python": "/usr/local/bin/python3.13"
    },
    "changed": false,
    "ping": "pong"
}
2025-12-20 14:04:42,521 p=97294 u=manda n=ansible INFO|   hosts (5):
2025-12-20 14:04:42,521 p=97294 u=manda n=ansible INFO|     pc1
2025-12-20 14:04:42,522 p=97294 u=manda n=ansible INFO|     pc2
2025-12-20 14:04:42,522 p=97294 u=manda n=ansible INFO|     localhost
2025-12-20 14:04:42,522 p=97294 u=manda n=ansible INFO|     router1
2025-12-20 14:04:42,522 p=97294 u=manda n=ansible INFO|     mahatoky
2025-12-20 14:04:48,885 p=97502 u=manda n=ansible ERROR| [ERROR]: Task failed: Failed to connect to the host via ssh: Warning: Permanently added '192.168.1.29' (ED25519) to the list of known hosts.
nax@192.168.1.29: Permission denied (publickey,password).

Task failed.
Origin: <adhoc 'ping' task>

{'action': 'ping', 'args': {}, 'timeout': 0, 'async_val': 0, 'poll': 15}

<<< caused by >>>

Failed to connect to the host via ssh: Warning: Permanently added '192.168.1.29' (ED25519) to the list of known hosts.
nax@192.168.1.29: Permission denied (publickey,password).


2025-12-20 14:04:48,887 p=97502 u=manda n=ansible INFO| pc2 | UNREACHABLE! => {
    "changed": false,
    "msg": "Task failed: Failed to connect to the host via ssh: Warning: Permanently added '192.168.1.29' (ED25519) to the list of known hosts.\r\nnax@192.168.1.29: Permission denied (publickey,password).",
    "unreachable": true
}
2025-12-20 14:04:53,815 p=97765 u=manda n=ansible INFO| PLAY [🔒 Configuration TLS/HTTPS] **********************************************
2025-12-20 14:04:53,830 p=97765 u=manda n=ansible INFO| TASK [Gathering Facts] *********************************************************
2025-12-20 14:04:54,609 p=97765 u=manda n=ansible ERROR| [ERROR]: Task failed: Failed to connect to the host via ssh: Warning: Permanently added '192.168.1.29' (ED25519) to the list of known hosts.
nax@192.168.1.29: Permission denied (publickey,password).

Task failed.

<<< caused by >>>

Failed to connect to the host via ssh: Warning: Permanently added '192.168.1.29' (ED25519) to the list of known hosts.
nax@192.168.1.29: Permission denied (publickey,password).


2025-12-20 14:04:54,610 p=97765 u=manda n=ansible INFO| fatal: [pc2]: UNREACHABLE! => {"changed": false, "msg": "Task failed: Failed to connect to the host via ssh: Warning: Permanently added '192.168.1.29' (ED25519) to the list of known hosts.\r\nnax@192.168.1.29: Permission denied (publickey,password).", "unreachable": true}
2025-12-20 14:04:54,611 p=97765 u=manda n=ansible INFO| PLAY RECAP *********************************************************************
2025-12-20 14:04:54,611 p=97765 u=manda n=ansible INFO| pc2                        : ok=0    changed=0    unreachable=1    failed=0    skipped=0    rescued=0    ignored=0   
2025-12-20 14:04:58,081 p=97963 u=manda n=ansible INFO| PLAY [🔒 Configuration TLS/HTTPS] **********************************************
2025-12-20 14:04:58,097 p=97963 u=manda n=ansible INFO| TASK [Gathering Facts] *********************************************************
2025-12-20 14:04:58,805 p=97967 u=manda n=ansible INFO| PLAY [🔒 Configuration TLS/HTTPS] **********************************************
2025-12-20 14:04:58,820 p=97967 u=manda n=ansible INFO| TASK [Gathering Facts] *********************************************************
2025-12-20 14:04:59,035 p=97963 u=manda n=ansible ERROR| [ERROR]: Task failed: Failed to connect to the host via ssh: Warning: Permanently added '192.168.1.29' (ED25519) to the list of known hosts.
nax@192.168.1.29: Permission denied (publickey,password).

Task failed.

<<< caused by >>>

Failed to connect to the host via ssh: Warning: Permanently added '192.168.1.29' (ED25519) to the list of known hosts.
nax@192.168.1.29: Permission denied (publickey,password).


2025-12-20 14:04:59,035 p=97963 u=manda n=ansible INFO| fatal: [pc2]: UNREACHABLE! => {"changed": false, "msg": "Task failed: Failed to connect to the host via ssh: Warning: Permanently added '192.168.1.29' (ED25519) to the list of known hosts.\r\nnax@192.168.1.29: Permission denied (publickey,password).", "unreachable": true}
2025-12-20 14:04:59,036 p=97963 u=manda n=ansible INFO| PLAY RECAP *********************************************************************
2025-12-20 14:04:59,036 p=97963 u=manda n=ansible INFO| pc2                        : ok=0    changed=0    unreachable=1    failed=0    skipped=0    rescued=0    ignored=0   
2025-12-20 14:05:00,355 p=97967 u=manda n=ansible ERROR| [ERROR]: Task failed: Failed to connect to the host via ssh: Warning: Permanently added '192.168.1.29' (ED25519) to the list of known hosts.
nax@192.168.1.29: Permission denied (publickey,password).

Task failed.

<<< caused by >>>

Failed to connect to the host via ssh: Warning: Permanently added '192.168.1.29' (ED25519) to the list of known hosts.
nax@192.168.1.29: Permission denied (publickey,password).


2025-12-20 14:05:00,357 p=97967 u=manda n=ansible INFO| fatal: [pc2]: UNREACHABLE! => {"changed": false, "msg": "Task failed: Failed to connect to the host via ssh: Warning: Permanently added '192.168.1.29' (ED25519) to the list of known hosts.\r\nnax@192.168.1.29: Permission denied (publickey,password).", "unreachable": true}
2025-12-20 14:05:00,359 p=97967 u=manda n=ansible INFO| PLAY RECAP *********************************************************************
2025-12-20 14:05:00,360 p=97967 u=manda n=ansible INFO| pc2                        : ok=0    changed=0    unreachable=1    failed=0    skipped=0    rescued=0    ignored=0   
2025-12-20 14:10:55,004 p=111974 u=manda n=ansible INFO|   hosts (5):
2025-12-20 14:10:55,004 p=111974 u=manda n=ansible INFO|     pc1
2025-12-20 14:10:55,004 p=111974 u=manda n=ansible INFO|     pc2
2025-12-20 14:10:55,004 p=111974 u=manda n=ansible INFO|     localhost
2025-12-20 14:10:55,004 p=111974 u=manda n=ansible INFO|     router1
2025-12-20 14:10:55,004 p=111974 u=manda n=ansible INFO|     mahatoky
2025-12-20 14:11:18,446 p=112259 u=manda n=ansible WARNING| [WARNING]: Host 'pc2' is using the discovered Python interpreter at '/usr/local/bin/python3.13', but future installation of another Python interpreter could cause a different interpreter to be discovered. See https://docs.ansible.com/ansible-core/2.19/reference_appendices/interpreter_discovery.html for more information.

2025-12-20 14:11:18,447 p=112259 u=manda n=ansible ERROR| [ERROR]: Task failed: Action failed: Module result deserialization failed: No start of json char found

Task failed: Action failed.
Origin: <adhoc 'ping' task>

{'action': 'ping', 'args': {}, 'timeout': 0, 'async_val': 0, 'poll': 15}

<<< caused by >>>

Module result deserialization failed: No start of json char found See stdout/stderr for the returned output.


2025-12-20 14:11:18,447 p=112259 u=manda n=ansible INFO| pc2 | FAILED! => {
    "ansible_facts": {
        "discovered_interpreter_python": "/usr/local/bin/python3.13"
    },
    "changed": false,
    "module_stderr": "sudo: il est nécessaire de saisir un mot de passe\n",
    "module_stdout": "",
    "msg": "Module result deserialization failed: No start of json char found",
    "rc": 1
}
2025-12-20 14:11:24,098 p=113162 u=manda n=ansible INFO| PLAY [🔒 Configuration TLS/HTTPS] **********************************************
2025-12-20 14:11:24,112 p=113162 u=manda n=ansible INFO| TASK [Gathering Facts] *********************************************************
2025-12-20 14:11:24,606 p=113162 u=manda n=ansible WARNING| [WARNING]: Host 'pc2' is using the discovered Python interpreter at '/usr/local/bin/python3.13', but future installation of another Python interpreter could cause a different interpreter to be discovered. See https://docs.ansible.com/ansible-core/2.19/reference_appendices/interpreter_discovery.html for more information.

2025-12-20 14:11:24,607 p=113162 u=manda n=ansible ERROR| [ERROR]: Task failed: Action failed: The following modules failed to execute: ansible.legacy.setup.

Task failed: Action failed.

<<< caused by >>>

The following modules failed to execute: ansible.legacy.setup.

+--[ Sub-Event 1 of 1 ]---
| 
| Module result deserialization failed: No start of json char found See stdout/stderr for the returned output.
| 
+--[ End Sub-Event ]---


2025-12-20 14:11:24,608 p=113162 u=manda n=ansible INFO| fatal: [pc2]: FAILED! => {"ansible_facts": {}, "changed": false, "failed_modules": {"ansible.legacy.setup": {"ansible_facts": {"discovered_interpreter_python": "/usr/local/bin/python3.13"}, "exception": "(traceback unavailable)", "failed": true, "module_stderr": "sudo: il est nécessaire de saisir un mot de passe\n", "module_stdout": "", "msg": "Module result deserialization failed: No start of json char found", "rc": 1}}, "msg": "The following modules failed to execute: ansible.legacy.setup."}
2025-12-20 14:11:24,610 p=113162 u=manda n=ansible INFO| PLAY RECAP *********************************************************************
2025-12-20 14:11:24,610 p=113162 u=manda n=ansible INFO| pc2                        : ok=0    changed=0    unreachable=0    failed=1    skipped=0    rescued=0    ignored=0   
2025-12-20 14:18:12,307 p=129187 u=manda n=ansible INFO|   hosts (5):
2025-12-20 14:18:12,307 p=129187 u=manda n=ansible INFO|     pc1
2025-12-20 14:18:12,307 p=129187 u=manda n=ansible INFO|     pc2
2025-12-20 14:18:12,307 p=129187 u=manda n=ansible INFO|     localhost
2025-12-20 14:18:12,308 p=129187 u=manda n=ansible INFO|     router1
2025-12-20 14:18:12,308 p=129187 u=manda n=ansible INFO|     mahatoky
2025-12-20 14:22:17,159 p=139042 u=manda n=ansible INFO|   hosts (5):
2025-12-20 14:22:17,159 p=139042 u=manda n=ansible INFO|     pc1
2025-12-20 14:22:17,159 p=139042 u=manda n=ansible INFO|     pc2
2025-12-20 14:22:17,159 p=139042 u=manda n=ansible INFO|     localhost
2025-12-20 14:22:17,159 p=139042 u=manda n=ansible INFO|     router1
2025-12-20 14:22:17,159 p=139042 u=manda n=ansible INFO|     mahatoky
2025-12-20 14:24:39,358 p=144665 u=manda n=ansible INFO|   hosts (5):
2025-12-20 14:24:39,359 p=144665 u=manda n=ansible INFO|     pc1
2025-12-20 14:24:39,359 p=144665 u=manda n=ansible INFO|     pc2
2025-12-20 14:24:39,359 p=144665 u=manda n=ansible INFO|     localhost
2025-12-20 14:24:39,359 p=144665 u=manda n=ansible INFO|     router1
2025-12-20 14:24:39,359 p=144665 u=manda n=ansible INFO|     mahatoky
2025-12-20 14:28:00,825 p=152546 u=manda n=ansible INFO|   hosts (5):
2025-12-20 14:28:00,825 p=152546 u=manda n=ansible INFO|     pc1
2025-12-20 14:28:00,825 p=152546 u=manda n=ansible INFO|     pc2
2025-12-20 14:28:00,825 p=152546 u=manda n=ansible INFO|     localhost
2025-12-20 14:28:00,825 p=152546 u=manda n=ansible INFO|     router1
2025-12-20 14:28:00,825 p=152546 u=manda n=ansible INFO|     mahatoky
2025-12-20 14:43:44,877 p=190168 u=manda n=ansible INFO| ansible-playbook [core 2.19.5]
  config file = /home/manda/Documents/MITL2/PROJETRESEAUXS4/ANSIBLE-MIT/projet_ansible/ansible.cfg
  configured module search path = ['/home/manda/.ansible/plugins/modules', '/usr/share/ansible/plugins/modules']
  ansible python module location = /usr/lib/python3/dist-packages/ansible
  ansible collection location = /home/manda/.ansible/collections:/usr/share/ansible/collections
  executable location = /usr/bin/ansible-playbook
  python version = 3.12.3 (main, Nov  6 2025, 13:44:16) [GCC 13.3.0] (/usr/bin/python3)
  jinja version = 3.1.2
  pyyaml version = 6.0.1 (with libyaml v0.2.5)
2025-12-20 14:43:44,877 p=190168 u=manda n=ansible INFO| Using /home/manda/Documents/MITL2/PROJETRESEAUXS4/ANSIBLE-MIT/projet_ansible/ansible.cfg as config file
2025-12-20 14:43:53,966 p=190168 u=manda n=ansible INFO| host_list declined parsing /home/manda/Documents/MITL2/PROJETRESEAUXS4/ANSIBLE-MIT/projet_ansible/hosts as it did not pass its verify_file() method
2025-12-20 14:43:53,966 p=190168 u=manda n=ansible INFO| script declined parsing /home/manda/Documents/MITL2/PROJETRESEAUXS4/ANSIBLE-MIT/projet_ansible/hosts as it did not pass its verify_file() method
2025-12-20 14:43:53,966 p=190168 u=manda n=ansible INFO| auto declined parsing /home/manda/Documents/MITL2/PROJETRESEAUXS4/ANSIBLE-MIT/projet_ansible/hosts as it did not pass its verify_file() method
2025-12-20 14:43:53,972 p=190168 u=manda n=ansible INFO| Parsed /home/manda/Documents/MITL2/PROJETRESEAUXS4/ANSIBLE-MIT/projet_ansible/hosts inventory source with ini plugin
2025-12-20 14:43:54,197 p=190168 u=manda n=ansible INFO| redirecting (type: modules) ansible.builtin.ufw to community.general.ufw
2025-12-20 14:43:54,237 p=190168 u=manda n=ansible INFO| Skipping callback 'minimal', as we already have a stdout callback.
2025-12-20 14:43:54,237 p=190168 u=manda n=ansible INFO| Skipping callback 'oneline', as we already have a stdout callback.
2025-12-20 14:43:54,238 p=190168 u=manda n=ansible INFO| PLAYBOOK: tls.yml **************************************************************
2025-12-20 14:43:54,238 p=190168 u=manda n=ansible INFO| 1 plays in playbooks/tls.yml
2025-12-20 14:43:54,240 p=190168 u=manda n=ansible INFO| PLAY [🔒 Configuration TLS/HTTPS] **********************************************
2025-12-20 14:43:54,256 p=190168 u=manda n=ansible INFO| TASK [Gathering Facts] *********************************************************
2025-12-20 14:43:54,256 p=190168 u=manda n=ansible INFO| task path: /home/manda/Documents/MITL2/PROJETRESEAUXS4/ANSIBLE-MIT/projet_ansible/playbooks/tls.yml:2
2025-12-20 14:43:54,654 p=190168 u=manda n=ansible INFO| <pc2> Attempting python interpreter discovery.
2025-12-20 14:43:54,654 p=190168 u=manda n=ansible INFO| <192.168.1.29> ESTABLISH SSH CONNECTION FOR USER: nax
2025-12-20 14:43:54,655 p=190168 u=manda n=ansible INFO| <192.168.1.29> SSH: EXEC ssh -o ControlMaster=auto -o ControlPersist=60s -o StrictHostKeyChecking=no -o 'User="nax"' -o ConnectTimeout=30 -o 'ControlPath="/home/manda/.ansible/cp/a66f51d0c3"' -o NumberOfPasswordPrompts=1 192.168.1.29 '/bin/sh -c '"'"'echo FOUND; command -v '"'"'"'"'"'"'"'"'python3.13'"'"'"'"'"'"'"'"'; command -v '"'"'"'"'"'"'"'"'python3.12'"'"'"'"'"'"'"'"'; command -v '"'"'"'"'"'"'"'"'python3.11'"'"'"'"'"'"'"'"'; command -v '"'"'"'"'"'"'"'"'python3.10'"'"'"'"'"'"'"'"'; command -v '"'"'"'"'"'"'"'"'python3.9'"'"'"'"'"'"'"'"'; command -v '"'"'"'"'"'"'"'"'python3.8'"'"'"'"'"'"'"'"'; command -v '"'"'"'"'"'"'"'"'/usr/bin/python3'"'"'"'"'"'"'"'"'; command -v '"'"'"'"'"'"'"'"'python3'"'"'"'"'"'"'"'"'; echo ENDFOUND && sleep 0'"'"''
2025-12-20 14:43:55,337 p=190168 u=manda n=ansible INFO| <192.168.1.29> (0, b'FOUND\n/usr/local/bin/python3.13\n/usr/bin/python3.10\n/usr/bin/python3\n/usr/local/bin/python3\nENDFOUND\n', b"Warning: Permanently added '192.168.1.29' (ED25519) to the list of known hosts.\r\n")
2025-12-20 14:43:55,344 p=190168 u=manda n=ansible INFO| Using module file /usr/lib/python3/dist-packages/ansible/modules/setup.py
2025-12-20 14:43:55,344 p=190168 u=manda n=ansible INFO| Pipelining is enabled.
2025-12-20 14:43:55,345 p=190168 u=manda n=ansible INFO| <192.168.1.29> ESTABLISH SSH CONNECTION FOR USER: nax
2025-12-20 14:43:55,346 p=190168 u=manda n=ansible INFO| <192.168.1.29> SSH: EXEC ssh -o ControlMaster=auto -o ControlPersist=60s -o StrictHostKeyChecking=no -o 'User="nax"' -o ConnectTimeout=30 -o 'ControlPath="/home/manda/.ansible/cp/a66f51d0c3"' -o NumberOfPasswordPrompts=1 192.168.1.29 '/bin/sh -c '"'"'sudo -H -S -p "[sudo via ansible, key=xnzuzkctwuvhvoiaojzcktgzrbspywcy] password:" -u root /bin/sh -c '"'"'"'"'"'"'"'"'echo BECOME-SUCCESS-xnzuzkctwuvhvoiaojzcktgzrbspywcy ; /usr/local/bin/python3.13'"'"'"'"'"'"'"'"' && sleep 0'"'"''
2025-12-20 14:43:55,441 p=190168 u=manda n=ansible INFO| <192.168.1.29> Escalation succeeded
2025-12-20 14:43:57,688 p=190168 u=manda n=ansible INFO| <192.168.1.29> (0, b'\n{"ansible_facts": {"ansible_fips": false, "ansible_user_id": "root", "ansible_user_uid": 0, "ansible_user_gid": 0, "ansible_user_gecos": "root", "ansible_user_dir": "/root", "ansible_user_shell": "/bin/bash", "ansible_real_user_id": 0, "ansible_effective_user_id": 0, "ansible_real_group_id": 0, "ansible_effective_group_id": 0, "ansible_system_capabilities_enforced": "False", "ansible_system_capabilities": [], "ansible_local": {}, "ansible_system": "Linux", "ansible_kernel": "6.8.0-87-generic", "ansible_kernel_version": "#88~22.04.1-Ubuntu SMP PREEMPT_DYNAMIC Tue Oct 14 14:03:14 UTC 2", "ansible_machine": "x86_64", "ansible_python_version": "3.13.0", "ansible_fqdn": "customer.jhngzaf1.isp.starlink.com", "ansible_hostname": "nax-HP", "ansible_nodename": "nax-HP", "ansible_domain": "jhngzaf1.isp.starlink.com", "ansible_userspace_bits": "64", "ansible_architecture": "x86_64", "ansible_userspace_architecture": "x86_64", "ansible_machine_id": "d883e4a09d9847659957735064bda937", "ansible_distribution": "Ubuntu", "ansible_distribution_release": "jammy", "ansible_distribution_version": "22.04", "ansible_distribution_major_version": "22", "ansible_distribution_file_path": "/etc/os-release", "ansible_distribution_file_variety": "Debian", "ansible_distribution_file_parsed": true, "ansible_os_family": "Debian", "ansible_is_chroot": false, "ansible_virtualization_type": "NA", "ansible_virtualization_role": "NA", "ansible_virtualization_tech_guest": [], "ansible_virtualization_tech_host": [], "ansible_interfaces": ["wlo1", "lo"], "ansible_wlo1": {"device": "wlo1", "macaddress": "00:e9:3a:3d:3a:a7", "mtu": 1500, "active": true, "module": "rtw88_8821ce", "type": "ether", "pciid": "0000:01:00.0", "promisc": false, "ipv4": {"address": "192.168.1.29", "broadcast": "192.168.1.255", "netmask": "255.255.255.0", "network": "192.168.1.0", "prefix": "24"}, "ipv6": [{"address": "fd63:a022:102f:8:f51:8b65:1d65:adca", "prefix": "64", "scope": "global"}, {"address": "2605:59c0:5e90:1308:d458:f00e:6b27:6af4", "prefix": "64", "scope": "global"}, {"address": "fe80::bd13:539f:dbd2:8829", "prefix": "64", "scope": "link"}, {"address": "fd63:a022:102f:8:83df:d449:ce7d:2b0a", "prefix": "64", "scope": "global"}, {"address": "2605:59c0:5e90:1308:672f:a365:df38:282d", "prefix": "64", "scope": "global"}]}, "ansible_lo": {"device": "lo", "mtu": 65536, "active": true, "type": "loopback", "promisc": false, "ipv4": {"address": "127.0.0.1", "broadcast": "", "netmask": "255.0.0.0", "network": "127.0.0.0", "prefix": "8"}, "ipv6": [{"address": "::1", "prefix": "128", "scope": "host"}]}, "ansible_default_ipv4": {"gateway": "192.168.1.1", "interface": "wlo1", "address": "192.168.1.29", "broadcast": "192.168.1.255", "netmask": "255.255.255.0", "network": "192.168.1.0", "prefix": "24", "macaddress": "00:e9:3a:3d:3a:a7", "mtu": 1500, "type": "ether", "alias": "wlo1"}, "ansible_default_ipv6": {"gateway": "fe80::7624:9fff:feaa:1d57", "interface": "wlo1", "address": "2605:59c0:5e90:1308:672f:a365:df38:282d", "prefix": "64", "scope": "global", "macaddress": "00:e9:3a:3d:3a:a7", "mtu": 1500, "type": "ether"}, "ansible_all_ipv4_addresses": ["192.168.1.29"], "ansible_all_ipv6_addresses": ["fd63:a022:102f:8:f51:8b65:1d65:adca", "2605:59c0:5e90:1308:d458:f00e:6b27:6af4", "fe80::bd13:539f:dbd2:8829", "fd63:a022:102f:8:83df:d449:ce7d:2b0a", "2605:59c0:5e90:1308:672f:a365:df38:282d"], "ansible_locally_reachable_ips": {"ipv4": ["127.0.0.0/8", "127.0.0.1", "192.168.1.29"], "ipv6": ["::1", "2605:59c0:5e90:1308:672f:a365:df38:282d", "2605:59c0:5e90:1308:d458:f00e:6b27:6af4", "fd63:a022:102f:8:f51:8b65:1d65:adca", "fd63:a022:102f:8:83df:d449:ce7d:2b0a", "fe80::bd13:539f:dbd2:8829"]}, "ansible_ssh_host_key_rsa_public": "AAAAB3NzaC1yc2EAAAADAQABAAABgQCwcEscXUMz4gzUNZpPUhnvxc1xsInIp1ZC7n8PqS6RKrH6tIN9JoGdZeAaqCKLdj9ROH8XNXYxXMtwy9sDiC6S/BkD/whq8TtKXVpsmstvZfLoRB9l606bVRMVBL2SzXTH9DsxBwrXnDnFIaCjkxxh5AqcVosRnZ0I+UZ59BJk0J5w07Mj61zK3J18LJcrM3a2JP4a9rQ5jiH7tFZeIXkboECmBrUG1DeLAZkoKtrsEFd31DjVufKJ5abROQvlbNP5zgdU5GBvrjMZ8cSk6Fr6k4fLGDET8yUsTujSfFx+JMttw8twz0SMd3n0/X6YkKRukh9Phs1N5urAUj0vVMITPlfNHhPw//9nXiAQKOhJ2Z7LdxrC0Tfa6E+YjzbUVloCQ+RDpk5cDs1uEARWRCcGRGWSP+3gCKpsX+8SL9lpmwka/CeayQb0z0rcDplmTWI3/yWjWGDtR32cq419XliKXoBH1xd/9FWPrPNHodFxUzEdgcGWZ0ii4ll0WA0mIjc=", "ansible_ssh_host_key_rsa_public_keytype": "ssh-rsa", "ansible_ssh_host_key_ecdsa_public": "AAAAE2VjZHNhLXNoYTItbmlzdHAyNTYAAAAIbmlzdHAyNTYAAABBBDBumSfDMBlgIokKnb+eun23YPKLJ9otfq1NELEIsQhOmRLKmOH/z/39zvuTdGf6mSP/0iyKjjx7Nt5btTF+AVQ=", "ansible_ssh_host_key_ecdsa_public_keytype": "ecdsa-sha2-nistp256", "ansible_ssh_host_key_ed25519_public": "AAAAC3NzaC1lZDI1NTE5AAAAINE+EV+h0Gu6xPGExjfZgA9cbBJJARIPzrQDmxOee7sy", "ansible_ssh_host_key_ed25519_public_keytype": "ssh-ed25519", "ansible_processor": ["0", "AuthenticAMD", "AMD 3020e with Radeon Graphics", "1", "AuthenticAMD", "AMD 3020e with Radeon Graphics"], "ansible_flags": ["fpu", "vme", "de", "pse", "tsc", "msr", "pae", "mce", "cx8", "apic", "sep", "mtrr", "pge", "mca", "cmov", "pat", "pse36", "clflush", "mmx", "fxsr", "sse", "sse2", "ht", "syscall", "nx", "mmxext", "fxsr_opt", "pdpe1gb", "rdtscp", "lm", "constant_tsc", "rep_good", "nopl", "nonstop_tsc", "cpuid", "extd_apicid", "aperfmperf", "rapl", "pni", "pclmulqdq", "monitor", "ssse3", "fma", "cx16", "sse4_1", "sse4_2", "movbe", "popcnt", "aes", "xsave", "avx", "f16c", "rdrand", "lahf_lm", "cmp_legacy", "extapic", "cr8_legacy", "abm", "sse4a", "misalignsse", "3dnowprefetch", "osvw", "skinit", "wdt", "tce", "topoext", "perfctr_core", "perfctr_nb", "bpext", "perfctr_llc", "mwaitx", "cpb", "hw_pstate", "ssbd", "ibpb", "stibp", "vmmcall", "fsgsbase", "bmi1", "avx2", "smep", "bmi2", "rdseed", "adx", "smap", "clflushopt", "sha_ni", "xsaveopt", "xsavec", "xgetbv1", "clzero", "irperf", "xsaveerptr", "arat", "npt", "lbrv", "svm_lock", "nrip_save", "tsc_scale", "vmcb_clean", "flushbyasid", "decodeassists", "pausefilter", "pfthreshold", "avic", "v_vmsave_vmload", "vgif", "overflow_recov", "succor", "smca", "sev", "sev_es", "ibpb_exit_to_user"], "ansible_processor_count": 1, "ansible_processor_cores": 2, "ansible_processor_threads_per_core": 1, "ansible_processor_vcpus": 2, "ansible_processor_nproc": 2, "ansible_memtotal_mb": 3287, "ansible_memfree_mb": 261, "ansible_swaptotal_mb": 4559, "ansible_swapfree_mb": 3121, "ansible_memory_mb": {"real": {"total": 3287, "used": 3026, "free": 261}, "nocache": {"free": 1024, "used": 2263}, "swap": {"total": 4559, "free": 3121, "used": 1438, "cached": 119}}, "ansible_bios_date": "09/22/2021", "ansible_bios_vendor": "AMI", "ansible_bios_version": "F.52", "ansible_board_asset_tag": "Base Board Asset Tag", "ansible_board_name": "87B7", "ansible_board_serial": "PKRCL028JEQ9S3", "ansible_board_vendor": "HP", "ansible_board_version": "28.19", "ansible_chassis_asset_tag": "NA", "ansible_chassis_serial": "5CD103BND2", "ansible_chassis_vendor": "HP", "ansible_chassis_version": "Chassis Version", "ansible_form_factor": "Notebook", "ansible_product_name": "HP Laptop 14s-fq0xxx", "ansible_product_serial": "5CD103BND2", "ansible_product_uuid": "31444335-3330-4e42-4432-324e33304435", "ansible_product_version": "NA", "ansible_system_vendor": "HP", "ansible_devices": {"loop1": {"virtual": 1, "links": {"ids": [], "uuids": [], "labels": [], "masters": []}, "vendor": null, "model": null, "sas_address": null, "sas_device_handle": null, "removable": "0", "support_discard": "4096", "partitions": {}, "rotational": "0", "scheduler_mode": "none", "sectorsize": "512", "sectors": 8, "size": "4.00 KB", "host": "", "holders": []}, "loop29": {"virtual": 1, "links": {"ids": [], "uuids": [], "labels": [], "masters": []}, "vendor": null, "model": null, "sas_address": null, "sas_device_handle": null, "removable": "0", "support_discard": "4096", "partitions": {}, "rotational": "0", "scheduler_mode": "none", "sectorsize": "512", "sectors": 1136, "size": "568.00 KB", "host": "", "holders": []}, "loop19": {"virtual": 1, "links": {"ids": [], "uuids": [], "labels": [], "masters": []}, "vendor": null, "model": null, "sas_address": null, "sas_device_handle": null, "removable": "0", "support_discard": "4096", "partitions": {}, "rotational": "0", "scheduler_mode": "none", "sectorsize": "512", "sectors": 595504, "size": "290.77 MB", "host": "", "holders": []}, "loop27": {"virtual": 1, "links": {"ids": [], "uuids": [], "labels": [], "masters": []}, "vendor": null, "model": null, "sas_address": null, "sas_device_handle": null, "removable": "0", "support_discard": "4096", "partitions": {}, "rotational": "0", "scheduler_mode": "none", "sectorsize": "512", "sectors": 103976, "size": "50.77 MB", "host": "", "holders": []}, "loop17": {"virtual": 1, "links": {"ids": [], "uuids": [], "labels": [], "masters": []}, "vendor": null, "model": null, "sas_address": null, "sas_device_handle": null, "removable": "0", "support_discard": "4096", "partitions": {}, "rotational": "0", "scheduler_mode": "none", "sectorsize": "512", "sectors": 187776, "size": "91.69 MB", "host": "", "holders": []}, "loop8": {"virtual": 1, "links": {"ids": [], "uuids": [], "labels": [], "masters": []}, "vendor": null, "model": null, "sas_address": null, "sas_device_handle": null, "removable": "0", "support_discard": "4096", "partitions": {}, "rotational": "0", "scheduler_mode": "none", "sectorsize": "512", "sectors": 136896, "size": "66.84 MB", "host": "", "holders": []}, "loop25": {"virtual": 1, "links": {"ids": [], "uuids": [], "labels": [], "masters": []}, "vendor": null, "model": null, "sas_address": null, "sas_device_handle": null, "removable": "0", "support_discard": "4096", "partitions": {}, "rotational": "0", "scheduler_mode": "none", "sectorsize": "512", "sectors": 26472, "size": "12.93 MB", "host": "", "holders": []}, "mmcblk0": {"virtual": 1, "links": {"ids": ["mmc-hC8aP__0x100e07b8"], "uuids": [], "labels": [], "masters": []}, "vendor": null, "model": null, "sas_address": null, "sas_device_handle": null, "serial": "0x100e07b8", "removable": "0", "support_discard": "512", "partitions": {"mmcblk0p1": {"links": {"ids": ["mmc-hC8aP__0x100e07b8-part1"], "uuids": ["B789-B0DD"], "labels": [], "masters": []}, "start": "2048", "sectorsize": 512, "sectors": 1048576, "size": "512.00 MB", "uuid": "B789-B0DD", "holders": []}, "mmcblk0p2": {"links": {"ids": ["mmc-hC8aP__0x100e07b8-part2"], "uuids": ["c575871e-0f4d-480b-bb2d-5c8d57fc05eb"], "labels": [], "masters": []}, "start": "1050624", "sectorsize": 512, "sectors": 121090048, "size": "57.74 GB", "uuid": "c575871e-0f4d-480b-bb2d-5c8d57fc05eb", "holders": []}}, "rotational": "0", "scheduler_mode": "mq-deadline", "sectorsize": "512", "sectors": 122142720, "size": "58.24 GB", "host": "", "holders": []}, "loop15": {"virtual": 1, "links": {"ids": [], "uuids": [], "labels": [], "masters": []}, "vendor": null, "model": null, "sas_address": null, "sas_device_handle": null, "removable": "0", "support_discard": "4096", "partitions": {}, "rotational": "0", "scheduler_mode": "none", "sectorsize": "512", "sectors": 1266192, "size": "618.26 MB", "host": "", "holders": []}, "loop6": {"virtual": 1, "links": {"ids": [], "uuids": [], "labels": [], "masters": []}, "vendor": null, "model": null, "sas_address": null, "sas_device_handle": null, "removable": "0", "support_discard": "4096", "partitions": {}, "rotational": "0", "scheduler_mode": "none", "sectorsize": "512", "sectors": 151456, "size": "73.95 MB", "host": "", "holders": []}, "loop23": {"virtual": 1, "links": {"ids": [], "uuids": [], "labels": [], "masters": []}, "vendor": null, "model": null, "sas_address": null, "sas_device_handle": null, "removable": "0", "support_discard": "4096", "partitions": {}, "rotational": "0", "scheduler_mode": "none", "sectorsize": "512", "sectors": 357440, "size": "174.53 MB", "host": "", "holders": []}, "mmcblk0boot0": {"virtual": 1, "links": {"ids": [], "uuids": [], "labels": [], "masters": []}, "vendor": null, "model": null, "sas_address": null, "sas_device_handle": null, "removable": "0", "support_discard": "512", "partitions": {}, "rotational": "0", "scheduler_mode": "mq-deadline", "sectorsize": "512", "sectors": 8192, "size": "4.00 MB", "host": "", "holders": []}, "loop13": {"virtual": 1, "links": {"ids": [], "uuids": [], "labels": [], "masters": []}, "vendor": null, "model": null, "sas_address": null, "sas_device_handle": null, "removable": "0", "support_discard": "4096", "partitions": {}, "rotational": "0", "scheduler_mode": "none", "sectorsize": "512", "sectors": 1057184, "size": "516.20 MB", "host": "", "holders": []}, "loop4": {"virtual": 1, "links": {"ids": [], "uuids": [], "labels": [], "masters": []}, "vendor": null, "model": null, "sas_address": null, "sas_device_handle": null, "removable": "0", "support_discard": "4096", "partitions": {}, "rotational": "0", "scheduler_mode": "none", "sectorsize": "512", "sectors": 130608, "size": "63.77 MB", "host": "", "holders": []}, "loop31": {"virtual": 1, "links": {"ids": [], "uuids": [], "labels": [], "masters": []}, "vendor": null, "model": null, "sas_address": null, "sas_device_handle": null, "removable": "0", "support_discard": "4096", "partitions": {}, "rotational": "0", "scheduler_mode": "none", "sectorsize": "512", "sectors": 513656, "size": "250.81 MB", "host": "", "holders": []}, "loop21": {"virtual": 1, "links": {"ids": [], "uuids": [], "labels": [], "masters": []}, "vendor": null, "model": null, "sas_address": null, "sas_device_handle": null, "removable": "0", "support_discard": "4096", "partitions": {}, "rotational": "0", "scheduler_mode": "none", "sectorsize": "512", "sectors": 263224, "size": "128.53 MB", "host": "", "holders": []}, "loop11": {"virtual": 1, "links": {"ids": [], "uuids": [], "labels": [], "masters": []}, "vendor": null, "model": null, "sas_address": null, "sas_device_handle": null, "removable": "0", "support_discard": "4096", "partitions": {}, "rotational": "0", "scheduler_mode": "none", "sectorsize": "512", "sectors": 709280, "size": "346.33 MB", "host": "", "holders": []}, "loop2": {"virtual": 1, "links": {"ids": [], "uuids": [], "labels": [], "masters": []}, "vendor": null, "model": null, "sas_address": null, "sas_device_handle": null, "removable": "0", "support_discard": "4096", "partitions": {}, "rotational": "0", "scheduler_mode": "none", "sectorsize": "512", "sectors": 113640, "size": "55.49 MB", "host": "", "holders": []}, "loop0": {"virtual": 1, "links": {"ids": [], "uuids": [], "labels": [], "masters": []}, "vendor": null, "model": null, "sas_address": null, "sas_device_handle": null, "removable": "0", "support_discard": "4096", "partitions": {}, "rotational": "0", "scheduler_mode": "none", "sectorsize": "512", "sectors": 113640, "size": "55.49 MB", "host": "", "holders": []}, "loop28": {"virtual": 1, "links": {"ids": [], "uuids": [], "labels": [], "masters": []}, "vendor": null, "model": null, "sas_address": null, "sas_device_handle": null, "removable": "0", "support_discard": "4096", "partitions": {}, "rotational": "0", "scheduler_mode": "none", "sectorsize": "512", "sectors": 104296, "size": "50.93 MB", "host": "", "holders": []}, "loop18": {"virtual": 1, "links": {"ids": [], "uuids": [], "labels": [], "masters": []}, "vendor": null, "model": null, "sas_address": null, "sas_device_handle": null, "removable": "0", "support_discard": "4096", "partitions": {}, "rotational": "0", "scheduler_mode": "none", "sectorsize": "512", "sectors": 808920, "size": "394.98 MB", "host": "", "holders": []}, "loop9": {"virtual": 1, "links": {"ids": [], "uuids": [], "labels": [], "masters": []}, "vendor": null, "model": null, "sas_address": null, "sas_device_handle": null, "removable": "0", "support_discard": "4096", "partitions": {}, "rotational": "0", "scheduler_mode": "none", "sectorsize": "512", "sectors": 0, "size": "0.00 Bytes", "host": "", "holders": []}, "loop26": {"virtual": 1, "links": {"ids": [], "uuids": [], "labels": [], "masters": []}, "vendor": null, "model": null, "sas_address": null, "sas_device_handle": null, "removable": "0", "support_discard": "4096", "partitions": {}, "rotational": "0", "scheduler_mode": "none", "sectorsize": "512", "sectors": 24984, "size": "12.20 MB", "host": "", "holders": []}, "loop16": {"virtual": 1, "links": {"ids": [], "uuids": [], "labels": [], "masters": []}, "vendor": null, "model": null, "sas_address": null, "sas_device_handle": null, "removable": "0", "support_discard": "4096", "partitions": {}, "rotational": "0", "scheduler_mode": "none", "sectorsize": "512", "sectors": 1371720, "size": "669.79 MB", "host": "", "holders": []}, "loop7": {"virtual": 1, "links": {"ids": [], "uuids": [], "labels": [], "masters": []}, "vendor": null, "model": null, "sas_address": null, "sas_device_handle": null, "removable": "0", "support_discard": "4096", "partitions": {}, "rotational": "0", "scheduler_mode": "none", "sectorsize": "512", "sectors": 136896, "size": "66.84 MB", "host": "", "holders": []}, "loop24": {"virtual": 1, "links": {"ids": [], "uuids": [], "labels": [], "masters": []}, "vendor": null, "model": null, "sas_address": null, "sas_device_handle": null, "removable": "0", "support_discard": "4096", "partitions": {}, "rotational": "0", "scheduler_mode": "none", "sectorsize": "512", "sectors": 868064, "size": "423.86 MB", "host": "", "holders": []}, "mmcblk0boot1": {"virtual": 1, "links": {"ids": [], "uuids": [], "labels": [], "masters": []}, "vendor": null, "model": null, "sas_address": null, "sas_device_handle": null, "removable": "0", "support_discard": "512", "partitions": {}, "rotational": "0", "scheduler_mode": "mq-deadline", "sectorsize": "512", "sectors": 8192, "size": "4.00 MB", "host": "", "holders": []}, "sda": {"virtual": 1, "links": {"ids": ["ata-SanDisk_SD8SN8U-256G-1006_165135804429", "wwn-0x5001b448b487e880"], "uuids": [], "labels": [], "masters": []}, "vendor": "ATA", "model": "SanDisk SD8SN8U-", "sas_address": null, "sas_device_handle": null, "removable": "0", "support_discard": "4096", "wwn": "0x5001b448b487e880", "partitions": {"sda1": {"links": {"ids": ["ata-SanDisk_SD8SN8U-256G-1006_165135804429-part1", "wwn-0x5001b448b487e880-part1"], "uuids": ["36E2-AADA"], "labels": ["OUT"], "masters": []}, "start": "2048", "sectorsize": 512, "sectors": 500115456, "size": "238.47 GB", "uuid": "36E2-AADA", "holders": []}}, "rotational": "0", "scheduler_mode": "mq-deadline", "sectorsize": "512", "sectors": 500118192, "size": "238.47 GB", "host": "SATA controller: Advanced Micro Devices, Inc. [AMD] FCH SATA Controller [AHCI mode] (rev 61)", "holders": []}, "loop14": {"virtual": 1, "links": {"ids": [], "uuids": [], "labels": [], "masters": []}, "vendor": null, "model": null, "sas_address": null, "sas_device_handle": null, "removable": "0", "support_discard": "4096", "partitions": {}, "rotational": "0", "scheduler_mode": "none", "sectorsize": "512", "sectors": 1056784, "size": "516.01 MB", "host": "", "holders": []}, "loop5": {"virtual": 1, "links": {"ids": [], "uuids": [], "labels": [], "masters": []}, "vendor": null, "model": null, "sas_address": null, "sas_device_handle": null, "removable": "0", "support_discard": "4096", "partitions": {}, "rotational": "0", "scheduler_mode": "none", "sectorsize": "512", "sectors": 151368, "size": "73.91 MB", "host": "", "holders": []}, "loop22": {"virtual": 1, "links": {"ids": [], "uuids": [], "labels": [], "masters": []}, "vendor": null, "model": null, "sas_address": null, "sas_device_handle": null, "removable": "0", "support_discard": "4096", "partitions": {}, "rotational": "0", "scheduler_mode": "none", "sectorsize": "512", "sectors": 357184, "size": "174.41 MB", "host": "", "holders": []}, "loop12": {"virtual": 1, "links": {"ids": [], "uuids": [], "labels": [], "masters": []}, "vendor": null, "model": null, "sas_address": null, "sas_device_handle": null, "removable": "0", "support_discard": "4096", "partitions": {}, "rotational": "0", "scheduler_mode": "none", "sectorsize": "512", "sectors": 716176, "size": "349.70 MB", "host": "", "holders": []}, "loop3": {"virtual": 1, "links": {"ids": [], "uuids": [], "labels": [], "masters": []}, "vendor": null, "model": null, "sas_address": null, "sas_device_handle": null, "removable": "0", "support_discard": "4096", "partitions": {}, "rotational": "0", "scheduler_mode": "none", "sectorsize": "512", "sectors": 130608, "size": "63.77 MB", "host": "", "holders": []}, "loop30": {"virtual": 1, "links": {"ids": [], "uuids": [], "labels": [], "masters": []}, "vendor": null, "model": null, "sas_address": null, "sas_device_handle": null, "removable": "0", "support_discard": "4096", "partitions": {}, "rotational": "0", "scheduler_mode": "none", "sectorsize": "512", "sectors": 1152, "size": "576.00 KB", "host": "", "holders": []}, "loop20": {"virtual": 1, "links": {"ids": [], "uuids": [], "labels": [], "masters": []}, "vendor": null, "model": null, "sas_address": null, "sas_device_handle": null, "removable": "0", "support_discard": "4096", "partitions": {}, "rotational": "0", "scheduler_mode": "none", "sectorsize": "512", "sectors": 263256, "size": "128.54 MB", "host": "", "holders": []}, "loop10": {"virtual": 1, "links": {"ids": [], "uuids": [], "labels": [], "masters": []}, "vendor": null, "model": null, "sas_address": null, "sas_device_handle": null, "removable": "0", "support_discard": "4096", "partitions": {}, "rotational": "0", "scheduler_mode": "none", "sectorsize": "512", "sectors": 512824, "size": "250.40 MB", "host": "", "holders": []}}, "ansible_device_links": {"ids": {"mmcblk0p2": ["mmc-hC8aP__0x100e07b8-part2"], "mmcblk0p1": ["mmc-hC8aP__0x100e07b8-part1"], "mmcblk0": ["mmc-hC8aP__0x100e07b8"], "sda1": ["ata-SanDisk_SD8SN8U-256G-1006_165135804429-part1", "wwn-0x5001b448b487e880-part1"], "sda": ["ata-SanDisk_SD8SN8U-256G-1006_165135804429", "wwn-0x5001b448b487e880"]}, "uuids": {"mmcblk0p2": ["c575871e-0f4d-480b-bb2d-5c8d57fc05eb"], "mmcblk0p1": ["B789-B0DD"], "sda1": ["36E2-AADA"]}, "labels": {"sda1": ["OUT"]}, "masters": {}}, "ansible_uptime_seconds": 9362, "ansible_lvm": "N/A", "ansible_mounts": [{"mount": "/", "device": "/dev/mmcblk0p2", "fstype": "ext4", "options": "rw,relatime,errors=remount-ro", "dump": 0, "passno": 0, "size_total": 60701995008, "size_available": 4357644288, "block_size": 4096, "block_total": 14819823, "block_available": 1063878, "block_used": 13755945, "inode_total": 3784704, "inode_available": 2873899, "inode_used": 910805, "uuid": "c575871e-0f4d-480b-bb2d-5c8d57fc05eb"}, {"mount": "/snap/bare/5", "device": "/dev/loop1", "fstype": "squashfs", "options": "ro,nodev,relatime,errors=continue,threads=single", "dump": 0, "passno": 0, "size_total": 131072, "size_available": 0, "block_size": 131072, "block_total": 1, "block_available": 0, "block_used": 1, "inode_total": 29, "inode_available": 0, "inode_used": 29, "uuid": "N/A"}, {"mount": "/snap/core18/2959", "device": "/dev/loop0", "fstype": "squashfs", "options": "ro,nodev,relatime,errors=continue,threads=single", "dump": 0, "passno": 0, "size_total": 58195968, "size_available": 0, "block_size": 131072, "block_total": 444, "block_available": 0, "block_used": 444, "inode_total": 10811, "inode_available": 0, "inode_used": 10811, "uuid": "N/A"}, {"mount": "/snap/core18/2976", "device": "/dev/loop2", "fstype": "squashfs", "options": "ro,nodev,relatime,errors=continue,threads=single", "dump": 0, "passno": 0, "size_total": 58195968, "size_available": 0, "block_size": 131072, "block_total": 444, "block_available": 0, "block_used": 444, "inode_total": 10811, "inode_available": 0, "inode_used": 10811, "uuid": "N/A"}, {"mount": "/snap/core20/2682", "device": "/dev/loop3", "fstype": "squashfs", "options": "ro,nodev,relatime,errors=continue,threads=single", "dump": 0, "passno": 0, "size_total": 66977792, "size_available": 0, "block_size": 131072, "block_total": 511, "block_available": 0, "block_used": 511, "inode_total": 11907, "inode_available": 0, "inode_used": 11907, "uuid": "N/A"}, {"mount": "/snap/core20/2686", "device": "/dev/loop4", "fstype": "squashfs", "options": "ro,nodev,relatime,errors=continue,threads=single", "dump": 0, "passno": 0, "size_total": 66977792, "size_available": 0, "block_size": 131072, "block_total": 511, "block_available": 0, "block_used": 511, "inode_total": 11907, "inode_available": 0, "inode_used": 11907, "uuid": "N/A"}, {"mount": "/snap/core22/2163", "device": "/dev/loop6", "fstype": "squashfs", "options": "ro,nodev,relatime,errors=continue,threads=single", "dump": 0, "passno": 0, "size_total": 77594624, "size_available": 0, "block_size": 131072, "block_total": 592, "block_available": 0, "block_used": 592, "inode_total": 14268, "inode_available": 0, "inode_used": 14268, "uuid": "N/A"}, {"mount": "/snap/core22/2139", "device": "/dev/loop5", "fstype": "squashfs", "options": "ro,nodev,relatime,errors=continue,threads=single", "dump": 0, "passno": 0, "size_total": 77594624, "size_available": 0, "block_size": 131072, "block_total": 592, "block_available": 0, "block_used": 592, "inode_total": 14263, "inode_available": 0, "inode_used": 14263, "uuid": "N/A"}, {"mount": "/snap/core24/1225", "device": "/dev/loop7", "fstype": "squashfs", "options": "ro,nodev,relatime,errors=continue,threads=single", "dump": 0, "passno": 0, "size_total": 70123520, "size_available": 0, "block_size": 131072, "block_total": 535, "block_available": 0, "block_used": 535, "inode_total": 10640, "inode_available": 0, "inode_used": 10640, "uuid": "N/A"}, {"mount": "/snap/core24/1237", "device": "/dev/loop8", "fstype": "squashfs", "options": "ro,nodev,relatime,errors=continue,threads=single", "dump": 0, "passno": 0, "size_total": 70123520, "size_available": 0, "block_size": 131072, "block_total": 535, "block_available": 0, "block_used": 535, "inode_total": 10640, "inode_available": 0, "inode_used": 10640, "uuid": "N/A"}, {"mount": "/snap/firefox/7477", "device": "/dev/loop10", "fstype": "squashfs", "options": "ro,nodev,relatime,errors=continue,threads=single", "dump": 0, "passno": 0, "size_total": 262668288, "size_available": 0, "block_size": 131072, "block_total": 2004, "block_available": 0, "block_used": 2004, "inode_total": 814, "inode_available": 0, "inode_used": 814, "uuid": "N/A"}, {"mount": "/snap/gnome-3-38-2004/119", "device": "/dev/loop11", "fstype": "squashfs", "options": "ro,nodev,relatime,errors=continue,threads=single", "dump": 0, "passno": 0, "size_total": 363200512, "size_available": 0, "block_size": 131072, "block_total": 2771, "block_available": 0, "block_used": 2771, "inode_total": 18272, "inode_available": 0, "inode_used": 18272, "uuid": "N/A"}, {"mount": "/snap/gnome-3-38-2004/143", "device": "/dev/loop12", "fstype": "squashfs", "options": "ro,nodev,relatime,errors=continue,threads=single", "dump": 0, "passno": 0, "size_total": 366739456, "size_available": 0, "block_size": 131072, "block_total": 2798, "block_available": 0, "block_used": 2798, "inode_total": 18307, "inode_available": 0, "inode_used": 18307, "uuid": "N/A"}, {"mount": "/snap/gnome-42-2204/202", "device": "/dev/loop14", "fstype": "squashfs", "options": "ro,nodev,relatime,errors=continue,threads=single", "dump": 0, "passno": 0, "size_total": 541196288, "size_available": 0, "block_size": 131072, "block_total": 4129, "block_available": 0, "block_used": 4129, "inode_total": 21133, "inode_available": 0, "inode_used": 21133, "uuid": "N/A"}, {"mount": "/snap/gnome-42-2204/226", "device": "/dev/loop13", "fstype": "squashfs", "options": "ro,nodev,relatime,errors=continue,threads=single", "dump": 0, "passno": 0, "size_total": 541327360, "size_available": 0, "block_size": 131072, "block_total": 4130, "block_available": 0, "block_used": 4130, "inode_total": 21134, "inode_available": 0, "inode_used": 21134, "uuid": "N/A"}, {"mount": "/snap/gnome-46-2404/125", "device": "/dev/loop15", "fstype": "squashfs", "options": "ro,nodev,relatime,errors=continue,threads=single", "dump": 0, "passno": 0, "size_total": 648413184, "size_available": 0, "block_size": 131072, "block_total": 4947, "block_available": 0, "block_used": 4947, "inode_total": 23321, "inode_available": 0, "inode_used": 23321, "uuid": "N/A"}, {"mount": "/snap/gtk-common-themes/1535", "device": "/dev/loop17", "fstype": "squashfs", "options": "ro,nodev,relatime,errors=continue,threads=single", "dump": 0, "passno": 0, "size_total": 96206848, "size_available": 0, "block_size": 131072, "block_total": 734, "block_available": 0, "block_used": 734, "inode_total": 76208, "inode_available": 0, "inode_used": 76208, "uuid": "N/A"}, {"mount": "/snap/gnome-46-2404/145", "device": "/dev/loop16", "fstype": "squashfs", "options": "ro,nodev,relatime,errors=continue,threads=single", "dump": 0, "passno": 0, "size_total": 702414848, "size_available": 0, "block_size": 131072, "block_total": 5359, "block_available": 0, "block_used": 5359, "inode_total": 23335, "inode_available": 0, "inode_used": 23335, "uuid": "N/A"}, {"mount": "/snap/mesa-2404/1165", "device": "/dev/loop18", "fstype": "squashfs", "options": "ro,nodev,relatime,errors=continue,threads=single", "dump": 0, "passno": 0, "size_total": 414187520, "size_available": 0, "block_size": 131072, "block_total": 3160, "block_available": 0, "block_used": 3160, "inode_total": 796, "inode_available": 0, "inode_used": 796, "uuid": "N/A"}, {"mount": "/snap/mesa-2404/912", "device": "/dev/loop19", "fstype": "squashfs", "options": "ro,nodev,relatime,errors=continue,threads=single", "dump": 0, "passno": 0, "size_total": 305004544, "size_available": 0, "block_size": 131072, "block_total": 2327, "block_available": 0, "block_used": 2327, "inode_total": 785, "inode_available": 0, "inode_used": 785, "uuid": "N/A"}, {"mount": "/snap/obsidian/52", "device": "/dev/loop20", "fstype": "squashfs", "options": "ro,nodev,relatime,errors=continue,threads=single", "dump": 0, "passno": 0, "size_total": 134873088, "size_available": 0, "block_size": 131072, "block_total": 1029, "block_available": 0, "block_used": 1029, "inode_total": 151, "inode_available": 0, "inode_used": 151, "uuid": "N/A"}, {"mount": "/snap/obsidian/53", "device": "/dev/loop21", "fstype": "squashfs", "options": "ro,nodev,relatime,errors=continue,threads=single", "dump": 0, "passno": 0, "size_total": 134873088, "size_available": 0, "block_size": 131072, "block_total": 1029, "block_available": 0, "block_used": 1029, "inode_total": 151, "inode_available": 0, "inode_used": 151, "uuid": "N/A"}, {"mount": "/snap/postman/360", "device": "/dev/loop22", "fstype": "squashfs", "options": "ro,nodev,relatime,errors=continue,threads=single", "dump": 0, "passno": 0, "size_total": 182976512, "size_available": 0, "block_size": 131072, "block_total": 1396, "block_available": 0, "block_used": 1396, "inode_total": 24001, "inode_available": 0, "inode_used": 24001, "uuid": "N/A"}, {"mount": "/snap/postman/362", "device": "/dev/loop23", "fstype": "squashfs", "options": "ro,nodev,relatime,errors=continue,threads=single", "dump": 0, "passno": 0, "size_total": 183107584, "size_available": 0, "block_size": 131072, "block_total": 1397, "block_available": 0, "block_used": 1397, "inode_total": 24007, "inode_available": 0, "inode_used": 24007, "uuid": "N/A"}, {"mount": "/snap/processing/10", "device": "/dev/loop24", "fstype": "squashfs", "options": "ro,nodev,relatime,errors=continue,threads=single", "dump": 0, "passno": 0, "size_total": 444465152, "size_available": 0, "block_size": 131072, "block_total": 3391, "block_available": 0, "block_used": 3391, "inode_total": 17753, "inode_available": 0, "inode_used": 17753, "uuid": "N/A"}, {"mount": "/snap/snap-store/1113", "device": "/dev/loop25", "fstype": "squashfs", "options": "ro,nodev,relatime,errors=continue,threads=single", "dump": 0, "passno": 0, "size_total": 13631488, "size_available": 0, "block_size": 131072, "block_total": 104, "block_available": 0, "block_used": 104, "inode_total": 1939, "inode_available": 0, "inode_used": 1939, "uuid": "N/A"}, {"mount": "/snap/snap-store/1216", "device": "/dev/loop26", "fstype": "squashfs", "options": "ro,nodev,relatime,errors=continue,threads=single", "dump": 0, "passno": 0, "size_total": 12845056, "size_available": 0, "block_size": 131072, "block_total": 98, "block_available": 0, "block_used": 98, "inode_total": 1934, "inode_available": 0, "inode_used": 1934, "uuid": "N/A"}, {"mount": "/snap/snapd/25202", "device": "/dev/loop27", "fstype": "squashfs", "options": "ro,nodev,relatime,errors=continue,threads=single", "dump": 0, "passno": 0, "size_total": 53346304, "size_available": 0, "block_size": 131072, "block_total": 407, "block_available": 0, "block_used": 407, "inode_total": 616, "inode_available": 0, "inode_used": 616, "uuid": "N/A"}, {"mount": "/snap/snapd/25577", "device": "/dev/loop28", "fstype": "squashfs", "options": "ro,nodev,relatime,errors=continue,threads=single", "dump": 0, "passno": 0, "size_total": 53477376, "size_available": 0, "block_size": 131072, "block_total": 408, "block_available": 0, "block_used": 408, "inode_total": 617, "inode_available": 0, "inode_used": 617, "uuid": "N/A"}, {"mount": "/snap/snapd-desktop-integration/315", "device": "/dev/loop30", "fstype": "squashfs", "options": "ro,nodev,relatime,errors=continue,threads=single", "dump": 0, "passno": 0, "size_total": 655360, "size_available": 0, "block_size": 131072, "block_total": 5, "block_available": 0, "block_used": 5, "inode_total": 61, "inode_available": 0, "inode_used": 61, "uuid": "N/A"}, {"mount": "/snap/snapd-desktop-integration/253", "device": "/dev/loop29", "fstype": "squashfs", "options": "ro,nodev,relatime,errors=continue,threads=single", "dump": 0, "passno": 0, "size_total": 655360, "size_available": 0, "block_size": 131072, "block_total": 5, "block_available": 0, "block_used": 5, "inode_total": 61, "inode_available": 0, "inode_used": 61, "uuid": "N/A"}, {"mount": "/var/snap/firefox/common/host-hunspell", "device": "/dev/mmcblk0p2", "fstype": "ext4", "options": "ro,noexec,noatime,errors=remount-ro,bind", "dump": 0, "passno": 0, "size_total": 60701995008, "size_available": 4357644288, "block_size": 4096, "block_total": 14819823, "block_available": 1063878, "block_used": 13755945, "inode_total": 3784704, "inode_available": 2873899, "inode_used": 910805, "uuid": "c575871e-0f4d-480b-bb2d-5c8d57fc05eb"}, {"mount": "/boot/efi", "device": "/dev/mmcblk0p1", "fstype": "vfat", "options": "rw,relatime,fmask=0077,dmask=0077,codepage=437,iocharset=iso8859-1,shortname=mixed,errors=remount-ro", "dump": 0, "passno": 0, "size_total": 535805952, "size_available": 529424384, "block_size": 4096, "block_total": 130812, "block_available": 129254, "block_used": 1558, "inode_total": 0, "inode_available": 0, "inode_used": 0, "uuid": "B789-B0DD"}, {"mount": "/snap/firefox/7559", "device": "/dev/loop31", "fstype": "squashfs", "options": "ro,nodev,relatime,errors=continue,threads=single", "dump": 0, "passno": 0, "size_total": 263061504, "size_available": 0, "block_size": 131072, "block_total": 2007, "block_available": 0, "block_used": 2007, "inode_total": 814, "inode_available": 0, "inode_used": 814, "uuid": "N/A"}], "ansible_pkg_mgr": "apt", "ansible_lsb": {"id": "Ubuntu", "description": "Ubuntu 22.04.5 LTS", "release": "22.04", "codename": "jammy", "major_release": "22"}, "ansible_python": {"version": {"major": 3, "minor": 13, "micro": 0, "releaselevel": "final", "serial": 0}, "version_info": [3, 13, 0, "final", 0], "executable": "/usr/local/bin/python3.13", "has_sslcontext": true, "type": "cpython"}, "ansible_hostnqn": "", "ansible_loadavg": {"1m": 0.224609375, "5m": 0.453125, "15m": 0.67236328125}, "ansible_cmdline": {"BOOT_IMAGE": "/boot/vmlinuz-6.8.0-87-generic", "root": "UUID=c575871e-0f4d-480b-bb2d-5c8d57fc05eb", "ro": true, "quiet": true, "splash": true, "vt.handoff": "7"}, "ansible_proc_cmdline": {"BOOT_IMAGE": "/boot/vmlinuz-6.8.0-87-generic", "root": "UUID=c575871e-0f4d-480b-bb2d-5c8d57fc05eb", "ro": true, "quiet": true, "splash": true, "vt.handoff": "7"}, "ansible_selinux_python_present": true, "ansible_selinux": {"status": "disabled"}, "ansible_service_mgr": "systemd", "ansible_systemd": {"features": "+PAM +AUDIT +SELINUX +APPARMOR +IMA +SMACK +SECCOMP +GCRYPT +GNUTLS +OPENSSL +ACL +BLKID +CURL +ELFUTILS +FIDO2 +IDN2 -IDN +IPTC +KMOD +LIBCRYPTSETUP +LIBFDISK +PCRE2 -PWQUALITY -P11KIT -QRENCODE +BZIP2 +LZ4 +XZ +ZLIB +ZSTD -XKBCOMMON +UTMP +SYSVINIT default-hierarchy=unified", "version": 249}, "ansible_date_time": {"year": "2025", "month": "12", "weekday": "sabotsy", "weekday_number": "6", "weeknumber": "50", "day": "20", "hour": "09", "minute": "45", "second": "15", "epoch": "1766213115", "epoch_int": "1766213115", "date": "2025-12-20", "time": "09:45:15", "iso8601_micro": "2025-12-20T06:45:15.710218Z", "iso8601": "2025-12-20T06:45:15Z", "iso8601_basic": "20251220T094515710218", "iso8601_basic_short": "20251220T094515", "tz": "EAT", "tz_dst": "EAT", "tz_offset": "+0300"}, "ansible_env": {"SUDO_GID": "1000", "MAIL": "/var/mail/root", "LC_TIME": "mg_MG.UTF-8", "USER": "root", "HOME": "/root", "LC_MONETARY": "mg_MG.UTF-8", "SUDO_UID": "1000", "LOGNAME": "root", "TERM": "unknown", "PATH": "/usr/local/sbin:/usr/local/bin:/usr/sbin:/usr/bin:/sbin:/bin:/snap/bin", "LC_ADDRESS": "mg_MG.UTF-8", "LANG": "fr_FR.UTF-8", "LC_TELEPHONE": "mg_MG.UTF-8", "SUDO_COMMAND": "/bin/sh -c echo BECOME-SUCCESS-xnzuzkctwuvhvoiaojzcktgzrbspywcy ; /usr/local/bin/python3.13", "LC_NAME": "mg_MG.UTF-8", "SHELL": "/bin/bash", "SUDO_USER": "nax", "LC_MEASUREMENT": "mg_MG.UTF-8", "LC_IDENTIFICATION": "mg_MG.UTF-8", "PWD": "/home/nax", "LC_NUMERIC": "mg_MG.UTF-8", "LC_PAPER": "mg_MG.UTF-8"}, "ansible_iscsi_iqn": "", "ansible_apparmor": {"status": "enabled"}, "ansible_dns": {"nameservers": ["127.0.0.53"], "options": {"edns0": true, "trust-ad": true}, "search": ["lan"]}, "ansible_fibre_channel_wwn": [], "gather_subset": ["all"], "module_setup": true}, "invocation": {"module_args": {"gather_subset": ["all"], "gather_timeout": 10, "filter": [], "fact_path": "/etc/ansible/facts.d"}}}\n', b'')
2025-12-20 14:43:57,717 p=190168 u=manda n=ansible WARNING| [WARNING]: Host 'pc2' is using the discovered Python interpreter at '/usr/local/bin/python3.13', but future installation of another Python interpreter could cause a different interpreter to be discovered. See https://docs.ansible.com/ansible-core/2.19/reference_appendices/interpreter_discovery.html for more information.

2025-12-20 14:43:57,717 p=190168 u=manda n=ansible INFO| ok: [pc2]
2025-12-20 14:43:57,724 p=190168 u=manda n=ansible INFO| TASK [mit-tls : 🔒 TLS - Installation des prérequis] ***************************
2025-12-20 14:43:57,724 p=190168 u=manda n=ansible INFO| task path: /home/manda/Documents/MITL2/PROJETRESEAUXS4/ANSIBLE-MIT/projet_ansible/roles/mit-tls/tasks/main.yml:1
2025-12-20 14:43:57,987 p=190168 u=manda n=ansible INFO| Using module file /usr/lib/python3/dist-packages/ansible/modules/apt.py
2025-12-20 14:43:57,988 p=190168 u=manda n=ansible INFO| Pipelining is enabled.
2025-12-20 14:43:57,989 p=190168 u=manda n=ansible INFO| <192.168.1.29> ESTABLISH SSH CONNECTION FOR USER: nax
2025-12-20 14:43:57,989 p=190168 u=manda n=ansible INFO| <192.168.1.29> SSH: EXEC ssh -o ControlMaster=auto -o ControlPersist=60s -o StrictHostKeyChecking=no -o 'User="nax"' -o ConnectTimeout=30 -o 'ControlPath="/home/manda/.ansible/cp/a66f51d0c3"' -o NumberOfPasswordPrompts=1 192.168.1.29 '/bin/sh -c '"'"'sudo -H -S -p "[sudo via ansible, key=txyfelhkznakrqxkybxyzrhqlthrqphj] password:" -u root /bin/sh -c '"'"'"'"'"'"'"'"'echo BECOME-SUCCESS-txyfelhkznakrqxkybxyzrhqlthrqphj ; /usr/local/bin/python3.13'"'"'"'"'"'"'"'"' && sleep 0'"'"''
2025-12-20 14:43:58,081 p=190168 u=manda n=ansible INFO| <192.168.1.29> Escalation succeeded
2025-12-20 14:44:44,891 p=190168 u=manda n=ansible INFO| <192.168.1.29> (0, b'\n{"changed": true, "stdout": "Reading package lists...\\nBuilding dependency tree...\\nReading state information...\\nThe following packages were automatically installed and are no longer required:\\n  arduino-builder arduino-core-avr arduino-ctags avr-libc avrdude binutils-avr\\n  extra-xdg-menus gcc-avr java-wrappers libapache-pom-java libastylej-jni\\n  libbatik-java libbcpg-java libbcprov-java libcommons-codec-java\\n  libcommons-compress-java libcommons-exec-java libcommons-io-java\\n  libcommons-lang3-java libcommons-logging-java libcommons-net-java\\n  libcommons-parent-java libftdi1 libgoogle-gson-java libhidapi-libusb0\\n  libhttpclient-java libhttpcore-java libjackson2-annotations-java\\n  libjackson2-core-java libjackson2-databind-java libjaxp1.3-java\\n  libjmdns-java libjna-java libjna-jni libjna-platform-java libjsch-java\\n  libjssc-java libjzlib-java liblightcouch-java liblistserialsj-dev\\n  liblistserialsj1 liblog4j2-java libmongodb-java librsyntaxtextarea-java\\n  librxtx-java libsemver-java libserialport0 libslf4j-java libusb-0.1-4\\n  libxalan2-java libxerces2-java libxml-commons-external-java\\n  libxml-commons-resolver1.1-java libxmlgraphics-commons-java\\nUse \'sudo apt autoremove\' to remove them.\\nThe following additional packages will be installed:\\n  libnginx-mod-http-geoip2 libnginx-mod-http-image-filter\\n  libnginx-mod-http-xslt-filter libnginx-mod-mail libnginx-mod-stream\\n  libnginx-mod-stream-geoip2 nginx-common nginx-core\\nSuggested packages:\\n  fcgiwrap nginx-doc python-certbot-nginx-doc\\nThe following NEW packages will be installed:\\n  libnginx-mod-http-geoip2 libnginx-mod-http-image-filter\\n  libnginx-mod-http-xslt-filter libnginx-mod-mail libnginx-mod-stream\\n  libnginx-mod-stream-geoip2 nginx nginx-common nginx-core\\n  python3-certbot-nginx\\n0 upgraded, 10 newly installed, 0 to remove and 38 not upgraded.\\nNeed to get 733 kB of archives.\\nAfter this operation, 2553 kB of additional disk space will be used.\\nGet:1 http://mg.archive.ubuntu.com/ubuntu jammy-updates/main amd64 nginx-common all 1.18.0-6ubuntu14.7 [40.1 kB]\\nGet:2 http://mg.archive.ubuntu.com/ubuntu jammy-updates/main amd64 libnginx-mod-http-geoip2 amd64 1.18.0-6ubuntu14.7 [12.0 kB]\\nGet:3 http://mg.archive.ubuntu.com/ubuntu jammy-updates/main amd64 libnginx-mod-http-image-filter amd64 1.18.0-6ubuntu14.7 [15.5 kB]\\nGet:4 http://mg.archive.ubuntu.com/ubuntu jammy-updates/main amd64 libnginx-mod-http-xslt-filter amd64 1.18.0-6ubuntu14.7 [13.8 kB]\\nGet:5 http://mg.archive.ubuntu.com/ubuntu jammy-updates/main amd64 libnginx-mod-mail amd64 1.18.0-6ubuntu14.7 [45.8 kB]\\nGet:6 http://mg.archive.ubuntu.com/ubuntu jammy-updates/main amd64 libnginx-mod-stream amd64 1.18.0-6ubuntu14.7 [73.0 kB]\\nGet:7 http://mg.archive.ubuntu.com/ubuntu jammy-updates/main amd64 libnginx-mod-stream-geoip2 amd64 1.18.0-6ubuntu14.7 [10.1 kB]\\nGet:8 http://mg.archive.ubuntu.com/ubuntu jammy-updates/main amd64 nginx-core amd64 1.18.0-6ubuntu14.7 [483 kB]\\nGet:9 http://mg.archive.ubuntu.com/ubuntu jammy-updates/main amd64 nginx amd64 1.18.0-6ubuntu14.7 [3878 B]\\nGet:10 http://mg.archive.ubuntu.com/ubuntu jammy/universe amd64 python3-certbot-nginx all 1.21.0-1 [35.4 kB]\\nPreconfiguring packages ...\\nFetched 733 kB in 2s (329 kB/s)\\nSelecting previously unselected package nginx-common.\\r\\n(Reading database ... \\r(Reading database ... 5%\\r(Reading database ... 10%\\r(Reading database ... 15%\\r(Reading database ... 20%\\r(Reading database ... 25%\\r(Reading database ... 30%\\r(Reading database ... 35%\\r(Reading database ... 40%\\r(Reading database ... 45%\\r(Reading database ... 50%\\r(Reading database ... 55%\\r(Reading database ... 60%\\r(Reading database ... 65%\\r(Reading database ... 70%\\r(Reading database ... 75%\\r(Reading database ... 80%\\r(Reading database ... 85%\\r(Reading database ... 90%\\r(Reading database ... 95%\\r(Reading database ... 100%\\r(Reading database ... 288454 files and directories currently installed.)\\r\\nPreparing to unpack .../0-nginx-common_1.18.0-6ubuntu14.7_all.deb ...\\r\\nUnpacking nginx-common (1.18.0-6ubuntu14.7) ...\\r\\nSelecting previously unselected package libnginx-mod-http-geoip2.\\r\\nPreparing to unpack .../1-libnginx-mod-http-geoip2_1.18.0-6ubuntu14.7_amd64.deb ...\\r\\nUnpacking libnginx-mod-http-geoip2 (1.18.0-6ubuntu14.7) ...\\r\\nSelecting previously unselected package libnginx-mod-http-image-filter.\\r\\nPreparing to unpack .../2-libnginx-mod-http-image-filter_1.18.0-6ubuntu14.7_amd64.deb ...\\r\\nUnpacking libnginx-mod-http-image-filter (1.18.0-6ubuntu14.7) ...\\r\\nSelecting previously unselected package libnginx-mod-http-xslt-filter.\\r\\nPreparing to unpack .../3-libnginx-mod-http-xslt-filter_1.18.0-6ubuntu14.7_amd64.deb ...\\r\\nUnpacking libnginx-mod-http-xslt-filter (1.18.0-6ubuntu14.7) ...\\r\\nSelecting previously unselected package libnginx-mod-mail.\\r\\nPreparing to unpack .../4-libnginx-mod-mail_1.18.0-6ubuntu14.7_amd64.deb ...\\r\\nUnpacking libnginx-mod-mail (1.18.0-6ubuntu14.7) ...\\r\\nSelecting previously unselected package libnginx-mod-stream.\\r\\nPreparing to unpack .../5-libnginx-mod-stream_1.18.0-6ubuntu14.7_amd64.deb ...\\r\\nUnpacking libnginx-mod-stream (1.18.0-6ubuntu14.7) ...\\r\\nSelecting previously unselected package libnginx-mod-stream-geoip2.\\r\\nPreparing to unpack .../6-libnginx-mod-stream-geoip2_1.18.0-6ubuntu14.7_amd64.deb ...\\r\\nUnpacking libnginx-mod-stream-geoip2 (1.18.0-6ubuntu14.7) ...\\r\\nSelecting previously unselected package nginx-core.\\r\\nPreparing to unpack .../7-nginx-core_1.18.0-6ubuntu14.7_amd64.deb ...\\r\\nUnpacking nginx-core (1.18.0-6ubuntu14.7) ...\\r\\nSelecting previously unselected package nginx.\\r\\nPreparing to unpack .../8-nginx_1.18.0-6ubuntu14.7_amd64.deb ...\\r\\nUnpacking nginx (1.18.0-6ubuntu14.7) ...\\r\\nSelecting previously unselected package python3-certbot-nginx.\\r\\nPreparing to unpack .../9-python3-certbot-nginx_1.21.0-1_all.deb ...\\r\\nUnpacking python3-certbot-nginx (1.21.0-1) ...\\r\\nSetting up nginx-common (1.18.0-6ubuntu14.7) ...\\r\\nCreated symlink /etc/systemd/system/multi-user.target.wants/nginx.service \\u2192 /lib/systemd/system/nginx.service.\\r\\nCould not execute systemctl:  at /usr/bin/deb-systemd-invoke line 142.\\r\\nSetting up libnginx-mod-http-xslt-filter (1.18.0-6ubuntu14.7) ...\\r\\nSetting up libnginx-mod-http-geoip2 (1.18.0-6ubuntu14.7) ...\\r\\nSetting up libnginx-mod-mail (1.18.0-6ubuntu14.7) ...\\r\\nSetting up libnginx-mod-http-image-filter (1.18.0-6ubuntu14.7) ...\\r\\nSetting up libnginx-mod-stream (1.18.0-6ubuntu14.7) ...\\r\\nSetting up libnginx-mod-stream-geoip2 (1.18.0-6ubuntu14.7) ...\\r\\nSetting up nginx-core (1.18.0-6ubuntu14.7) ...\\r\\nNot attempting to start NGINX, port 80 is already in use.\\r\\nSetting up nginx (1.18.0-6ubuntu14.7) ...\\r\\nSetting up python3-certbot-nginx (1.21.0-1) ...\\r\\nProcessing triggers for man-db (2.10.2-1) ...\\r\\nProcessing triggers for ufw (0.36.1-4ubuntu0.1) ...\\r\\n", "stderr": "", "diff": {}, "cache_updated": true, "cache_update_time": 1766213122, "invocation": {"module_args": {"name": ["certbot", "python3-certbot-nginx", "nginx", "openssl"], "state": "present", "update_cache": true, "package": ["certbot", "python3-certbot-nginx", "nginx", "openssl"], "update_cache_retries": 5, "update_cache_retry_max_delay": 12, "cache_valid_time": 0, "purge": false, "force": false, "upgrade": null, "dpkg_options": "force-confdef,force-confold", "autoremove": false, "autoclean": false, "fail_on_autoremove": false, "only_upgrade": false, "force_apt_get": false, "clean": false, "allow_unauthenticated": false, "allow_downgrade": false, "allow_change_held_packages": false, "lock_timeout": 60, "auto_install_module_deps": true, "deb": null, "default_release": null, "install_recommends": null, "policy_rc_d": null}}}\n', b'Error in sitecustomize; set PYTHONVERBOSE for traceback:\nSyntaxError: unexpected character after line continuation character (sitecustomize.py, line 1)\n')
2025-12-20 14:44:44,912 p=190168 u=manda n=ansible INFO| changed: [pc2] => {
    "cache_update_time": 1766213122,
    "cache_updated": true,
    "changed": true,
    "diff": {},
    "invocation": {
        "module_args": {
            "allow_change_held_packages": false,
            "allow_downgrade": false,
            "allow_unauthenticated": false,
            "auto_install_module_deps": true,
            "autoclean": false,
            "autoremove": false,
            "cache_valid_time": 0,
            "clean": false,
            "deb": null,
            "default_release": null,
            "dpkg_options": "force-confdef,force-confold",
            "fail_on_autoremove": false,
            "force": false,
            "force_apt_get": false,
            "install_recommends": null,
            "lock_timeout": 60,
            "name": [
                "certbot",
                "python3-certbot-nginx",
                "nginx",
                "openssl"
            ],
            "only_upgrade": false,
            "package": [
                "certbot",
                "python3-certbot-nginx",
                "nginx",
                "openssl"
            ],
            "policy_rc_d": null,
            "purge": false,
            "state": "present",
            "update_cache": true,
            "update_cache_retries": 5,
            "update_cache_retry_max_delay": 12,
            "upgrade": null
        }
    },
    "stderr": "",
    "stderr_lines": [],
    "stdout": "Reading package lists...\nBuilding dependency tree...\nReading state information...\nThe following packages were automatically installed and are no longer required:\n  arduino-builder arduino-core-avr arduino-ctags avr-libc avrdude binutils-avr\n  extra-xdg-menus gcc-avr java-wrappers libapache-pom-java libastylej-jni\n  libbatik-java libbcpg-java libbcprov-java libcommons-codec-java\n  libcommons-compress-java libcommons-exec-java libcommons-io-java\n  libcommons-lang3-java libcommons-logging-java libcommons-net-java\n  libcommons-parent-java libftdi1 libgoogle-gson-java libhidapi-libusb0\n  libhttpclient-java libhttpcore-java libjackson2-annotations-java\n  libjackson2-core-java libjackson2-databind-java libjaxp1.3-java\n  libjmdns-java libjna-java libjna-jni libjna-platform-java libjsch-java\n  libjssc-java libjzlib-java liblightcouch-java liblistserialsj-dev\n  liblistserialsj1 liblog4j2-java libmongodb-java librsyntaxtextarea-java\n  librxtx-java libsemver-java libserialport0 libslf4j-java libusb-0.1-4\n  libxalan2-java libxerces2-java libxml-commons-external-java\n  libxml-commons-resolver1.1-java libxmlgraphics-commons-java\nUse 'sudo apt autoremove' to remove them.\nThe following additional packages will be installed:\n  libnginx-mod-http-geoip2 libnginx-mod-http-image-filter\n  libnginx-mod-http-xslt-filter libnginx-mod-mail libnginx-mod-stream\n  libnginx-mod-stream-geoip2 nginx-common nginx-core\nSuggested packages:\n  fcgiwrap nginx-doc python-certbot-nginx-doc\nThe following NEW packages will be installed:\n  libnginx-mod-http-geoip2 libnginx-mod-http-image-filter\n  libnginx-mod-http-xslt-filter libnginx-mod-mail libnginx-mod-stream\n  libnginx-mod-stream-geoip2 nginx nginx-common nginx-core\n  python3-certbot-nginx\n0 upgraded, 10 newly installed, 0 to remove and 38 not upgraded.\nNeed to get 733 kB of archives.\nAfter this operation, 2553 kB of additional disk space will be used.\nGet:1 http://mg.archive.ubuntu.com/ubuntu jammy-updates/main amd64 nginx-common all 1.18.0-6ubuntu14.7 [40.1 kB]\nGet:2 http://mg.archive.ubuntu.com/ubuntu jammy-updates/main amd64 libnginx-mod-http-geoip2 amd64 1.18.0-6ubuntu14.7 [12.0 kB]\nGet:3 http://mg.archive.ubuntu.com/ubuntu jammy-updates/main amd64 libnginx-mod-http-image-filter amd64 1.18.0-6ubuntu14.7 [15.5 kB]\nGet:4 http://mg.archive.ubuntu.com/ubuntu jammy-updates/main amd64 libnginx-mod-http-xslt-filter amd64 1.18.0-6ubuntu14.7 [13.8 kB]\nGet:5 http://mg.archive.ubuntu.com/ubuntu jammy-updates/main amd64 libnginx-mod-mail amd64 1.18.0-6ubuntu14.7 [45.8 kB]\nGet:6 http://mg.archive.ubuntu.com/ubuntu jammy-updates/main amd64 libnginx-mod-stream amd64 1.18.0-6ubuntu14.7 [73.0 kB]\nGet:7 http://mg.archive.ubuntu.com/ubuntu jammy-updates/main amd64 libnginx-mod-stream-geoip2 amd64 1.18.0-6ubuntu14.7 [10.1 kB]\nGet:8 http://mg.archive.ubuntu.com/ubuntu jammy-updates/main amd64 nginx-core amd64 1.18.0-6ubuntu14.7 [483 kB]\nGet:9 http://mg.archive.ubuntu.com/ubuntu jammy-updates/main amd64 nginx amd64 1.18.0-6ubuntu14.7 [3878 B]\nGet:10 http://mg.archive.ubuntu.com/ubuntu jammy/universe amd64 python3-certbot-nginx all 1.21.0-1 [35.4 kB]\nPreconfiguring packages ...\nFetched 733 kB in 2s (329 kB/s)\nSelecting previously unselected package nginx-common.\r\n(Reading database ... \r(Reading database ... 5%\r(Reading database ... 10%\r(Reading database ... 15%\r(Reading database ... 20%\r(Reading database ... 25%\r(Reading database ... 30%\r(Reading database ... 35%\r(Reading database ... 40%\r(Reading database ... 45%\r(Reading database ... 50%\r(Reading database ... 55%\r(Reading database ... 60%\r(Reading database ... 65%\r(Reading database ... 70%\r(Reading database ... 75%\r(Reading database ... 80%\r(Reading database ... 85%\r(Reading database ... 90%\r(Reading database ... 95%\r(Reading database ... 100%\r(Reading database ... 288454 files and directories currently installed.)\r\nPreparing to unpack .../0-nginx-common_1.18.0-6ubuntu14.7_all.deb ...\r\nUnpacking nginx-common (1.18.0-6ubuntu14.7) ...\r\nSelecting previously unselected package libnginx-mod-http-geoip2.\r\nPreparing to unpack .../1-libnginx-mod-http-geoip2_1.18.0-6ubuntu14.7_amd64.deb ...\r\nUnpacking libnginx-mod-http-geoip2 (1.18.0-6ubuntu14.7) ...\r\nSelecting previously unselected package libnginx-mod-http-image-filter.\r\nPreparing to unpack .../2-libnginx-mod-http-image-filter_1.18.0-6ubuntu14.7_amd64.deb ...\r\nUnpacking libnginx-mod-http-image-filter (1.18.0-6ubuntu14.7) ...\r\nSelecting previously unselected package libnginx-mod-http-xslt-filter.\r\nPreparing to unpack .../3-libnginx-mod-http-xslt-filter_1.18.0-6ubuntu14.7_amd64.deb ...\r\nUnpacking libnginx-mod-http-xslt-filter (1.18.0-6ubuntu14.7) ...\r\nSelecting previously unselected package libnginx-mod-mail.\r\nPreparing to unpack .../4-libnginx-mod-mail_1.18.0-6ubuntu14.7_amd64.deb ...\r\nUnpacking libnginx-mod-mail (1.18.0-6ubuntu14.7) ...\r\nSelecting previously unselected package libnginx-mod-stream.\r\nPreparing to unpack .../5-libnginx-mod-stream_1.18.0-6ubuntu14.7_amd64.deb ...\r\nUnpacking libnginx-mod-stream (1.18.0-6ubuntu14.7) ...\r\nSelecting previously unselected package libnginx-mod-stream-geoip2.\r\nPreparing to unpack .../6-libnginx-mod-stream-geoip2_1.18.0-6ubuntu14.7_amd64.deb ...\r\nUnpacking libnginx-mod-stream-geoip2 (1.18.0-6ubuntu14.7) ...\r\nSelecting previously unselected package nginx-core.\r\nPreparing to unpack .../7-nginx-core_1.18.0-6ubuntu14.7_amd64.deb ...\r\nUnpacking nginx-core (1.18.0-6ubuntu14.7) ...\r\nSelecting previously unselected package nginx.\r\nPreparing to unpack .../8-nginx_1.18.0-6ubuntu14.7_amd64.deb ...\r\nUnpacking nginx (1.18.0-6ubuntu14.7) ...\r\nSelecting previously unselected package python3-certbot-nginx.\r\nPreparing to unpack .../9-python3-certbot-nginx_1.21.0-1_all.deb ...\r\nUnpacking python3-certbot-nginx (1.21.0-1) ...\r\nSetting up nginx-common (1.18.0-6ubuntu14.7) ...\r\nCreated symlink /etc/systemd/system/multi-user.target.wants/nginx.service → /lib/systemd/system/nginx.service.\r\nCould not execute systemctl:  at /usr/bin/deb-systemd-invoke line 142.\r\nSetting up libnginx-mod-http-xslt-filter (1.18.0-6ubuntu14.7) ...\r\nSetting up libnginx-mod-http-geoip2 (1.18.0-6ubuntu14.7) ...\r\nSetting up libnginx-mod-mail (1.18.0-6ubuntu14.7) ...\r\nSetting up libnginx-mod-http-image-filter (1.18.0-6ubuntu14.7) ...\r\nSetting up libnginx-mod-stream (1.18.0-6ubuntu14.7) ...\r\nSetting up libnginx-mod-stream-geoip2 (1.18.0-6ubuntu14.7) ...\r\nSetting up nginx-core (1.18.0-6ubuntu14.7) ...\r\nNot attempting to start NGINX, port 80 is already in use.\r\nSetting up nginx (1.18.0-6ubuntu14.7) ...\r\nSetting up python3-certbot-nginx (1.21.0-1) ...\r\nProcessing triggers for man-db (2.10.2-1) ...\r\nProcessing triggers for ufw (0.36.1-4ubuntu0.1) ...\r\n",
    "stdout_lines": [
        "Reading package lists...",
        "Building dependency tree...",
        "Reading state information...",
        "The following packages were automatically installed and are no longer required:",
        "  arduino-builder arduino-core-avr arduino-ctags avr-libc avrdude binutils-avr",
        "  extra-xdg-menus gcc-avr java-wrappers libapache-pom-java libastylej-jni",
        "  libbatik-java libbcpg-java libbcprov-java libcommons-codec-java",
        "  libcommons-compress-java libcommons-exec-java libcommons-io-java",
        "  libcommons-lang3-java libcommons-logging-java libcommons-net-java",
        "  libcommons-parent-java libftdi1 libgoogle-gson-java libhidapi-libusb0",
        "  libhttpclient-java libhttpcore-java libjackson2-annotations-java",
        "  libjackson2-core-java libjackson2-databind-java libjaxp1.3-java",
        "  libjmdns-java libjna-java libjna-jni libjna-platform-java libjsch-java",
        "  libjssc-java libjzlib-java liblightcouch-java liblistserialsj-dev",
        "  liblistserialsj1 liblog4j2-java libmongodb-java librsyntaxtextarea-java",
        "  librxtx-java libsemver-java libserialport0 libslf4j-java libusb-0.1-4",
        "  libxalan2-java libxerces2-java libxml-commons-external-java",
        "  libxml-commons-resolver1.1-java libxmlgraphics-commons-java",
        "Use 'sudo apt autoremove' to remove them.",
        "The following additional packages will be installed:",
        "  libnginx-mod-http-geoip2 libnginx-mod-http-image-filter",
        "  libnginx-mod-http-xslt-filter libnginx-mod-mail libnginx-mod-stream",
        "  libnginx-mod-stream-geoip2 nginx-common nginx-core",
        "Suggested packages:",
        "  fcgiwrap nginx-doc python-certbot-nginx-doc",
        "The following NEW packages will be installed:",
        "  libnginx-mod-http-geoip2 libnginx-mod-http-image-filter",
        "  libnginx-mod-http-xslt-filter libnginx-mod-mail libnginx-mod-stream",
        "  libnginx-mod-stream-geoip2 nginx nginx-common nginx-core",
        "  python3-certbot-nginx",
        "0 upgraded, 10 newly installed, 0 to remove and 38 not upgraded.",
        "Need to get 733 kB of archives.",
        "After this operation, 2553 kB of additional disk space will be used.",
        "Get:1 http://mg.archive.ubuntu.com/ubuntu jammy-updates/main amd64 nginx-common all 1.18.0-6ubuntu14.7 [40.1 kB]",
        "Get:2 http://mg.archive.ubuntu.com/ubuntu jammy-updates/main amd64 libnginx-mod-http-geoip2 amd64 1.18.0-6ubuntu14.7 [12.0 kB]",
        "Get:3 http://mg.archive.ubuntu.com/ubuntu jammy-updates/main amd64 libnginx-mod-http-image-filter amd64 1.18.0-6ubuntu14.7 [15.5 kB]",
        "Get:4 http://mg.archive.ubuntu.com/ubuntu jammy-updates/main amd64 libnginx-mod-http-xslt-filter amd64 1.18.0-6ubuntu14.7 [13.8 kB]",
        "Get:5 http://mg.archive.ubuntu.com/ubuntu jammy-updates/main amd64 libnginx-mod-mail amd64 1.18.0-6ubuntu14.7 [45.8 kB]",
        "Get:6 http://mg.archive.ubuntu.com/ubuntu jammy-updates/main amd64 libnginx-mod-stream amd64 1.18.0-6ubuntu14.7 [73.0 kB]",
        "Get:7 http://mg.archive.ubuntu.com/ubuntu jammy-updates/main amd64 libnginx-mod-stream-geoip2 amd64 1.18.0-6ubuntu14.7 [10.1 kB]",
        "Get:8 http://mg.archive.ubuntu.com/ubuntu jammy-updates/main amd64 nginx-core amd64 1.18.0-6ubuntu14.7 [483 kB]",
        "Get:9 http://mg.archive.ubuntu.com/ubuntu jammy-updates/main amd64 nginx amd64 1.18.0-6ubuntu14.7 [3878 B]",
        "Get:10 http://mg.archive.ubuntu.com/ubuntu jammy/universe amd64 python3-certbot-nginx all 1.21.0-1 [35.4 kB]",
        "Preconfiguring packages ...",
        "Fetched 733 kB in 2s (329 kB/s)",
        "Selecting previously unselected package nginx-common.",
        "(Reading database ... ",
        "(Reading database ... 5%",
        "(Reading database ... 10%",
        "(Reading database ... 15%",
        "(Reading database ... 20%",
        "(Reading database ... 25%",
        "(Reading database ... 30%",
        "(Reading database ... 35%",
        "(Reading database ... 40%",
        "(Reading database ... 45%",
        "(Reading database ... 50%",
        "(Reading database ... 55%",
        "(Reading database ... 60%",
        "(Reading database ... 65%",
        "(Reading database ... 70%",
        "(Reading database ... 75%",
        "(Reading database ... 80%",
        "(Reading database ... 85%",
        "(Reading database ... 90%",
        "(Reading database ... 95%",
        "(Reading database ... 100%",
        "(Reading database ... 288454 files and directories currently installed.)",
        "Preparing to unpack .../0-nginx-common_1.18.0-6ubuntu14.7_all.deb ...",
        "Unpacking nginx-common (1.18.0-6ubuntu14.7) ...",
        "Selecting previously unselected package libnginx-mod-http-geoip2.",
        "Preparing to unpack .../1-libnginx-mod-http-geoip2_1.18.0-6ubuntu14.7_amd64.deb ...",
        "Unpacking libnginx-mod-http-geoip2 (1.18.0-6ubuntu14.7) ...",
        "Selecting previously unselected package libnginx-mod-http-image-filter.",
        "Preparing to unpack .../2-libnginx-mod-http-image-filter_1.18.0-6ubuntu14.7_amd64.deb ...",
        "Unpacking libnginx-mod-http-image-filter (1.18.0-6ubuntu14.7) ...",
        "Selecting previously unselected package libnginx-mod-http-xslt-filter.",
        "Preparing to unpack .../3-libnginx-mod-http-xslt-filter_1.18.0-6ubuntu14.7_amd64.deb ...",
        "Unpacking libnginx-mod-http-xslt-filter (1.18.0-6ubuntu14.7) ...",
        "Selecting previously unselected package libnginx-mod-mail.",
        "Preparing to unpack .../4-libnginx-mod-mail_1.18.0-6ubuntu14.7_amd64.deb ...",
        "Unpacking libnginx-mod-mail (1.18.0-6ubuntu14.7) ...",
        "Selecting previously unselected package libnginx-mod-stream.",
        "Preparing to unpack .../5-libnginx-mod-stream_1.18.0-6ubuntu14.7_amd64.deb ...",
        "Unpacking libnginx-mod-stream (1.18.0-6ubuntu14.7) ...",
        "Selecting previously unselected package libnginx-mod-stream-geoip2.",
        "Preparing to unpack .../6-libnginx-mod-stream-geoip2_1.18.0-6ubuntu14.7_amd64.deb ...",
        "Unpacking libnginx-mod-stream-geoip2 (1.18.0-6ubuntu14.7) ...",
        "Selecting previously unselected package nginx-core.",
        "Preparing to unpack .../7-nginx-core_1.18.0-6ubuntu14.7_amd64.deb ...",
        "Unpacking nginx-core (1.18.0-6ubuntu14.7) ...",
        "Selecting previously unselected package nginx.",
        "Preparing to unpack .../8-nginx_1.18.0-6ubuntu14.7_amd64.deb ...",
        "Unpacking nginx (1.18.0-6ubuntu14.7) ...",
        "Selecting previously unselected package python3-certbot-nginx.",
        "Preparing to unpack .../9-python3-certbot-nginx_1.21.0-1_all.deb ...",
        "Unpacking python3-certbot-nginx (1.21.0-1) ...",
        "Setting up nginx-common (1.18.0-6ubuntu14.7) ...",
        "Created symlink /etc/systemd/system/multi-user.target.wants/nginx.service → /lib/systemd/system/nginx.service.",
        "Could not execute systemctl:  at /usr/bin/deb-systemd-invoke line 142.",
        "Setting up libnginx-mod-http-xslt-filter (1.18.0-6ubuntu14.7) ...",
        "Setting up libnginx-mod-http-geoip2 (1.18.0-6ubuntu14.7) ...",
        "Setting up libnginx-mod-mail (1.18.0-6ubuntu14.7) ...",
        "Setting up libnginx-mod-http-image-filter (1.18.0-6ubuntu14.7) ...",
        "Setting up libnginx-mod-stream (1.18.0-6ubuntu14.7) ...",
        "Setting up libnginx-mod-stream-geoip2 (1.18.0-6ubuntu14.7) ...",
        "Setting up nginx-core (1.18.0-6ubuntu14.7) ...",
        "Not attempting to start NGINX, port 80 is already in use.",
        "Setting up nginx (1.18.0-6ubuntu14.7) ...",
        "Setting up python3-certbot-nginx (1.21.0-1) ...",
        "Processing triggers for man-db (2.10.2-1) ...",
        "Processing triggers for ufw (0.36.1-4ubuntu0.1) ..."
    ]
}
2025-12-20 14:44:44,934 p=190168 u=manda n=ansible INFO| TASK [mit-tls : 🔒 TLS - Créer répertoires SSL] ********************************
2025-12-20 14:44:44,935 p=190168 u=manda n=ansible INFO| task path: /home/manda/Documents/MITL2/PROJETRESEAUXS4/ANSIBLE-MIT/projet_ansible/roles/mit-tls/tasks/main.yml:11
2025-12-20 14:44:45,269 p=190168 u=manda n=ansible INFO| Using module file /usr/lib/python3/dist-packages/ansible/modules/file.py
2025-12-20 14:44:45,270 p=190168 u=manda n=ansible INFO| Pipelining is enabled.
2025-12-20 14:44:45,270 p=190168 u=manda n=ansible INFO| <192.168.1.29> ESTABLISH SSH CONNECTION FOR USER: nax
2025-12-20 14:44:45,271 p=190168 u=manda n=ansible INFO| <192.168.1.29> SSH: EXEC ssh -o ControlMaster=auto -o ControlPersist=60s -o StrictHostKeyChecking=no -o 'User="nax"' -o ConnectTimeout=30 -o 'ControlPath="/home/manda/.ansible/cp/a66f51d0c3"' -o NumberOfPasswordPrompts=1 192.168.1.29 '/bin/sh -c '"'"'sudo -H -S -p "[sudo via ansible, key=oqlbqhuzhrfnfoefdzmqapojcyhrqvli] password:" -u root /bin/sh -c '"'"'"'"'"'"'"'"'echo BECOME-SUCCESS-oqlbqhuzhrfnfoefdzmqapojcyhrqvli ; /usr/local/bin/python3.13'"'"'"'"'"'"'"'"' && sleep 0'"'"''
2025-12-20 14:44:45,382 p=190168 u=manda n=ansible INFO| <192.168.1.29> Escalation succeeded
2025-12-20 14:44:46,058 p=190168 u=manda n=ansible INFO| <192.168.1.29> (0, b'\n{"path": "/etc/nginx/ssl", "changed": true, "uid": 0, "gid": 0, "owner": "root", "group": "root", "mode": "0755", "state": "directory", "size": 4096, "invocation": {"module_args": {"group": "root", "mode": "0755", "owner": "root", "path": "/etc/nginx/ssl", "state": "directory", "recurse": false, "force": false, "follow": true, "modification_time_format": "%Y%m%d%H%M.%S", "access_time_format": "%Y%m%d%H%M.%S", "unsafe_writes": false, "_original_basename": null, "_diff_peek": null, "src": null, "modification_time": null, "access_time": null, "seuser": null, "serole": null, "selevel": null, "setype": null, "attributes": null}}}\n', b'')
2025-12-20 14:44:46,067 p=190168 u=manda n=ansible INFO| changed: [pc2] => (item=/etc/nginx/ssl) => {
    "ansible_loop_var": "item",
    "changed": true,
    "gid": 0,
    "group": "root",
    "invocation": {
        "module_args": {
            "_diff_peek": null,
            "_original_basename": null,
            "access_time": null,
            "access_time_format": "%Y%m%d%H%M.%S",
            "attributes": null,
            "follow": true,
            "force": false,
            "group": "root",
            "mode": "0755",
            "modification_time": null,
            "modification_time_format": "%Y%m%d%H%M.%S",
            "owner": "root",
            "path": "/etc/nginx/ssl",
            "recurse": false,
            "selevel": null,
            "serole": null,
            "setype": null,
            "seuser": null,
            "src": null,
            "state": "directory",
            "unsafe_writes": false
        }
    },
    "item": "/etc/nginx/ssl",
    "mode": "0755",
    "owner": "root",
    "path": "/etc/nginx/ssl",
    "size": 4096,
    "state": "directory",
    "uid": 0
}
2025-12-20 14:44:46,076 p=190168 u=manda n=ansible INFO| Using module file /usr/lib/python3/dist-packages/ansible/modules/file.py
2025-12-20 14:44:46,077 p=190168 u=manda n=ansible INFO| Pipelining is enabled.
2025-12-20 14:44:46,077 p=190168 u=manda n=ansible INFO| <192.168.1.29> ESTABLISH SSH CONNECTION FOR USER: nax
2025-12-20 14:44:46,078 p=190168 u=manda n=ansible INFO| <192.168.1.29> SSH: EXEC ssh -o ControlMaster=auto -o ControlPersist=60s -o StrictHostKeyChecking=no -o 'User="nax"' -o ConnectTimeout=30 -o 'ControlPath="/home/manda/.ansible/cp/a66f51d0c3"' -o NumberOfPasswordPrompts=1 192.168.1.29 '/bin/sh -c '"'"'sudo -H -S -p "[sudo via ansible, key=ejsjxjorjetdewxeywqjvwzmeahqugum] password:" -u root /bin/sh -c '"'"'"'"'"'"'"'"'echo BECOME-SUCCESS-ejsjxjorjetdewxeywqjvwzmeahqugum ; /usr/local/bin/python3.13'"'"'"'"'"'"'"'"' && sleep 0'"'"''
2025-12-20 14:44:46,201 p=190168 u=manda n=ansible INFO| <192.168.1.29> Escalation succeeded
2025-12-20 14:44:46,749 p=190168 u=manda n=ansible INFO| <192.168.1.29> (0, b'\n{"path": "/var/www/certbot", "changed": true, "uid": 0, "gid": 0, "owner": "root", "group": "root", "mode": "0755", "state": "directory", "size": 4096, "invocation": {"module_args": {"group": "root", "mode": "0755", "owner": "root", "path": "/var/www/certbot", "state": "directory", "recurse": false, "force": false, "follow": true, "modification_time_format": "%Y%m%d%H%M.%S", "access_time_format": "%Y%m%d%H%M.%S", "unsafe_writes": false, "_original_basename": null, "_diff_peek": null, "src": null, "modification_time": null, "access_time": null, "seuser": null, "serole": null, "selevel": null, "setype": null, "attributes": null}}}\n', b'')
2025-12-20 14:44:46,756 p=190168 u=manda n=ansible INFO| changed: [pc2] => (item=/var/www/certbot) => {
    "ansible_loop_var": "item",
    "changed": true,
    "gid": 0,
    "group": "root",
    "invocation": {
        "module_args": {
            "_diff_peek": null,
            "_original_basename": null,
            "access_time": null,
            "access_time_format": "%Y%m%d%H%M.%S",
            "attributes": null,
            "follow": true,
            "force": false,
            "group": "root",
            "mode": "0755",
            "modification_time": null,
            "modification_time_format": "%Y%m%d%H%M.%S",
            "owner": "root",
            "path": "/var/www/certbot",
            "recurse": false,
            "selevel": null,
            "serole": null,
            "setype": null,
            "seuser": null,
            "src": null,
            "state": "directory",
            "unsafe_writes": false
        }
    },
    "item": "/var/www/certbot",
    "mode": "0755",
    "owner": "root",
    "path": "/var/www/certbot",
    "size": 4096,
    "state": "directory",
    "uid": 0
}
2025-12-20 14:44:46,771 p=190168 u=manda n=ansible INFO| TASK [mit-tls : 🔒 TLS - Arrêter Nginx temporairement pour Certbot] ************
2025-12-20 14:44:46,771 p=190168 u=manda n=ansible INFO| task path: /home/manda/Documents/MITL2/PROJETRESEAUXS4/ANSIBLE-MIT/projet_ansible/roles/mit-tls/tasks/main.yml:22
2025-12-20 14:44:46,821 p=190168 u=manda n=ansible INFO| skipping: [pc2] => {
    "changed": false,
    "false_condition": "tls_auto_renew | default(false)",
    "skip_reason": "Conditional result was False"
}
2025-12-20 14:44:46,834 p=190168 u=manda n=ansible INFO| TASK [mit-tls : 🔒 TLS - Générer certificat Let's Encrypt] *********************
2025-12-20 14:44:46,834 p=190168 u=manda n=ansible INFO| task path: /home/manda/Documents/MITL2/PROJETRESEAUXS4/ANSIBLE-MIT/projet_ansible/roles/mit-tls/tasks/main.yml:28
2025-12-20 14:44:46,878 p=190168 u=manda n=ansible INFO| skipping: [pc2] => {
    "changed": false,
    "false_condition": "tls_auto_renew | default(false)",
    "skip_reason": "Conditional result was False"
}
2025-12-20 14:44:46,891 p=190168 u=manda n=ansible INFO| TASK [mit-tls : 🔒 TLS - Générer certificat auto-signé (développement)] ********
2025-12-20 14:44:46,891 p=190168 u=manda n=ansible INFO| task path: /home/manda/Documents/MITL2/PROJETRESEAUXS4/ANSIBLE-MIT/projet_ansible/roles/mit-tls/tasks/main.yml:41
2025-12-20 14:44:47,197 p=190168 u=manda n=ansible INFO| Using module file /usr/lib/python3/dist-packages/ansible/modules/command.py
2025-12-20 14:44:47,198 p=190168 u=manda n=ansible INFO| Pipelining is enabled.
2025-12-20 14:44:47,198 p=190168 u=manda n=ansible INFO| <192.168.1.29> ESTABLISH SSH CONNECTION FOR USER: nax
2025-12-20 14:44:47,199 p=190168 u=manda n=ansible INFO| <192.168.1.29> SSH: EXEC ssh -o ControlMaster=auto -o ControlPersist=60s -o StrictHostKeyChecking=no -o 'User="nax"' -o ConnectTimeout=30 -o 'ControlPath="/home/manda/.ansible/cp/a66f51d0c3"' -o NumberOfPasswordPrompts=1 192.168.1.29 '/bin/sh -c '"'"'sudo -H -S -p "[sudo via ansible, key=tikuhzidsdhwvzwqisyqswftajntdcld] password:" -u root /bin/sh -c '"'"'"'"'"'"'"'"'echo BECOME-SUCCESS-tikuhzidsdhwvzwqisyqswftajntdcld ; /usr/local/bin/python3.13'"'"'"'"'"'"'"'"' && sleep 0'"'"''
2025-12-20 14:44:47,334 p=190168 u=manda n=ansible INFO| <192.168.1.29> Escalation succeeded
2025-12-20 14:44:48,085 p=190168 u=manda n=ansible INFO| <192.168.1.29> (0, b'\n{"changed": true, "stdout": "", "stderr": "..+.........+.......+...+.........+.....+.+..+++++++++++++++++++++++++++++++++++++++++++++++++++++++++++++++++*.....+++++++++++++++++++++++++++++++++++++++++++++++++++++++++++++++++*.......+...........+...+...................+.....+.+.........+.....+......+....+...+..+.+...........+.........+.......+........+......+......+...+....+..+.+.........+...+.....+.+......+...........+....+......+.................+...+...+............+....+......+.....+............+...+.......+..+...+.+...............+..+.......+...+..+................+.....+.+...........+...+.+......+++++++++++++++++++++++++++++++++++++++++++++++++++++++++++++++++\\n..+......+.+........+....+..+...................+..............+...+.......+...........+.+...+...........+++++++++++++++++++++++++++++++++++++++++++++++++++++++++++++++++*...+...+...+...+......+...............+.+...+..............+.+.........+...............+..+...+.+......+++++++++++++++++++++++++++++++++++++++++++++++++++++++++++++++++*.................+.+..+..........+.....+...+++++++++++++++++++++++++++++++++++++++++++++++++++++++++++++++++\\n-----", "rc": 0, "cmd": ["openssl", "req", "-x509", "-nodes", "-days", "365", "-newkey", "rsa:2048", "-keyout", "/etc/nginx/ssl/pc2.local.key", "-out", "/etc/nginx/ssl/pc2.local.crt", "-subj", "/C=MG/ST=Antananarivo/L=Antananarivo/O=MIT/CN=pc2.local"], "start": "2025-12-20 09:46:05.903439", "end": "2025-12-20 09:46:06.158159", "delta": "0:00:00.254720", "msg": "", "invocation": {"module_args": {"_raw_params": "openssl req -x509 -nodes -days 365 -newkey rsa:2048 -keyout /etc/nginx/ssl/pc2.local.key -out /etc/nginx/ssl/pc2.local.crt -subj \\"/C=MG/ST=Antananarivo/L=Antananarivo/O=MIT/CN=pc2.local\\"\\n", "creates": "/etc/nginx/ssl/pc2.local.crt", "_uses_shell": false, "expand_argument_vars": true, "stdin_add_newline": true, "strip_empty_ends": true, "cmd": null, "argv": null, "chdir": null, "executable": null, "removes": null, "stdin": null}}}\n', b'')
2025-12-20 14:44:48,093 p=190168 u=manda n=ansible INFO| changed: [pc2] => {
    "changed": true,
    "cmd": [
        "openssl",
        "req",
        "-x509",
        "-nodes",
        "-days",
        "365",
        "-newkey",
        "rsa:2048",
        "-keyout",
        "/etc/nginx/ssl/pc2.local.key",
        "-out",
        "/etc/nginx/ssl/pc2.local.crt",
        "-subj",
        "/C=MG/ST=Antananarivo/L=Antananarivo/O=MIT/CN=pc2.local"
    ],
    "delta": "0:00:00.254720",
    "end": "2025-12-20 09:46:06.158159",
    "invocation": {
        "module_args": {
            "_raw_params": "openssl req -x509 -nodes -days 365 -newkey rsa:2048 -keyout /etc/nginx/ssl/pc2.local.key -out /etc/nginx/ssl/pc2.local.crt -subj \"/C=MG/ST=Antananarivo/L=Antananarivo/O=MIT/CN=pc2.local\"\n",
            "_uses_shell": false,
            "argv": null,
            "chdir": null,
            "cmd": null,
            "creates": "/etc/nginx/ssl/pc2.local.crt",
            "executable": null,
            "expand_argument_vars": true,
            "removes": null,
            "stdin": null,
            "stdin_add_newline": true,
            "strip_empty_ends": true
        }
    },
    "msg": "",
    "rc": 0,
    "start": "2025-12-20 09:46:05.903439",
    "stderr": "..+.........+.......+...+.........+.....+.+..+++++++++++++++++++++++++++++++++++++++++++++++++++++++++++++++++*.....+++++++++++++++++++++++++++++++++++++++++++++++++++++++++++++++++*.......+...........+...+...................+.....+.+.........+.....+......+....+...+..+.+...........+.........+.......+........+......+......+...+....+..+.+.........+...+.....+.+......+...........+....+......+.................+...+...+............+....+......+.....+............+...+.......+..+...+.+...............+..+.......+...+..+................+.....+.+...........+...+.+......+++++++++++++++++++++++++++++++++++++++++++++++++++++++++++++++++\n..+......+.+........+....+..+...................+..............+...+.......+...........+.+...+...........+++++++++++++++++++++++++++++++++++++++++++++++++++++++++++++++++*...+...+...+...+......+...............+.+...+..............+.+.........+...............+..+...+.+......+++++++++++++++++++++++++++++++++++++++++++++++++++++++++++++++++*.................+.+..+..........+.....+...+++++++++++++++++++++++++++++++++++++++++++++++++++++++++++++++++\n-----",
    "stderr_lines": [
        "..+.........+.......+...+.........+.....+.+..+++++++++++++++++++++++++++++++++++++++++++++++++++++++++++++++++*.....+++++++++++++++++++++++++++++++++++++++++++++++++++++++++++++++++*.......+...........+...+...................+.....+.+.........+.....+......+....+...+..+.+...........+.........+.......+........+......+......+...+....+..+.+.........+...+.....+.+......+...........+....+......+.................+...+...+............+....+......+.....+............+...+.......+..+...+.+...............+..+.......+...+..+................+.....+.+...........+...+.+......+++++++++++++++++++++++++++++++++++++++++++++++++++++++++++++++++",
        "..+......+.+........+....+..+...................+..............+...+.......+...........+.+...+...........+++++++++++++++++++++++++++++++++++++++++++++++++++++++++++++++++*...+...+...+...+......+...............+.+...+..............+.+.........+...............+..+...+.+......+++++++++++++++++++++++++++++++++++++++++++++++++++++++++++++++++*.................+.+..+..........+.....+...+++++++++++++++++++++++++++++++++++++++++++++++++++++++++++++++++",
        "-----"
    ],
    "stdout": "",
    "stdout_lines": []
}
2025-12-20 14:44:48,118 p=190168 u=manda n=ansible INFO| TASK [mit-tls : 🔒 TLS - Copier certificats Let's Encrypt vers Nginx] **********
2025-12-20 14:44:48,119 p=190168 u=manda n=ansible INFO| task path: /home/manda/Documents/MITL2/PROJETRESEAUXS4/ANSIBLE-MIT/projet_ansible/roles/mit-tls/tasks/main.yml:51
2025-12-20 14:44:48,183 p=190168 u=manda n=ansible INFO| skipping: [pc2] => (item={'src': '/etc/letsencrypt/live/pc2.local/fullchain.pem', 'dest': '/etc/nginx/ssl/pc2.local.crt'})  => {
    "ansible_loop_var": "item",
    "changed": false,
    "false_condition": "tls_auto_renew | default(false) and certbot_result is succeeded",
    "item": {
        "dest": "/etc/nginx/ssl/pc2.local.crt",
        "src": "/etc/letsencrypt/live/pc2.local/fullchain.pem"
    },
    "skip_reason": "Conditional result was False"
}
2025-12-20 14:44:48,189 p=190168 u=manda n=ansible INFO| skipping: [pc2] => (item={'src': '/etc/letsencrypt/live/pc2.local/privkey.pem', 'dest': '/etc/nginx/ssl/pc2.local.key'})  => {
    "ansible_loop_var": "item",
    "changed": false,
    "false_condition": "tls_auto_renew | default(false) and certbot_result is succeeded",
    "item": {
        "dest": "/etc/nginx/ssl/pc2.local.key",
        "src": "/etc/letsencrypt/live/pc2.local/privkey.pem"
    },
    "skip_reason": "Conditional result was False"
}
2025-12-20 14:44:48,192 p=190168 u=manda n=ansible INFO| skipping: [pc2] => {
    "changed": false,
    "msg": "All items skipped"
}
2025-12-20 14:44:48,202 p=190168 u=manda n=ansible INFO| TASK [mit-tls : 🔒 TLS - Générer paramètres Diffie-Hellman] ********************
2025-12-20 14:44:48,202 p=190168 u=manda n=ansible INFO| task path: /home/manda/Documents/MITL2/PROJETRESEAUXS4/ANSIBLE-MIT/projet_ansible/roles/mit-tls/tasks/main.yml:65
2025-12-20 14:44:48,238 p=190168 u=manda n=ansible INFO| Using module file /usr/lib/python3/dist-packages/ansible/modules/command.py
2025-12-20 14:44:48,239 p=190168 u=manda n=ansible INFO| Pipelining is enabled.
2025-12-20 14:44:48,240 p=190168 u=manda n=ansible INFO| <192.168.1.29> ESTABLISH SSH CONNECTION FOR USER: nax
2025-12-20 14:44:48,241 p=190168 u=manda n=ansible INFO| <192.168.1.29> SSH: EXEC ssh -o ControlMaster=auto -o ControlPersist=60s -o StrictHostKeyChecking=no -o 'User="nax"' -o ConnectTimeout=30 -o 'ControlPath="/home/manda/.ansible/cp/a66f51d0c3"' -o NumberOfPasswordPrompts=1 192.168.1.29 '/bin/sh -c '"'"'sudo -H -S -p "[sudo via ansible, key=bafrydmnxcaphqcndcbgcjxochvlcvzf] password:" -u root /bin/sh -c '"'"'"'"'"'"'"'"'echo BECOME-SUCCESS-bafrydmnxcaphqcndcbgcjxochvlcvzf ; /usr/local/bin/python3.13'"'"'"'"'"'"'"'"' && sleep 0'"'"''
2025-12-20 14:44:48,344 p=190168 u=manda n=ansible INFO| <192.168.1.29> Escalation succeeded
2025-12-20 14:44:56,254 p=190168 u=manda n=ansible INFO| <192.168.1.29> (0, b'\n{"changed": true, "stdout": "", "stderr": "Generating DH parameters, 2048 bit long safe prime\\n.......................................................................................................................+............................................................................................................................................................................................................................................................+.....................................................................................................................................................................................................................+....................................................................................................................................................................................+..............................................+...+..................................................................................................................................................................................................................................................................................................................................................................................................................................................................................................................................................................................................................+..................................................................................................................................................................................................................................................................++*++*++*++*++*++*++*++*++*++*++*++*++*++*++*++*++*++*++*++*++*++*++*++*++*++*++*++*++*++*++*++*++*++*++*++*++*++*++*++*++*++*++*++*++*++*++*++*++*++*++*++*++*++*++*++*++*++*++*++*++*++*++*++*", "rc": 0, "cmd": ["openssl", "dhparam", "-out", "/etc/nginx/ssl/dhparam.pem", "2048"], "start": "2025-12-20 09:46:06.891608", "end": "2025-12-20 09:46:14.297059", "delta": "0:00:07.405451", "msg": "", "invocation": {"module_args": {"_raw_params": "openssl dhparam -out /etc/nginx/ssl/dhparam.pem 2048", "creates": "/etc/nginx/ssl/dhparam.pem", "_uses_shell": false, "expand_argument_vars": true, "stdin_add_newline": true, "strip_empty_ends": true, "cmd": null, "argv": null, "chdir": null, "executable": null, "removes": null, "stdin": null}}}\n', b'')
2025-12-20 14:44:56,260 p=190168 u=manda n=ansible INFO| changed: [pc2] => {
    "changed": true,
    "cmd": [
        "openssl",
        "dhparam",
        "-out",
        "/etc/nginx/ssl/dhparam.pem",
        "2048"
    ],
    "delta": "0:00:07.405451",
    "end": "2025-12-20 09:46:14.297059",
    "invocation": {
        "module_args": {
            "_raw_params": "openssl dhparam -out /etc/nginx/ssl/dhparam.pem 2048",
            "_uses_shell": false,
            "argv": null,
            "chdir": null,
            "cmd": null,
            "creates": "/etc/nginx/ssl/dhparam.pem",
            "executable": null,
            "expand_argument_vars": true,
            "removes": null,
            "stdin": null,
            "stdin_add_newline": true,
            "strip_empty_ends": true
        }
    },
    "msg": "",
    "rc": 0,
    "start": "2025-12-20 09:46:06.891608",
    "stderr": "Generating DH parameters, 2048 bit long safe prime\n.......................................................................................................................+............................................................................................................................................................................................................................................................+.....................................................................................................................................................................................................................+....................................................................................................................................................................................+..............................................+...+..................................................................................................................................................................................................................................................................................................................................................................................................................................................................................................................................................................................................................+..................................................................................................................................................................................................................................................................++*++*++*++*++*++*++*++*++*++*++*++*++*++*++*++*++*++*++*++*++*++*++*++*++*++*++*++*++*++*++*++*++*++*++*++*++*++*++*++*++*++*++*++*++*++*++*++*++*++*++*++*++*++*++*++*++*++*++*++*++*++*++*++*",
    "stderr_lines": [
        "Generating DH parameters, 2048 bit long safe prime",
        ".......................................................................................................................+............................................................................................................................................................................................................................................................+.....................................................................................................................................................................................................................+....................................................................................................................................................................................+..............................................+...+..................................................................................................................................................................................................................................................................................................................................................................................................................................................................................................................................................................................................................+..................................................................................................................................................................................................................................................................++*++*++*++*++*++*++*++*++*++*++*++*++*++*++*++*++*++*++*++*++*++*++*++*++*++*++*++*++*++*++*++*++*++*++*++*++*++*++*++*++*++*++*++*++*++*++*++*++*++*++*++*++*++*++*++*++*++*++*++*++*++*++*++*"
    ],
    "stdout": "",
    "stdout_lines": []
}
2025-12-20 14:44:56,270 p=190168 u=manda n=ansible INFO| TASK [mit-tls : 🔒 TLS - Configuration SSL Nginx (snippet)] ********************
2025-12-20 14:44:56,270 p=190168 u=manda n=ansible INFO| task path: /home/manda/Documents/MITL2/PROJETRESEAUXS4/ANSIBLE-MIT/projet_ansible/roles/mit-tls/tasks/main.yml:70
2025-12-20 14:44:56,297 p=190168 u=manda n=ansible INFO| <192.168.1.29> ESTABLISH SSH CONNECTION FOR USER: nax
2025-12-20 14:44:56,297 p=190168 u=manda n=ansible INFO| <192.168.1.29> SSH: EXEC ssh -o ControlMaster=auto -o ControlPersist=60s -o StrictHostKeyChecking=no -o 'User="nax"' -o ConnectTimeout=30 -o 'ControlPath="/home/manda/.ansible/cp/a66f51d0c3"' -o NumberOfPasswordPrompts=1 192.168.1.29 '/bin/sh -c '"'"'echo ~nax && sleep 0'"'"''
2025-12-20 14:44:56,367 p=190168 u=manda n=ansible INFO| <192.168.1.29> (0, b'/home/nax\n', b'')
2025-12-20 14:44:56,368 p=190168 u=manda n=ansible INFO| <192.168.1.29> ESTABLISH SSH CONNECTION FOR USER: nax
2025-12-20 14:44:56,369 p=190168 u=manda n=ansible INFO| <192.168.1.29> SSH: EXEC ssh -o ControlMaster=auto -o ControlPersist=60s -o StrictHostKeyChecking=no -o 'User="nax"' -o ConnectTimeout=30 -o 'ControlPath="/home/manda/.ansible/cp/a66f51d0c3"' -o NumberOfPasswordPrompts=1 192.168.1.29 '/bin/sh -c '"'"'( umask 77 && mkdir -p "` echo /home/nax/.ansible/tmp `"&& mkdir "` echo /home/nax/.ansible/tmp/ansible-tmp-1766231096.3678083-193031-250408794943486 `" && echo ansible-tmp-1766231096.3678083-193031-250408794943486="` echo /home/nax/.ansible/tmp/ansible-tmp-1766231096.3678083-193031-250408794943486 `" ) && sleep 0'"'"''
2025-12-20 14:44:56,397 p=190168 u=manda n=ansible INFO| <192.168.1.29> (0, b'ansible-tmp-1766231096.3678083-193031-250408794943486=/home/nax/.ansible/tmp/ansible-tmp-1766231096.3678083-193031-250408794943486\n', b'')
2025-12-20 14:44:56,660 p=190168 u=manda n=ansible INFO| Using module file /usr/lib/python3/dist-packages/ansible/modules/stat.py
2025-12-20 14:44:56,662 p=190168 u=manda n=ansible INFO| Pipelining is enabled.
2025-12-20 14:44:56,665 p=190168 u=manda n=ansible INFO| <192.168.1.29> ESTABLISH SSH CONNECTION FOR USER: nax
2025-12-20 14:44:56,665 p=190168 u=manda n=ansible INFO| <192.168.1.29> SSH: EXEC ssh -o ControlMaster=auto -o ControlPersist=60s -o StrictHostKeyChecking=no -o 'User="nax"' -o ConnectTimeout=30 -o 'ControlPath="/home/manda/.ansible/cp/a66f51d0c3"' -o NumberOfPasswordPrompts=1 192.168.1.29 '/bin/sh -c '"'"'sudo -H -S -p "[sudo via ansible, key=ntowfzcbpmujkqumiyjpkzzdvdsnfokt] password:" -u root /bin/sh -c '"'"'"'"'"'"'"'"'echo BECOME-SUCCESS-ntowfzcbpmujkqumiyjpkzzdvdsnfokt ; /usr/local/bin/python3.13'"'"'"'"'"'"'"'"' && sleep 0'"'"''
2025-12-20 14:44:56,852 p=190168 u=manda n=ansible INFO| <192.168.1.29> Escalation succeeded
2025-12-20 14:44:57,383 p=190168 u=manda n=ansible INFO| <192.168.1.29> (0, b'\n{"changed": false, "stat": {"exists": false}, "invocation": {"module_args": {"path": "/etc/nginx/snippets/ssl-params.conf", "follow": false, "get_checksum": true, "get_size": false, "checksum_algorithm": "sha1", "get_mime": true, "get_attributes": true}}}\n', b'')
2025-12-20 14:44:57,387 p=190168 u=manda n=ansible INFO| <192.168.1.29> PUT /home/manda/.ansible/tmp/ansible-local-190168x9l0j5g1/.nz79leve TO /home/nax/.ansible/tmp/ansible-tmp-1766231096.3678083-193031-250408794943486/.source.conf
2025-12-20 14:44:57,388 p=190168 u=manda n=ansible INFO| <192.168.1.29> SSH: EXEC sftp -o BatchMode=no -b - -o ControlMaster=auto -o ControlPersist=60s -o StrictHostKeyChecking=no -o 'User="nax"' -o ConnectTimeout=30 -o 'ControlPath="/home/manda/.ansible/cp/a66f51d0c3"' -o NumberOfPasswordPrompts=1 '[192.168.1.29]'
2025-12-20 14:44:57,461 p=190168 u=manda n=ansible INFO| <192.168.1.29> (0, b'sftp> put /home/manda/.ansible/tmp/ansible-local-190168x9l0j5g1/.nz79leve /home/nax/.ansible/tmp/ansible-tmp-1766231096.3678083-193031-250408794943486/.source.conf\n', b'')
2025-12-20 14:44:57,462 p=190168 u=manda n=ansible INFO| <192.168.1.29> ESTABLISH SSH CONNECTION FOR USER: nax
2025-12-20 14:44:57,462 p=190168 u=manda n=ansible INFO| <192.168.1.29> SSH: EXEC ssh -o ControlMaster=auto -o ControlPersist=60s -o StrictHostKeyChecking=no -o 'User="nax"' -o ConnectTimeout=30 -o 'ControlPath="/home/manda/.ansible/cp/a66f51d0c3"' -o NumberOfPasswordPrompts=1 192.168.1.29 '/bin/sh -c '"'"'chmod u+rwx /home/nax/.ansible/tmp/ansible-tmp-1766231096.3678083-193031-250408794943486/ /home/nax/.ansible/tmp/ansible-tmp-1766231096.3678083-193031-250408794943486/.source.conf && sleep 0'"'"''
2025-12-20 14:44:57,505 p=190168 u=manda n=ansible INFO| <192.168.1.29> (0, b'', b'')
2025-12-20 14:44:57,798 p=190168 u=manda n=ansible INFO| Using module file /usr/lib/python3/dist-packages/ansible/modules/copy.py
2025-12-20 14:44:57,798 p=190168 u=manda n=ansible INFO| Pipelining is enabled.
2025-12-20 14:44:57,799 p=190168 u=manda n=ansible INFO| <192.168.1.29> ESTABLISH SSH CONNECTION FOR USER: nax
2025-12-20 14:44:57,799 p=190168 u=manda n=ansible INFO| <192.168.1.29> SSH: EXEC ssh -o ControlMaster=auto -o ControlPersist=60s -o StrictHostKeyChecking=no -o 'User="nax"' -o ConnectTimeout=30 -o 'ControlPath="/home/manda/.ansible/cp/a66f51d0c3"' -o NumberOfPasswordPrompts=1 192.168.1.29 '/bin/sh -c '"'"'sudo -H -S -p "[sudo via ansible, key=injowrknybvggkyymdghdlxtzohfzmqg] password:" -u root /bin/sh -c '"'"'"'"'"'"'"'"'echo BECOME-SUCCESS-injowrknybvggkyymdghdlxtzohfzmqg ; /usr/local/bin/python3.13'"'"'"'"'"'"'"'"' && sleep 0'"'"''
2025-12-20 14:44:57,897 p=190168 u=manda n=ansible INFO| <192.168.1.29> Escalation succeeded
2025-12-20 14:44:58,404 p=190168 u=manda n=ansible INFO| <192.168.1.29> (0, b'\n{"dest": "/etc/nginx/snippets/ssl-params.conf", "src": "/home/nax/.ansible/tmp/ansible-tmp-1766231096.3678083-193031-250408794943486/.source.conf", "md5sum": "0977dcc3918554ddb8fe539ae590f0cf", "checksum": "f8d7d8c8174220fa98b900fda1a74b86a40d5af8", "changed": true, "uid": 0, "gid": 0, "owner": "root", "group": "root", "mode": "0644", "state": "file", "size": 770, "invocation": {"module_args": {"dest": "/etc/nginx/snippets/ssl-params.conf", "group": "root", "mode": "0644", "owner": "root", "src": "/home/nax/.ansible/tmp/ansible-tmp-1766231096.3678083-193031-250408794943486/.source.conf", "_original_basename": ".nz79leve", "follow": false, "checksum": "f8d7d8c8174220fa98b900fda1a74b86a40d5af8", "backup": false, "force": true, "remote_src": false, "unsafe_writes": false, "content": null, "validate": null, "directory_mode": null, "local_follow": null, "seuser": null, "serole": null, "selevel": null, "setype": null, "attributes": null}}}\n', b'')
2025-12-20 14:44:58,405 p=190168 u=manda n=ansible INFO| <192.168.1.29> ESTABLISH SSH CONNECTION FOR USER: nax
2025-12-20 14:44:58,405 p=190168 u=manda n=ansible INFO| <192.168.1.29> SSH: EXEC ssh -o ControlMaster=auto -o ControlPersist=60s -o StrictHostKeyChecking=no -o 'User="nax"' -o ConnectTimeout=30 -o 'ControlPath="/home/manda/.ansible/cp/a66f51d0c3"' -o NumberOfPasswordPrompts=1 192.168.1.29 '/bin/sh -c '"'"'rm -f -r /home/nax/.ansible/tmp/ansible-tmp-1766231096.3678083-193031-250408794943486/ > /dev/null 2>&1 && sleep 0'"'"''
2025-12-20 14:44:58,431 p=190168 u=manda n=ansible INFO| <192.168.1.29> (0, b'', b'')
2025-12-20 14:44:58,434 p=190168 u=manda n=ansible INFO| changed: [pc2] => {
    "changed": true,
    "checksum": "f8d7d8c8174220fa98b900fda1a74b86a40d5af8",
    "dest": "/etc/nginx/snippets/ssl-params.conf",
    "diff": [],
    "gid": 0,
    "group": "root",
    "invocation": {
        "module_args": {
            "_original_basename": ".nz79leve",
            "attributes": null,
            "backup": false,
            "checksum": "f8d7d8c8174220fa98b900fda1a74b86a40d5af8",
            "content": null,
            "dest": "/etc/nginx/snippets/ssl-params.conf",
            "directory_mode": null,
            "follow": false,
            "force": true,
            "group": "root",
            "local_follow": null,
            "mode": "0644",
            "owner": "root",
            "remote_src": false,
            "selevel": null,
            "serole": null,
            "setype": null,
            "seuser": null,
            "src": "/home/nax/.ansible/tmp/ansible-tmp-1766231096.3678083-193031-250408794943486/.source.conf",
            "unsafe_writes": false,
            "validate": null
        }
    },
    "md5sum": "0977dcc3918554ddb8fe539ae590f0cf",
    "mode": "0644",
    "owner": "root",
    "size": 770,
    "src": "/home/nax/.ansible/tmp/ansible-tmp-1766231096.3678083-193031-250408794943486/.source.conf",
    "state": "file",
    "uid": 0
}
2025-12-20 14:44:58,450 p=190168 u=manda n=ansible INFO| TASK [mit-tls : 🔒 TLS - Configuration site HTTPS Nginx] ***********************
2025-12-20 14:44:58,450 p=190168 u=manda n=ansible INFO| task path: /home/manda/Documents/MITL2/PROJETRESEAUXS4/ANSIBLE-MIT/projet_ansible/roles/mit-tls/tasks/main.yml:98
2025-12-20 14:44:58,476 p=190168 u=manda n=ansible INFO| <192.168.1.29> ESTABLISH SSH CONNECTION FOR USER: nax
2025-12-20 14:44:58,477 p=190168 u=manda n=ansible INFO| <192.168.1.29> SSH: EXEC ssh -o ControlMaster=auto -o ControlPersist=60s -o StrictHostKeyChecking=no -o 'User="nax"' -o ConnectTimeout=30 -o 'ControlPath="/home/manda/.ansible/cp/a66f51d0c3"' -o NumberOfPasswordPrompts=1 192.168.1.29 '/bin/sh -c '"'"'echo ~nax && sleep 0'"'"''
2025-12-20 14:44:58,500 p=190168 u=manda n=ansible INFO| <192.168.1.29> (0, b'/home/nax\n', b'')
2025-12-20 14:44:58,500 p=190168 u=manda n=ansible INFO| <192.168.1.29> ESTABLISH SSH CONNECTION FOR USER: nax
2025-12-20 14:44:58,501 p=190168 u=manda n=ansible INFO| <192.168.1.29> SSH: EXEC ssh -o ControlMaster=auto -o ControlPersist=60s -o StrictHostKeyChecking=no -o 'User="nax"' -o ConnectTimeout=30 -o 'ControlPath="/home/manda/.ansible/cp/a66f51d0c3"' -o NumberOfPasswordPrompts=1 192.168.1.29 '/bin/sh -c '"'"'( umask 77 && mkdir -p "` echo /home/nax/.ansible/tmp `"&& mkdir "` echo /home/nax/.ansible/tmp/ansible-tmp-1766231098.5005755-193130-263153440811732 `" && echo ansible-tmp-1766231098.5005755-193130-263153440811732="` echo /home/nax/.ansible/tmp/ansible-tmp-1766231098.5005755-193130-263153440811732 `" ) && sleep 0'"'"''
2025-12-20 14:44:58,530 p=190168 u=manda n=ansible INFO| <192.168.1.29> (0, b'ansible-tmp-1766231098.5005755-193130-263153440811732=/home/nax/.ansible/tmp/ansible-tmp-1766231098.5005755-193130-263153440811732\n', b'')
2025-12-20 14:44:58,532 p=190168 u=manda n=ansible INFO| <192.168.1.29> ESTABLISH SSH CONNECTION FOR USER: nax
2025-12-20 14:44:58,533 p=190168 u=manda n=ansible INFO| <192.168.1.29> SSH: EXEC ssh -o ControlMaster=auto -o ControlPersist=60s -o StrictHostKeyChecking=no -o 'User="nax"' -o ConnectTimeout=30 -o 'ControlPath="/home/manda/.ansible/cp/a66f51d0c3"' -o NumberOfPasswordPrompts=1 192.168.1.29 '/bin/sh -c '"'"'rm -f -r /home/nax/.ansible/tmp/ansible-tmp-1766231098.5005755-193130-263153440811732/ > /dev/null 2>&1 && sleep 0'"'"''
2025-12-20 14:44:58,554 p=190168 u=manda n=ansible INFO| <192.168.1.29> (0, b'', b'')
2025-12-20 14:44:58,559 p=190168 u=manda n=ansible ERROR| [ERROR]: Task failed: Could not find or access 'nginx-https.conf.j2'
Searched in:
	/home/manda/Documents/MITL2/PROJETRESEAUXS4/ANSIBLE-MIT/projet_ansible/roles/mit-tls/templates/nginx-https.conf.j2
	/home/manda/Documents/MITL2/PROJETRESEAUXS4/ANSIBLE-MIT/projet_ansible/roles/mit-tls/nginx-https.conf.j2
	/home/manda/Documents/MITL2/PROJETRESEAUXS4/ANSIBLE-MIT/projet_ansible/roles/mit-tls/tasks/templates/nginx-https.conf.j2
	/home/manda/Documents/MITL2/PROJETRESEAUXS4/ANSIBLE-MIT/projet_ansible/roles/mit-tls/tasks/nginx-https.conf.j2
	/home/manda/Documents/MITL2/PROJETRESEAUXS4/ANSIBLE-MIT/projet_ansible/playbooks/templates/nginx-https.conf.j2
	/home/manda/Documents/MITL2/PROJETRESEAUXS4/ANSIBLE-MIT/projet_ansible/playbooks/nginx-https.conf.j2 on the Ansible Controller.
If you are using a module and expect the file to exist on the remote, see the remote_src option

Task failed.
Origin: /home/manda/Documents/MITL2/PROJETRESEAUXS4/ANSIBLE-MIT/projet_ansible/roles/mit-tls/tasks/main.yml:98:3

96     mode: '0644'
97
98 - name: "🔒 TLS - Configuration site HTTPS Nginx"
     ^ column 3

<<< caused by >>>

Could not find or access 'nginx-https.conf.j2'
Searched in:
	/home/manda/Documents/MITL2/PROJETRESEAUXS4/ANSIBLE-MIT/projet_ansible/roles/mit-tls/templates/nginx-https.conf.j2
	/home/manda/Documents/MITL2/PROJETRESEAUXS4/ANSIBLE-MIT/projet_ansible/roles/mit-tls/nginx-https.conf.j2
	/home/manda/Documents/MITL2/PROJETRESEAUXS4/ANSIBLE-MIT/projet_ansible/roles/mit-tls/tasks/templates/nginx-https.conf.j2
	/home/manda/Documents/MITL2/PROJETRESEAUXS4/ANSIBLE-MIT/projet_ansible/roles/mit-tls/tasks/nginx-https.conf.j2
	/home/manda/Documents/MITL2/PROJETRESEAUXS4/ANSIBLE-MIT/projet_ansible/playbooks/templates/nginx-https.conf.j2
	/home/manda/Documents/MITL2/PROJETRESEAUXS4/ANSIBLE-MIT/projet_ansible/playbooks/nginx-https.conf.j2 on the Ansible Controller.
If you are using a module and expect the file to exist on the remote, see the remote_src option


2025-12-20 14:44:58,559 p=190168 u=manda n=ansible INFO| fatal: [pc2]: FAILED! => {
    "changed": false,
    "msg": "Could not find or access 'nginx-https.conf.j2'\nSearched in:\n\t/home/manda/Documents/MITL2/PROJETRESEAUXS4/ANSIBLE-MIT/projet_ansible/roles/mit-tls/templates/nginx-https.conf.j2\n\t/home/manda/Documents/MITL2/PROJETRESEAUXS4/ANSIBLE-MIT/projet_ansible/roles/mit-tls/nginx-https.conf.j2\n\t/home/manda/Documents/MITL2/PROJETRESEAUXS4/ANSIBLE-MIT/projet_ansible/roles/mit-tls/tasks/templates/nginx-https.conf.j2\n\t/home/manda/Documents/MITL2/PROJETRESEAUXS4/ANSIBLE-MIT/projet_ansible/roles/mit-tls/tasks/nginx-https.conf.j2\n\t/home/manda/Documents/MITL2/PROJETRESEAUXS4/ANSIBLE-MIT/projet_ansible/playbooks/templates/nginx-https.conf.j2\n\t/home/manda/Documents/MITL2/PROJETRESEAUXS4/ANSIBLE-MIT/projet_ansible/playbooks/nginx-https.conf.j2 on the Ansible Controller.\nIf you are using a module and expect the file to exist on the remote, see the remote_src option"
}
2025-12-20 14:44:58,561 p=190168 u=manda n=ansible INFO| PLAY RECAP *********************************************************************
2025-12-20 14:44:58,561 p=190168 u=manda n=ansible INFO| pc2                        : ok=6    changed=5    unreachable=0    failed=1    skipped=3    rescued=0    ignored=0   
2025-12-20 14:46:37,504 p=196631 u=manda n=ansible INFO| PLAY [🔒 Configuration TLS/HTTPS] **********************************************
2025-12-20 14:46:37,519 p=196631 u=manda n=ansible INFO| TASK [Gathering Facts] *********************************************************
2025-12-20 14:46:40,358 p=196631 u=manda n=ansible WARNING| [WARNING]: Host 'pc2' is using the discovered Python interpreter at '/usr/local/bin/python3.13', but future installation of another Python interpreter could cause a different interpreter to be discovered. See https://docs.ansible.com/ansible-core/2.19/reference_appendices/interpreter_discovery.html for more information.

2025-12-20 14:46:40,358 p=196631 u=manda n=ansible INFO| ok: [pc2]
2025-12-20 14:46:40,370 p=196631 u=manda n=ansible INFO| TASK [mit-tls : 🔒 TLS - Installation des prérequis] ***************************
2025-12-20 14:46:47,830 p=196631 u=manda n=ansible INFO| ok: [pc2]
2025-12-20 14:46:47,844 p=196631 u=manda n=ansible INFO| TASK [mit-tls : 🔒 TLS - Créer répertoires SSL] ********************************
2025-12-20 14:46:49,033 p=196631 u=manda n=ansible INFO| ok: [pc2] => (item=/etc/nginx/ssl)
2025-12-20 14:46:49,872 p=196631 u=manda n=ansible INFO| ok: [pc2] => (item=/var/www/certbot)
2025-12-20 14:46:49,888 p=196631 u=manda n=ansible INFO| TASK [mit-tls : 🔒 TLS - Arrêter Nginx temporairement pour Certbot] ************
2025-12-20 14:46:49,921 p=196631 u=manda n=ansible INFO| skipping: [pc2]
2025-12-20 14:46:49,929 p=196631 u=manda n=ansible INFO| TASK [mit-tls : 🔒 TLS - Générer certificat Let's Encrypt] *********************
2025-12-20 14:46:49,958 p=196631 u=manda n=ansible INFO| skipping: [pc2]
2025-12-20 14:46:49,968 p=196631 u=manda n=ansible INFO| TASK [mit-tls : 🔒 TLS - Générer certificat auto-signé (développement)] ********
2025-12-20 14:46:50,851 p=196631 u=manda n=ansible INFO| ok: [pc2]
2025-12-20 14:46:50,877 p=196631 u=manda n=ansible INFO| TASK [mit-tls : 🔒 TLS - Copier certificats Let's Encrypt vers Nginx] **********
2025-12-20 14:46:50,979 p=196631 u=manda n=ansible INFO| skipping: [pc2] => (item={'src': '/etc/letsencrypt/live/pc2.local/fullchain.pem', 'dest': '/etc/nginx/ssl/pc2.local.crt'}) 
2025-12-20 14:46:50,991 p=196631 u=manda n=ansible INFO| skipping: [pc2] => (item={'src': '/etc/letsencrypt/live/pc2.local/privkey.pem', 'dest': '/etc/nginx/ssl/pc2.local.key'}) 
2025-12-20 14:46:50,994 p=196631 u=manda n=ansible INFO| skipping: [pc2]
2025-12-20 14:46:51,006 p=196631 u=manda n=ansible INFO| TASK [mit-tls : 🔒 TLS - Générer paramètres Diffie-Hellman] ********************
2025-12-20 14:46:51,676 p=196631 u=manda n=ansible INFO| ok: [pc2]
2025-12-20 14:46:51,711 p=196631 u=manda n=ansible INFO| TASK [mit-tls : 🔒 TLS - Configuration SSL Nginx (snippet)] ********************
2025-12-20 14:46:53,760 p=196631 u=manda n=ansible INFO| ok: [pc2]
2025-12-20 14:46:53,790 p=196631 u=manda n=ansible INFO| TASK [mit-tls : 🔒 TLS - Configuration site HTTPS Nginx] ***********************
2025-12-20 14:46:55,625 p=196631 u=manda n=ansible INFO| changed: [pc2]
2025-12-20 14:46:55,652 p=196631 u=manda n=ansible INFO| TASK [mit-tls : 🔒 TLS - Activer site HTTPS] ***********************************
2025-12-20 14:46:56,413 p=196631 u=manda n=ansible INFO| changed: [pc2]
2025-12-20 14:46:56,440 p=196631 u=manda n=ansible INFO| TASK [mit-tls : 🔒 TLS - Supprimer configuration par défaut] *******************
2025-12-20 14:46:57,193 p=196631 u=manda n=ansible INFO| changed: [pc2]
2025-12-20 14:46:57,203 p=196631 u=manda n=ansible INFO| TASK [mit-tls : 🔒 TLS - Vérifier configuration Nginx] *************************
2025-12-20 14:46:57,917 p=196631 u=manda n=ansible INFO| ok: [pc2]
2025-12-20 14:46:57,941 p=196631 u=manda n=ansible INFO| TASK [mit-tls : 🔒 TLS - Créer page d'accueil] *********************************
2025-12-20 14:46:59,662 p=196631 u=manda n=ansible INFO| changed: [pc2]
2025-12-20 14:46:59,675 p=196631 u=manda n=ansible INFO| TASK [mit-tls : 🔒 TLS - Configurer renouvellement automatique] ****************
2025-12-20 14:46:59,717 p=196631 u=manda n=ansible INFO| skipping: [pc2]
2025-12-20 14:46:59,729 p=196631 u=manda n=ansible INFO| TASK [mit-tls : 🔒 TLS - Ouvrir ports HTTP/HTTPS dans firewall] ****************
2025-12-20 14:47:01,098 p=196631 u=manda n=ansible INFO| ok: [pc2] => (item=80)
2025-12-20 14:47:02,310 p=196631 u=manda n=ansible INFO| ok: [pc2] => (item=443)
2025-12-20 14:47:02,321 p=196631 u=manda n=ansible INFO| TASK [mit-tls : 🔒 TLS - Démarrer et activer Nginx] ****************************
2025-12-20 14:47:06,355 p=196631 u=manda n=ansible ERROR| [ERROR]: Task failed: Module failed: Unable to start service nginx: Job for nginx.service failed because the control process exited with error code.
See "systemctl status nginx.service" and "journalctl -xeu nginx.service" for details.

Origin: /home/manda/Documents/MITL2/PROJETRESEAUXS4/ANSIBLE-MIT/projet_ansible/roles/mit-tls/tasks/main.yml:240:3

238   when: ansible_facts['os_family'] == "Debian"
239
240 - name: "🔒 TLS - Démarrer et activer Nginx"
      ^ column 3


2025-12-20 14:47:06,356 p=196631 u=manda n=ansible INFO| fatal: [pc2]: FAILED! => {"changed": false, "msg": "Unable to start service nginx: Job for nginx.service failed because the control process exited with error code.\nSee \"systemctl status nginx.service\" and \"journalctl -xeu nginx.service\" for details.\n"}
2025-12-20 14:47:06,357 p=196631 u=manda n=ansible INFO| PLAY RECAP *********************************************************************
2025-12-20 14:47:06,358 p=196631 u=manda n=ansible INFO| pc2                        : ok=12   changed=4    unreachable=0    failed=1    skipped=4    rescued=0    ignored=0   
2025-12-20 14:47:49,180 p=199787 u=manda n=ansible WARNING| [WARNING]: Host 'pc2' is using the discovered Python interpreter at '/usr/local/bin/python3.13', but future installation of another Python interpreter could cause a different interpreter to be discovered. See https://docs.ansible.com/ansible-core/2.19/reference_appendices/interpreter_discovery.html for more information.

2025-12-20 14:47:49,182 p=199787 u=manda n=ansible ERROR| [ERROR]: Task failed: Action failed: Module result deserialization failed: No start of json char found

Task failed: Action failed.
Origin: <adhoc 'shell' task>

{'action': 'shell', 'args': {'_raw_params': 'systemctl stop apache2 nginx || true'}, 'timeout': 0, 'async_val': 0, [...]

<<< caused by >>>

Module result deserialization failed: No start of json char found See stdout/stderr for the returned output.


2025-12-20 14:47:49,184 p=199787 u=manda n=ansible INFO| pc2 | FAILED! => {
    "ansible_facts": {
        "discovered_interpreter_python": "/usr/local/bin/python3.13"
    },
    "changed": false,
    "module_stderr": "sudo: il est nécessaire de saisir un mot de passe\n",
    "module_stdout": "",
    "msg": "Module result deserialization failed: No start of json char found",
    "rc": 1
}
2025-12-20 14:48:08,987 p=200527 u=root n=ansible ERROR| [ERROR]: Task failed: Failed to connect to the host via ssh: nax@192.168.1.29: Permission denied (publickey,password).

Task failed.
Origin: <adhoc 'shell' task>

{'action': 'shell', 'args': {'_raw_params': 'systemctl stop apache2 nginx || true'}, 'timeout': 0, 'async_val': 0, [...]

<<< caused by >>>

Failed to connect to the host via ssh: nax@192.168.1.29: Permission denied (publickey,password).


2025-12-20 14:48:08,988 p=200527 u=root n=ansible INFO| pc2 | UNREACHABLE! => {
    "changed": false,
    "msg": "Task failed: Failed to connect to the host via ssh: nax@192.168.1.29: Permission denied (publickey,password).",
    "unreachable": true
}
2025-12-20 15:51:11,901 p=351422 u=manda n=ansible ERROR| [ERROR]: the playbook: roles/mit-ssh does not appear to be a file

2025-12-20 15:51:39,587 p=352494 u=manda n=ansible ERROR| [ERROR]: 'handlers' is not a valid attribute for a Block
Origin: /home/manda/Documents/MITL2/PROJETRESEAUXS4/ANSIBLE-MIT/projet_ansible/roles/mit-ssh/tasks/main.yml:39:3

37         timeout: 30
38
39   handlers:
     ^ column 3


2025-12-20 15:52:01,696 p=353328 u=manda n=ansible ERROR| [ERROR]: YAML parsing failed: Colons in unquoted values must be followed by a non-space character.
Origin: /home/manda/Documents/MITL2/PROJETRESEAUXS4/ANSIBLE-MIT/projet_ansible/roles/mit-ssh/tasks/main.yml:40:9

38         timeout: 30
39
40 handlers:
           ^ column 9


For example:

    raw: echo 'name: ansible'

Should be:

    raw: "echo 'name: ansible'"


2025-12-20 15:52:27,420 p=354328 u=manda n=ansible ERROR| [ERROR]: YAML parsing failed: Colons in unquoted values must be followed by a non-space character.
Origin: /home/manda/Documents/MITL2/PROJETRESEAUXS4/ANSIBLE-MIT/projet_ansible/roles/mit-ssh/tasks/main.yml:40:9

38         timeout: 30
39
40 handlers:
           ^ column 9


For example:

    raw: echo 'name: ansible'

Should be:

    raw: "echo 'name: ansible'"


2025-12-20 15:52:28,484 p=354373 u=manda n=ansible ERROR| [ERROR]: YAML parsing failed: Colons in unquoted values must be followed by a non-space character.
Origin: /home/manda/Documents/MITL2/PROJETRESEAUXS4/ANSIBLE-MIT/projet_ansible/roles/mit-ssh/tasks/main.yml:40:9

38         timeout: 30
39
40 handlers:
           ^ column 9


For example:

    raw: echo 'name: ansible'

Should be:

    raw: "echo 'name: ansible'"


2025-12-20 15:53:55,968 p=357937 u=manda n=ansible ERROR| [ERROR]: unexpected parameter type in action: <class 'ansible.module_utils._internal._datatag._AnsibleTaggedList'>
Origin: /home/manda/Documents/MITL2/PROJETRESEAUXS4/ANSIBLE-MIT/projet_ansible/roles/mit-ssh/tasks/main.yml:2:3

1 ---
2 - name: 🔐 Configurer SSH + sudo NOPASSWD
    ^ column 3


2025-12-20 15:55:10,393 p=360910 u=manda n=ansible ERROR| [ERROR]: The tasks/main.yml file for role 'mit-ssh' must contain a list of tasks: {'tasks': [{'name': 'Mettre à jour apt', 'apt': {'update_cache': True}}, {'name': 'Installer OpenSSH server', 'apt': {'name': 'openssh-server', 'state': 'present'}}, {'name': 'Démarrer SSH', 'systemd': {'name': 'ssh', 'state': 'started', 'enabled': True}}, {'name': 'Configurer sudo NOPASSWD pour nax', 'lineinfile': {'path': '/etc/sudoers', 'regexp': '^nax\\s+ALL=', 'line': 'nax ALL=(ALL) NOPASSWD:ALL', 'validate': 'visudo -cf %s'}, 'notify': 'restart ssh'}, {'name': 'Autoriser SSH password auth', 'lineinfile': {'path': '/etc/ssh/sshd_config', 'regexp': '^PasswordAuthentication', 'line': 'PasswordAuthentication yes'}, 'notify': 'restart ssh'}, {'name': 'Vérifier connexion SSH', 'wait_for': {'port': 22, 'host': '{{ ansible_host }}', 'timeout': 30}}], 'handlers': [{'name': 'restart ssh', 'systemd': {'name': 'ssh', 'state': 'restarted'}}]} should be a list or None but is <class 'ansible.module_utils._internal._datatag._AnsibleTaggedDict'>
Origin: /home/manda/Documents/MITL2/PROJETRESEAUXS4/ANSIBLE-MIT/projet_ansible/roles/mit-ssh/tasks/main.yml:3:3

1 ---
2 #- name: 🔐 Configurer SSH + sudo NOPASSWD
3   tasks:
    ^ column 3


2025-12-20 15:57:19,629 p=366020 u=manda n=ansible ERROR| [ERROR]: YAML parsing failed: Colons in unquoted values must be followed by a non-space character.
Origin: /home/manda/Documents/MITL2/PROJETRESEAUXS4/ANSIBLE-MIT/projet_ansible/roles/mit-ssh/tasks/main.yml:38:9

36     timeout: 30
37
38 handlers:
           ^ column 9


For example:

    raw: echo 'name: ansible'

Should be:

    raw: "echo 'name: ansible'"


2025-12-20 15:58:50,733 p=369623 u=manda n=ansible ERROR| [ERROR]: YAML parsing failed: Colons in unquoted values must be followed by a non-space character.
Origin: /home/manda/Documents/MITL2/PROJETRESEAUXS4/ANSIBLE-MIT/projet_ansible/roles/mit-ssh/tasks/main.yml:38:9

36     timeout: 30
37
38 handlers:
           ^ column 9


For example:

    raw: echo 'name: ansible'

Should be:

    raw: "echo 'name: ansible'"


2025-12-20 16:01:29,671 p=376111 u=manda n=ansible ERROR| [ERROR]: YAML parsing failed: Colons in unquoted values must be followed by a non-space character.
Origin: /home/manda/Documents/MITL2/PROJETRESEAUXS4/ANSIBLE-MIT/projet_ansible/roles/mit-ssh/tasks/main.yml:37:9

35     host: "{{ ansible_host }}"
36     timeout: 30
37 handlers:
           ^ column 9


For example:

    raw: echo 'name: ansible'

Should be:

    raw: "echo 'name: ansible'"


2025-12-20 16:02:39,378 p=378868 u=manda n=ansible ERROR| [ERROR]: YAML parsing failed: Colons in unquoted values must be followed by a non-space character.
Origin: /home/manda/Documents/MITL2/PROJETRESEAUXS4/ANSIBLE-MIT/projet_ansible/roles/mit-ssh/tasks/main.yml:38:9

36     timeout: 30
37
38 handlers:
           ^ column 9


For example:

    raw: echo 'name: ansible'

Should be:

    raw: "echo 'name: ansible'"


2025-12-20 16:02:40,468 p=378903 u=manda n=ansible ERROR| [ERROR]: YAML parsing failed: Colons in unquoted values must be followed by a non-space character.
Origin: /home/manda/Documents/MITL2/PROJETRESEAUXS4/ANSIBLE-MIT/projet_ansible/roles/mit-ssh/tasks/main.yml:38:9

36     timeout: 30
37
38 handlers:
           ^ column 9


For example:

    raw: echo 'name: ansible'

Should be:

    raw: "echo 'name: ansible'"


2025-12-20 16:03:48,320 p=381601 u=manda n=ansible ERROR| [ERROR]: YAML parsing failed: Colons in unquoted values must be followed by a non-space character.
Origin: /home/manda/Documents/MITL2/PROJETRESEAUXS4/ANSIBLE-MIT/projet_ansible/roles/mit-ssh/tasks/main.yml:38:9

36     timeout: 30
37
38 handlers:
           ^ column 9


For example:

    raw: echo 'name: ansible'

Should be:

    raw: "echo 'name: ansible'"


2025-12-20 16:03:49,455 p=381673 u=manda n=ansible ERROR| [ERROR]: YAML parsing failed: Colons in unquoted values must be followed by a non-space character.
Origin: /home/manda/Documents/MITL2/PROJETRESEAUXS4/ANSIBLE-MIT/projet_ansible/roles/mit-ssh/tasks/main.yml:38:9

36     timeout: 30
37
38 handlers:
           ^ column 9


For example:

    raw: echo 'name: ansible'

Should be:

    raw: "echo 'name: ansible'"


2025-12-20 16:04:20,700 p=382921 u=manda n=ansible ERROR| [ERROR]: YAML parsing failed: Colons in unquoted values must be followed by a non-space character.
Origin: /home/manda/Documents/MITL2/PROJETRESEAUXS4/ANSIBLE-MIT/projet_ansible/roles/mit-ssh/tasks/main.yml:38:9

36     timeout: 30
37
38 handlers:
           ^ column 9


For example:

    raw: echo 'name: ansible'

Should be:

    raw: "echo 'name: ansible'"


2025-12-20 16:04:55,514 p=384294 u=manda n=ansible ERROR| [ERROR]: YAML parsing failed: Colons in unquoted values must be followed by a non-space character.
Origin: /home/manda/Documents/MITL2/PROJETRESEAUXS4/ANSIBLE-MIT/projet_ansible/roles/mit-ssh/tasks/main.yml:38:9

36     timeout: 30
37
38 handlers:
           ^ column 9


For example:

    raw: echo 'name: ansible'

Should be:

    raw: "echo 'name: ansible'"


2025-12-20 16:05:28,776 p=385588 u=manda n=ansible ERROR| [ERROR]: YAML parsing failed: Colons in unquoted values must be followed by a non-space character.
Origin: /home/manda/Documents/MITL2/PROJETRESEAUXS4/ANSIBLE-MIT/projet_ansible/roles/mit-ssh/tasks/main.yml:38:9

36     timeout: 30
37
38 handlers:
           ^ column 9


For example:

    raw: echo 'name: ansible'

Should be:

    raw: "echo 'name: ansible'"


2025-12-20 16:05:29,825 p=385650 u=manda n=ansible ERROR| [ERROR]: YAML parsing failed: Colons in unquoted values must be followed by a non-space character.
Origin: /home/manda/Documents/MITL2/PROJETRESEAUXS4/ANSIBLE-MIT/projet_ansible/roles/mit-ssh/tasks/main.yml:38:9

36     timeout: 30
37
38 handlers:
           ^ column 9


For example:

    raw: echo 'name: ansible'

Should be:

    raw: "echo 'name: ansible'"


2025-12-20 16:06:10,580 p=387241 u=manda n=ansible ERROR| [ERROR]: YAML parsing failed: While parsing a quoted scalar found unknown escape character.
Origin: /home/manda/Documents/MITL2/PROJETRESEAUXS4/ANSIBLE-MIT/projet_ansible/roles/mit-ssh/tasks/main.yml:20:18

18   lineinfile:
19     path: /etc/sudoers
20     regexp: "^nax\s+ALL="
                    ^ column 18


2025-12-20 16:06:11,609 p=387254 u=manda n=ansible ERROR| [ERROR]: YAML parsing failed: While parsing a quoted scalar found unknown escape character.
Origin: /home/manda/Documents/MITL2/PROJETRESEAUXS4/ANSIBLE-MIT/projet_ansible/roles/mit-ssh/tasks/main.yml:20:18

18   lineinfile:
19     path: /etc/sudoers
20     regexp: "^nax\s+ALL="
                    ^ column 18


2025-12-20 16:06:37,969 p=387650 u=manda n=ansible ERROR| [ERROR]: YAML parsing failed: Colons in unquoted values must be followed by a non-space character.
Origin: /home/manda/Documents/MITL2/PROJETRESEAUXS4/ANSIBLE-MIT/projet_ansible/roles/mit-ssh/tasks/main.yml:38:9

36     timeout: 30
37
38 handlers:
           ^ column 9


For example:

    raw: echo 'name: ansible'

Should be:

    raw: "echo 'name: ansible'"


2025-12-20 16:06:38,993 p=387653 u=manda n=ansible ERROR| [ERROR]: YAML parsing failed: Colons in unquoted values must be followed by a non-space character.
Origin: /home/manda/Documents/MITL2/PROJETRESEAUXS4/ANSIBLE-MIT/projet_ansible/roles/mit-ssh/tasks/main.yml:38:9

36     timeout: 30
37
38 handlers:
           ^ column 9


For example:

    raw: echo 'name: ansible'

Should be:

    raw: "echo 'name: ansible'"


2025-12-20 16:07:05,009 p=387752 u=manda n=ansible INFO| playbook: test_ssh.yml
2025-12-20 16:07:06,065 p=387755 u=manda n=ansible INFO| PLAY [Test role mit-ssh] ******************************************************************
2025-12-20 16:07:06,079 p=387755 u=manda n=ansible INFO| TASK [Gathering Facts] ********************************************************************
2025-12-20 16:07:07,473 p=387755 u=manda n=ansible WARNING| [WARNING]: Host 'pc2' is using the discovered Python interpreter at '/usr/local/bin/python3.13', but future installation of another Python interpreter could cause a different interpreter to be discovered. See https://docs.ansible.com/ansible-core/2.19/reference_appendices/interpreter_discovery.html for more information.

2025-12-20 16:07:07,474 p=387755 u=manda n=ansible ERROR| [ERROR]: Task failed: Action failed: The following modules failed to execute: ansible.legacy.setup.

Task failed: Action failed.

<<< caused by >>>

The following modules failed to execute: ansible.legacy.setup.

+--[ Sub-Event 1 of 1 ]---
| 
| Module result deserialization failed: No start of json char found See stdout/stderr for the returned output.
| 
+--[ End Sub-Event ]---


2025-12-20 16:07:07,478 p=387755 u=manda n=ansible INFO| fatal: [pc2]: FAILED! => {"ansible_facts": {}, "changed": false, "failed_modules": {"ansible.legacy.setup": {"ansible_facts": {"discovered_interpreter_python": "/usr/local/bin/python3.13"}, "exception": "(traceback unavailable)", "failed": true, "module_stderr": "sudo: il est nécessaire de saisir un mot de passe\n", "module_stdout": "", "msg": "Module result deserialization failed: No start of json char found", "rc": 1}}, "msg": "The following modules failed to execute: ansible.legacy.setup."}
2025-12-20 16:07:07,480 p=387755 u=manda n=ansible INFO| PLAY RECAP ********************************************************************************
2025-12-20 16:07:07,481 p=387755 u=manda n=ansible INFO| pc2                        : ok=0    changed=0    unreachable=0    failed=1    skipped=0    rescued=0    ignored=0   
2025-12-20 16:07:27,398 p=387787 u=manda n=ansible INFO| PLAY [Test role mit-ssh] ******************************************************************
2025-12-20 16:07:27,412 p=387787 u=manda n=ansible INFO| TASK [Gathering Facts] ********************************************************************
2025-12-20 16:07:30,338 p=387787 u=manda n=ansible WARNING| [WARNING]: Host 'pc2' is using the discovered Python interpreter at '/usr/local/bin/python3.13', but future installation of another Python interpreter could cause a different interpreter to be discovered. See https://docs.ansible.com/ansible-core/2.19/reference_appendices/interpreter_discovery.html for more information.

2025-12-20 16:07:30,339 p=387787 u=manda n=ansible ERROR| [ERROR]: Task failed: Incorrect sudo password

2025-12-20 16:07:30,341 p=387787 u=manda n=ansible INFO| fatal: [pc2]: FAILED! => {"changed": false, "msg": "Task failed: Incorrect sudo password"}
2025-12-20 16:07:30,343 p=387787 u=manda n=ansible INFO| PLAY RECAP ********************************************************************************
2025-12-20 16:07:30,344 p=387787 u=manda n=ansible INFO| pc2                        : ok=0    changed=0    unreachable=0    failed=1    skipped=0    rescued=0    ignored=0   
2025-12-20 16:07:43,975 p=387803 u=manda n=ansible INFO| PLAY [Test role mit-ssh] ******************************************************************
2025-12-20 16:07:43,989 p=387803 u=manda n=ansible INFO| TASK [Gathering Facts] ********************************************************************
2025-12-20 16:07:46,683 p=387803 u=manda n=ansible WARNING| [WARNING]: Host 'pc2' is using the discovered Python interpreter at '/usr/local/bin/python3.13', but future installation of another Python interpreter could cause a different interpreter to be discovered. See https://docs.ansible.com/ansible-core/2.19/reference_appendices/interpreter_discovery.html for more information.

2025-12-20 16:07:46,684 p=387803 u=manda n=ansible INFO| ok: [pc2]
2025-12-20 16:07:46,713 p=387803 u=manda n=ansible INFO| TASK [mit-ssh : Mettre à jour apt] ********************************************************
2025-12-20 16:07:52,232 p=387803 u=manda n=ansible INFO| changed: [pc2]
2025-12-20 16:07:52,254 p=387803 u=manda n=ansible INFO| TASK [mit-ssh : Installer OpenSSH server] *************************************************
2025-12-20 16:07:54,779 p=387803 u=manda n=ansible INFO| ok: [pc2]
2025-12-20 16:07:54,805 p=387803 u=manda n=ansible INFO| TASK [mit-ssh : Démarrer SSH] *************************************************************
2025-12-20 16:07:56,244 p=387803 u=manda n=ansible INFO| ok: [pc2]
2025-12-20 16:07:56,275 p=387803 u=manda n=ansible INFO| TASK [mit-ssh : Configurer sudo NOPASSWD pour nax] ****************************************
2025-12-20 16:07:57,475 p=387803 u=manda n=ansible INFO| changed: [pc2]
2025-12-20 16:07:57,498 p=387803 u=manda n=ansible INFO| TASK [mit-ssh : Autoriser SSH password auth] **********************************************
2025-12-20 16:07:58,082 p=387803 u=manda n=ansible INFO| changed: [pc2]
2025-12-20 16:07:58,121 p=387803 u=manda n=ansible INFO| TASK [mit-ssh : Vérifier connexion SSH] ***************************************************
2025-12-20 16:07:58,887 p=387803 u=manda n=ansible INFO| ok: [pc2]
2025-12-20 16:07:58,915 p=387803 u=manda n=ansible INFO| PLAY RECAP ********************************************************************************
2025-12-20 16:07:58,915 p=387803 u=manda n=ansible INFO| pc2                        : ok=7    changed=3    unreachable=0    failed=0    skipped=0    rescued=0    ignored=0   
2025-12-20 17:52:18,702 p=396274 u=manda n=ansible WARNING| [WARNING]: Could not match supplied host pattern, ignoring: pc2

2025-12-20 17:52:18,704 p=396274 u=manda n=ansible INFO| PLAY [Test role mit-ssh] ******************************************************************
2025-12-20 17:52:18,704 p=396274 u=manda n=ansible INFO| skipping: no hosts matched
2025-12-20 17:52:18,704 p=396274 u=manda n=ansible INFO| PLAY RECAP ********************************************************************************
2025-12-20 17:52:37,295 p=396288 u=manda n=ansible INFO| PLAY [🚀 Déploiement complet infrastructure MIT] ******************************************
2025-12-20 17:52:37,313 p=396288 u=manda n=ansible INFO| TASK [Gathering Facts] ********************************************************************
2025-12-20 17:55:04,375 p=396385 u=manda n=ansible INFO| PLAY [Test role mit-ssh] ******************************************************************
2025-12-20 17:55:04,391 p=396385 u=manda n=ansible INFO| TASK [Gathering Facts] ********************************************************************
2025-12-20 17:55:07,057 p=396385 u=manda n=ansible WARNING| [WARNING]: Host '192.168.1.38' is using the discovered Python interpreter at '/usr/bin/python3.13', but future installation of another Python interpreter could cause a different interpreter to be discovered. See https://docs.ansible.com/ansible-core/2.19/reference_appendices/interpreter_discovery.html for more information.

2025-12-20 17:55:07,057 p=396385 u=manda n=ansible INFO| ok: [192.168.1.38]
2025-12-20 17:55:07,070 p=396385 u=manda n=ansible INFO| TASK [mit-ssh : Mettre à jour apt] ********************************************************
2025-12-20 17:55:08,562 p=396385 u=manda n=ansible WARNING| [WARNING]: Updating cache and auto-installing missing dependency: python3-apt

2025-12-20 17:55:08,563 p=396385 u=manda n=ansible ERROR| [ERROR]: Task failed: Module failed: Error executing command: [Errno 2] No such file or directory: b'update'
Origin: /home/manda/Documents/MITL2/PROJETRESEAUXS4/ANSIBLE-MIT/projet_ansible/roles/mit-ssh/tasks/main.yml:2:3

1 ---
2 - name: Mettre à jour apt
    ^ column 3


2025-12-20 17:55:08,566 p=396385 u=manda n=ansible INFO| fatal: [192.168.1.38]: FAILED! => {"changed": false, "cmd": "update", "msg": "Error executing command.", "rc": 2, "stderr": "", "stderr_lines": [], "stdout": "", "stdout_lines": []}
2025-12-20 17:55:08,569 p=396385 u=manda n=ansible INFO| PLAY RECAP ********************************************************************************
2025-12-20 17:55:08,570 p=396385 u=manda n=ansible INFO| 192.168.1.38               : ok=1    changed=0    unreachable=0    failed=1    skipped=0    rescued=0    ignored=0   
2025-12-20 17:58:01,628 p=396534 u=manda n=ansible INFO| PLAY [Test role mit-ssh] ******************************************************************
2025-12-20 17:58:01,643 p=396534 u=manda n=ansible INFO| TASK [Gathering Facts] ********************************************************************
2025-12-20 17:58:04,306 p=396534 u=manda n=ansible WARNING| [WARNING]: Host '192.168.1.38' is using the discovered Python interpreter at '/usr/bin/python3.13', but future installation of another Python interpreter could cause a different interpreter to be discovered. See https://docs.ansible.com/ansible-core/2.19/reference_appendices/interpreter_discovery.html for more information.

2025-12-20 17:58:04,308 p=396534 u=manda n=ansible INFO| ok: [192.168.1.38]
2025-12-20 17:58:04,323 p=396534 u=manda n=ansible INFO| TASK [mit-ssh : Mettre à jour apt] ********************************************************
2025-12-20 17:58:04,378 p=396534 u=manda n=ansible INFO| skipping: [192.168.1.38]
2025-12-20 17:58:04,393 p=396534 u=manda n=ansible INFO| TASK [mit-ssh : Installer OpenSSH Server] *************************************************
2025-12-20 17:58:05,474 p=396534 u=manda n=ansible WARNING| [WARNING]: Updating cache and auto-installing missing dependency: python3-apt

2025-12-20 17:58:05,475 p=396534 u=manda n=ansible ERROR| [ERROR]: Task failed: Module failed: Error executing command: [Errno 2] No such file or directory: b'update'
Origin: /home/manda/Documents/MITL2/PROJETRESEAUXS4/ANSIBLE-MIT/projet_ansible/roles/mit-ssh/tasks/main.yml:8:3

6   when: ansible_os_family == "Debian"
7
8 - name: Installer OpenSSH Server
    ^ column 3


2025-12-20 17:58:05,478 p=396534 u=manda n=ansible INFO| fatal: [192.168.1.38]: FAILED! => {"changed": false, "cmd": "update", "msg": "Error executing command.", "rc": 2, "stderr": "", "stderr_lines": [], "stdout": "", "stdout_lines": []}
2025-12-20 17:58:05,482 p=396534 u=manda n=ansible INFO| PLAY RECAP ********************************************************************************
2025-12-20 17:58:05,483 p=396534 u=manda n=ansible INFO| 192.168.1.38               : ok=1    changed=0    unreachable=0    failed=1    skipped=1    rescued=0    ignored=0   
